match_id,competition,season,home_team,away_team,home_score,away_score,period,minute,second,is_shootout,taker_id,taker_name,taker_team,keeper_id,keeper_name,keeper_source,shot_outcome,shot_body_part,shot_technique,shot_xg,start_x,start_y,end_x,end_y,end_z,is_goal,year,zone,outcome_category,is_left_foot,is_right_foot,taker_score_at_penalty,opponent_score_at_penalty,score_diff_at_penalty,game_state,shootout_pressure,shootout_kick_num
3895302,1. Bundesliga,2023/2024,Bayer Leverkusen,Werder Bremen,5,0,1,24,27,False,32289.0,Victor Okoh Boniface,Bayer Leverkusen,23198,Michael Zetterer,lineup,Goal,Right Foot,Normal,0.7835,108.0,40.0,120.0,42.9,1.0,True,2023,BR,GOAL,False,True,0.0,0.0,0.0,LEVEL,,
3895292,1. Bundesliga,2023/2024,Union Berlin,Bayer Leverkusen,0,1,1,52,15,False,40724.0,Florian Wirtz,Bayer Leverkusen,12420,Frederik Rønnow,lineup,Goal,Right Foot,Normal,0.7835,108.0,40.0,120.0,37.5,1.6,True,2023,TL,GOAL,False,True,0.0,0.0,0.0,LEVEL,,
3895333,1. Bundesliga,2023/2024,Eintracht Frankfurt,Bayer Leverkusen,1,5,2,57,1,False,28268.0,Exequiel Alejandro Palacios,Bayer Leverkusen,4440,Kevin Trapp,lineup,Goal,Right Foot,Normal,0.7835,108.2,40.1,120.0,43.5,0.2,True,2023,BR,GOAL,False,True,2.0,1.0,1.0,LEADING,,
3895333,1. Bundesliga,2023/2024,Eintracht Frankfurt,Bayer Leverkusen,1,5,2,88,24,False,32289.0,Victor Okoh Boniface,Bayer Leverkusen,4440,Kevin Trapp,lineup,Goal,Right Foot,Normal,0.7835,108.1,40.1,120.0,40.2,2.3,True,2023,TC,GOAL,False,True,4.0,1.0,3.0,LEADING,,
3895340,1. Bundesliga,2023/2024,Bochum,Bayer Leverkusen,0,5,1,46,18,False,32289.0,Victor Okoh Boniface,Bayer Leverkusen,9095,Manuel Riemann,lineup,Goal,Right Foot,Normal,0.7835,108.0,40.0,120.0,39.6,0.4,True,2023,BC,GOAL,False,True,1.0,0.0,1.0,LEADING,,
3895074,1. Bundesliga,2023/2024,Bayern Munich,Bayer Leverkusen,2,2,2,93,46,False,28268.0,Exequiel Alejandro Palacios,Bayer Leverkusen,8208,Sven Ulreich,lineup,Goal,Right Foot,Normal,0.7835,108.1,40.1,120.0,36.9,1.4,True,2023,TL,GOAL,False,True,1.0,2.0,-1.0,TRAILING,,
3895086,1. Bundesliga,2023/2024,Bayer Leverkusen,FC Heidenheim,4,1,2,73,58,False,32289.0,Victor Okoh Boniface,Bayer Leverkusen,9205,Kevin Müller,lineup,Goal,Right Foot,Normal,0.7835,108.1,40.1,120.0,40.7,0.8,True,2023,BC,GOAL,False,True,2.0,1.0,1.0,LEADING,,
3895182,1. Bundesliga,2023/2024,Bayer Leverkusen,Bochum,4,0,1,29,33,False,7044.0,Patrik Schick,Bayer Leverkusen,9095,Manuel Riemann,lineup,Goal,Left Foot,Normal,0.7835,108.0,40.0,120.0,37.2,0.2,True,2023,BL,GOAL,True,False,0.0,0.0,0.0,LEVEL,,
3890401,1. Bundesliga,2015/2016,Borussia Dortmund,Eintracht Frankfurt,4,1,1,44,39,False,3712.0,Pierre-Emerick Aubameyang,Borussia Dortmund,8667,Lukáš Hrádecký,freeze_frame,Off T,Right Foot,Normal,0.7835,108.0,40.0,120.0,44.8,1.1,False,2015,WIDE,WIDE,False,True,1.0,1.0,0.0,LEVEL,,
3890385,1. Bundesliga,2015/2016,Schalke 04,Hannover 96,3,1,2,50,45,False,6717.0,Johannes Geis,Schalke 04,8947,Ron-Robert Zieler,lineup,Goal,Right Foot,Normal,0.7835,108.0,40.0,120.0,36.2,0.5,True,2015,BL,GOAL,False,True,0.0,0.0,0.0,LEVEL,,
3890287,1. Bundesliga,2015/2016,Bayern Munich,Augsburg,2,1,2,89,3,False,5562.0,Thomas Müller,Bayern Munich,8314,Marwin Hitz,lineup,Goal,Right Foot,Normal,0.7835,108.0,40.0,120.0,37.4,1.4,True,2015,TL,GOAL,False,True,1.0,1.0,0.0,LEVEL,,
3890563,1. Bundesliga,2015/2016,Bayer Leverkusen,Ingolstadt,3,2,2,68,31,False,40464.0,Moritz Hartmann,Ingolstadt,401501,David Yelldell,lineup,Goal,Right Foot,Normal,0.7835,108.0,40.0,120.0,36.9,0.5,True,2015,BL,GOAL,False,True,1.0,3.0,-2.0,TRAILING,,
3890548,1. Bundesliga,2015/2016,Ingolstadt,Bayern Munich,1,2,1,14,11,False,5668.0,Robert Lewandowski,Bayern Munich,12319,Ramazan Özcan,lineup,Goal,Right Foot,Normal,0.7835,108.0,40.0,120.0,42.5,0.2,True,2015,BR,GOAL,False,True,0.0,0.0,0.0,LEVEL,,
3890548,1. Bundesliga,2015/2016,Ingolstadt,Bayern Munich,1,2,1,41,9,False,40464.0,Moritz Hartmann,Ingolstadt,5570,Manuel Neuer,lineup,Goal,Right Foot,Normal,0.7835,108.0,40.1,120.0,37.2,0.5,True,2015,BL,GOAL,False,True,0.0,2.0,-2.0,TRAILING,,
3890544,1. Bundesliga,2015/2016,Hoffenheim,Ingolstadt,2,1,2,52,13,False,5460.0,Andrej Kramarić,Hoffenheim,10483,Ørjan Håskjold Nyland,lineup,Saved,Right Foot,Normal,0.7835,108.0,40.0,118.9,42.7,1.4,False,2015,TR,SAVED,False,True,1.0,1.0,0.0,LEVEL,,
3890539,1. Bundesliga,2015/2016,Darmstadt 98,Eintracht Frankfurt,1,2,1,19,9,False,9723.0,Sandro Wagner,Darmstadt 98,8667,Lukáš Hrádecký,lineup,Saved,Right Foot,Normal,0.7835,108.0,40.0,118.8,42.6,0.2,False,2015,BR,SAVED,False,True,1.0,0.0,1.0,LEADING,,
3890534,1. Bundesliga,2015/2016,Schalke 04,Bayer Leverkusen,2,3,1,4,52,False,8060.0,Klaas-Jan Huntelaar,Schalke 04,15581,Bernd Leno,lineup,Saved,Right Foot,Normal,0.7835,108.1,40.1,118.8,37.9,1.5,False,2015,TL,SAVED,False,True,0.0,0.0,0.0,LEVEL,,
3890529,1. Bundesliga,2015/2016,Hamburger SV,Werder Bremen,2,1,2,56,9,False,11132.0,Claudio Miguel Pizarro Bossio,Werder Bremen,23499,Jaroslav Drobný,lineup,Saved,Right Foot,Normal,0.7835,108.1,40.1,118.8,38.4,0.2,False,2015,BL,SAVED,False,True,0.0,2.0,-2.0,TRAILING,,
3890523,1. Bundesliga,2015/2016,Werder Bremen,Wolfsburg,3,2,1,31,21,False,11132.0,Claudio Miguel Pizarro Bossio,Werder Bremen,4600,Diego Orlando Benaglio,lineup,Goal,Right Foot,Normal,0.7835,108.1,40.1,120.0,36.6,0.2,True,2015,BL,GOAL,False,True,0.0,0.0,0.0,LEVEL,,
3890518,1. Bundesliga,2015/2016,Schalke 04,Borussia Dortmund,2,2,2,65,11,False,8060.0,Klaas-Jan Huntelaar,Schalke 04,8225,Roman Bürki,lineup,Goal,Right Foot,Normal,0.7835,108.0,40.0,120.0,43.1,0.2,True,2015,BR,GOAL,False,True,1.0,2.0,-1.0,TRAILING,,
3890508,1. Bundesliga,2015/2016,Ingolstadt,Schalke 04,3,0,1,28,39,False,40464.0,Moritz Hartmann,Ingolstadt,8517,Ralf Fährmann,lineup,Goal,Right Foot,Normal,0.7835,108.1,40.1,120.0,42.7,0.9,True,2015,BR,GOAL,False,True,0.0,0.0,0.0,LEVEL,,
3890499,1. Bundesliga,2015/2016,Hamburger SV,Hoffenheim,1,3,1,19,10,False,5460.0,Andrej Kramarić,Hoffenheim,8560,René Adler,lineup,Goal,Right Foot,Normal,0.7835,108.0,40.0,120.0,43.1,0.9,True,2015,BR,GOAL,False,True,0.0,0.0,0.0,LEVEL,,
3890499,1. Bundesliga,2015/2016,Hamburger SV,Hoffenheim,1,3,1,29,34,False,8308.0,Aaron Hunt,Hamburger SV,8393,Oliver Baumann,lineup,Goal,Left Foot,Normal,0.7835,108.1,40.1,120.0,39.8,0.0,True,2015,BC,GOAL,True,False,0.0,2.0,-2.0,TRAILING,,
3890494,1. Bundesliga,2015/2016,Werder Bremen,FSV Mainz 05,1,1,1,47,50,False,11132.0,Claudio Miguel Pizarro Bossio,Werder Bremen,3630,Loris Karius,lineup,Goal,Right Foot,Normal,0.7835,108.1,40.1,120.0,36.7,0.3,True,2015,BL,GOAL,False,True,0.0,1.0,-1.0,TRAILING,,
3890487,1. Bundesliga,2015/2016,Darmstadt 98,Augsburg,2,2,2,89,37,False,5514.0,Alfreð Finnbogason,Augsburg,8306,Christian Mathenia,lineup,Goal,Right Foot,Normal,0.7835,108.0,40.0,120.0,42.8,1.6,True,2015,TR,GOAL,False,True,1.0,2.0,-1.0,TRAILING,,
3890486,1. Bundesliga,2015/2016,Hoffenheim,Wolfsburg,1,0,2,56,32,False,8215.0,Kevin Volland,Hoffenheim,8240,Koen Casteels,lineup,Saved,Left Foot,Normal,0.7835,108.0,40.0,119.1,41.9,0.9,False,2015,BR,SAVED,True,False,1.0,0.0,1.0,LEADING,,
3890485,1. Bundesliga,2015/2016,Ingolstadt,VfB Stuttgart,3,3,2,83,34,False,8243.0,Daniel Didavi,VfB Stuttgart,12319,Ramazan Özcan,lineup,Goal,Left Foot,Normal,0.7835,108.1,40.1,120.0,37.1,0.2,True,2015,BL,GOAL,True,False,2.0,3.0,-1.0,TRAILING,,
3890480,1. Bundesliga,2015/2016,FC Köln,Schalke 04,1,3,1,1,46,False,8060.0,Klaas-Jan Huntelaar,Schalke 04,8821,Timo Horn,lineup,Goal,Right Foot,Normal,0.7835,108.1,40.1,120.0,42.2,0.5,True,2015,BR,GOAL,False,True,0.0,0.0,0.0,LEVEL,,
3890479,1. Bundesliga,2015/2016,Eintracht Frankfurt,Ingolstadt,1,1,1,7,21,False,40464.0,Moritz Hartmann,Ingolstadt,8667,Lukáš Hrádecký,lineup,Goal,Right Foot,Normal,0.7835,108.0,40.0,120.0,36.6,0.2,True,2015,BL,GOAL,False,True,0.0,0.0,0.0,LEVEL,,
3890477,1. Bundesliga,2015/2016,Augsburg,Bayer Leverkusen,3,3,2,92,13,False,7039.0,Hakan Çalhanoğlu,Bayer Leverkusen,8314,Marwin Hitz,lineup,Goal,Right Foot,Normal,0.7835,108.0,40.0,120.0,42.8,0.3,True,2015,BR,GOAL,False,True,1.0,3.0,-2.0,TRAILING,,
3890472,1. Bundesliga,2015/2016,Bayer Leverkusen,Werder Bremen,1,4,2,64,34,False,11132.0,Claudio Miguel Pizarro Bossio,Werder Bremen,15581,Bernd Leno,lineup,Goal,Right Foot,Normal,0.7835,108.0,40.0,120.0,43.6,0.0,True,2015,BR,GOAL,False,True,2.0,0.0,2.0,LEADING,,
3890469,1. Bundesliga,2015/2016,Hoffenheim,Augsburg,2,1,1,39,5,False,8237.0,Paul Verhaegh,Augsburg,8393,Oliver Baumann,lineup,Goal,Right Foot,Normal,0.7835,108.0,40.0,120.0,37.4,0.5,True,2015,BL,GOAL,False,True,0.0,1.0,-1.0,TRAILING,,
3890463,1. Bundesliga,2015/2016,FSV Mainz 05,Bayer Leverkusen,3,1,2,57,55,False,8679.0,Yunus Mallı,FSV Mainz 05,15581,Bernd Leno,lineup,Goal,Right Foot,Normal,0.7835,108.0,40.0,120.0,36.5,1.4,True,2015,TL,GOAL,False,True,2.0,0.0,2.0,LEADING,,
3890459,1. Bundesliga,2015/2016,Werder Bremen,Darmstadt 98,2,2,1,43,33,False,9723.0,Sandro Wagner,Darmstadt 98,23269,Felix Wiedwald,lineup,Goal,Right Foot,Normal,0.7835,108.0,40.0,120.0,38.8,0.2,True,2015,BC,GOAL,False,True,0.0,1.0,-1.0,TRAILING,,
3890449,1. Bundesliga,2015/2016,Ingolstadt,Werder Bremen,2,0,2,89,22,False,9103.0,Lukas Hinterseer,Ingolstadt,23269,Felix Wiedwald,lineup,Goal,Right Foot,Normal,0.7835,108.0,40.0,120.0,43.6,0.8,True,2015,BR,GOAL,False,True,1.0,0.0,1.0,LEADING,,
3890436,1. Bundesliga,2015/2016,Ingolstadt,Augsburg,2,1,2,84,48,False,40464.0,Moritz Hartmann,Ingolstadt,8314,Marwin Hitz,lineup,Goal,Right Foot,Normal,0.7835,108.1,40.1,120.0,40.6,1.7,True,2015,TC,GOAL,False,True,1.0,1.0,0.0,LEVEL,,
3890433,1. Bundesliga,2015/2016,Eintracht Frankfurt,VfB Stuttgart,2,4,2,75,2,False,5591.0,Filip Kostić,VfB Stuttgart,8667,Lukáš Hrádecký,lineup,Goal,Left Foot,Normal,0.7835,108.1,40.1,120.0,36.5,0.2,True,2015,BL,GOAL,True,False,3.0,1.0,2.0,LEADING,,
3890430,1. Bundesliga,2015/2016,Borussia Mönchengladbach,Werder Bremen,5,1,2,55,49,False,11132.0,Claudio Miguel Pizarro Bossio,Werder Bremen,5550,Yann Sommer,lineup,Goal,Right Foot,Normal,0.7835,108.0,40.0,120.0,36.5,0.2,True,2015,BL,GOAL,False,True,0.0,3.0,-3.0,TRAILING,,
3890430,1. Bundesliga,2015/2016,Borussia Mönchengladbach,Werder Bremen,5,1,2,69,6,False,8810.0,Raffael Caetano de Araújo,Borussia Mönchengladbach,23269,Felix Wiedwald,lineup,Goal,Right Foot,Normal,0.7835,108.1,40.1,120.0,43.2,1.5,True,2015,TR,GOAL,False,True,3.0,1.0,2.0,LEADING,,
3890427,1. Bundesliga,2015/2016,Bayer Leverkusen,Hannover 96,3,0,2,62,6,False,3058.0,Javier Hernández Balcázar,Bayer Leverkusen,8947,Ron-Robert Zieler,lineup,Goal,Right Foot,Normal,0.7835,108.1,40.1,120.0,43.4,0.9,True,2015,BR,GOAL,False,True,1.0,0.0,1.0,LEADING,,
3890425,1. Bundesliga,2015/2016,Werder Bremen,Hertha Berlin,3,3,2,74,39,False,11132.0,Claudio Miguel Pizarro Bossio,Werder Bremen,8577,Rune Almenning Jarstein,lineup,Goal,Right Foot,Normal,0.7835,108.0,40.0,120.0,43.0,0.2,True,2015,BR,GOAL,False,True,1.0,3.0,-2.0,TRAILING,,
3890416,1. Bundesliga,2015/2016,Ingolstadt,FSV Mainz 05,1,0,1,40,13,False,40464.0,Moritz Hartmann,Ingolstadt,3630,Loris Karius,lineup,Goal,Right Foot,Normal,0.7835,108.1,40.1,120.0,36.7,0.5,True,2015,BL,GOAL,False,True,0.0,0.0,0.0,LEVEL,,
3890413,1. Bundesliga,2015/2016,FC Köln,VfB Stuttgart,1,3,1,18,11,False,23486.0,Anthony Modeste,FC Köln,9082,Przemysław Tytoń,lineup,Goal,Right Foot,Normal,0.7835,108.2,40.1,120.0,40.1,0.8,True,2015,BC,GOAL,False,True,0.0,0.0,0.0,LEVEL,,
3890412,1. Bundesliga,2015/2016,Hamburger SV,Bayern Munich,1,2,1,36,56,False,5668.0,Robert Lewandowski,Bayern Munich,8560,René Adler,lineup,Goal,Right Foot,Normal,0.7835,108.0,40.0,120.0,43.2,1.5,True,2015,TR,GOAL,False,True,0.0,0.0,0.0,LEVEL,,
3890407,1. Bundesliga,2015/2016,Hannover 96,Bayern Munich,0,1,1,39,22,False,5562.0,Thomas Müller,Bayern Munich,8947,Ron-Robert Zieler,lineup,Goal,Right Foot,Normal,0.7835,108.0,40.0,120.0,43.1,0.2,True,2015,BR,GOAL,False,True,0.0,0.0,0.0,LEVEL,,
3890400,1. Bundesliga,2015/2016,Werder Bremen,FC Köln,1,1,1,37,38,False,12624.0,Anthony Ujah,Werder Bremen,8821,Timo Horn,lineup,Saved,Right Foot,Normal,0.7835,108.1,40.1,119.2,42.8,0.3,False,2015,BR,SAVED,False,True,1.0,0.0,1.0,LEADING,,
3890391,1. Bundesliga,2015/2016,FC Köln,Augsburg,0,1,2,57,22,False,23486.0,Anthony Modeste,FC Köln,8314,Marwin Hitz,lineup,Saved,Right Foot,Normal,0.7835,108.1,40.1,119.1,37.9,0.2,False,2015,BL,SAVED,False,True,0.0,0.0,0.0,LEVEL,,
3890388,1. Bundesliga,2015/2016,Wolfsburg,Borussia Dortmund,1,2,2,90,14,False,5544.0,Ricardo Iván Rodríguez Araya,Wolfsburg,8225,Roman Bürki,lineup,Goal,Left Foot,Normal,0.7835,108.0,40.0,120.0,43.6,0.5,True,2015,BR,GOAL,True,False,0.0,1.0,-1.0,TRAILING,,
3890374,1. Bundesliga,2015/2016,Ingolstadt,Darmstadt 98,3,1,2,59,54,False,40464.0,Moritz Hartmann,Ingolstadt,8306,Christian Mathenia,lineup,Goal,Right Foot,Normal,0.7835,108.0,40.0,120.0,42.7,0.2,True,2015,BR,GOAL,False,True,1.0,1.0,0.0,LEVEL,,
3890367,1. Bundesliga,2015/2016,Hamburger SV,Borussia Dortmund,3,1,1,18,42,False,8895.0,Pierre-Michel Lasogga,Hamburger SV,8225,Roman Bürki,lineup,Goal,Right Foot,Normal,0.7835,108.1,40.1,120.0,37.3,0.9,True,2015,BL,GOAL,False,True,0.0,0.0,0.0,LEVEL,,
3890366,1. Bundesliga,2015/2016,Augsburg,Werder Bremen,1,2,2,90,21,False,8237.0,Paul Verhaegh,Augsburg,23269,Felix Wiedwald,lineup,Goal,Right Foot,Normal,0.7835,108.1,40.1,120.0,36.3,1.5,True,2015,TL,GOAL,False,True,0.0,2.0,-2.0,TRAILING,,
3890360,1. Bundesliga,2015/2016,Darmstadt 98,Hamburger SV,1,1,1,28,25,False,8895.0,Pierre-Michel Lasogga,Hamburger SV,8306,Christian Mathenia,lineup,Goal,Right Foot,Normal,0.7835,108.1,40.1,120.0,37.6,1.4,True,2015,TL,GOAL,False,True,0.0,0.0,0.0,LEVEL,,
3890358,1. Bundesliga,2015/2016,Hannover 96,Hertha Berlin,1,3,2,69,56,False,38524.0,Hiroshi Kiyotake,Hannover 96,8577,Rune Almenning Jarstein,lineup,Goal,Right Foot,Normal,0.7835,108.0,40.0,120.0,37.0,0.2,True,2015,BL,GOAL,False,True,0.0,2.0,-2.0,TRAILING,,
3890358,1. Bundesliga,2015/2016,Hannover 96,Hertha Berlin,1,3,2,86,56,False,8575.0,Salomon Armand Magloire Kalou,Hertha Berlin,8947,Ron-Robert Zieler,lineup,Goal,Right Foot,Normal,0.7835,108.1,40.1,120.0,38.3,1.7,True,2015,TL,GOAL,False,True,2.0,1.0,1.0,LEADING,,
3890356,1. Bundesliga,2015/2016,Hamburger SV,Hannover 96,1,2,2,58,52,False,38524.0,Hiroshi Kiyotake,Hannover 96,8560,René Adler,lineup,Goal,Right Foot,Normal,0.7835,108.1,40.1,120.0,43.4,0.6,True,2015,BR,GOAL,False,True,0.0,1.0,-1.0,TRAILING,,
3890354,1. Bundesliga,2015/2016,Augsburg,FSV Mainz 05,3,3,1,41,18,False,8237.0,Paul Verhaegh,Augsburg,3630,Loris Karius,lineup,Goal,Right Foot,Normal,0.7835,108.0,40.0,120.0,43.3,0.9,True,2015,BR,GOAL,False,True,0.0,2.0,-2.0,TRAILING,,
3890351,1. Bundesliga,2015/2016,Hertha Berlin,Borussia Mönchengladbach,1,4,2,53,56,False,3500.0,Granit Xhaka,Borussia Mönchengladbach,8577,Rune Almenning Jarstein,lineup,Goal,Left Foot,Normal,0.7835,108.1,40.0,120.0,38.9,1.5,True,2015,TC,GOAL,True,False,2.0,0.0,2.0,LEADING,,
3890351,1. Bundesliga,2015/2016,Hertha Berlin,Borussia Mönchengladbach,1,4,2,81,32,False,33459.0,Alexander Baumjohann,Hertha Berlin,5550,Yann Sommer,lineup,Goal,Right Foot,Normal,0.7835,108.1,40.1,120.0,37.2,0.9,True,2015,BL,GOAL,False,True,0.0,3.0,-3.0,TRAILING,,
3890348,1. Bundesliga,2015/2016,Borussia Mönchengladbach,Schalke 04,3,1,1,31,31,False,8806.0,Lars Edi Stindl,Borussia Mönchengladbach,8517,Ralf Fährmann,lineup,Saved,Right Foot,Normal,0.7835,108.0,40.0,119.1,42.1,0.6,False,2015,BR,SAVED,False,True,0.0,0.0,0.0,LEVEL,,
3890341,1. Bundesliga,2015/2016,Bayern Munich,FC Köln,4,0,2,76,47,False,5562.0,Thomas Müller,Bayern Munich,8821,Timo Horn,lineup,Goal,Right Foot,Normal,0.7835,108.0,40.0,120.0,43.1,0.3,True,2015,BR,GOAL,False,True,3.0,0.0,3.0,LEADING,,
3890338,1. Bundesliga,2015/2016,VfB Stuttgart,Ingolstadt,1,0,1,3,46,False,5481.0,Mathew Leckie,Ingolstadt,9082,Przemysław Tytoń,lineup,Saved,Right Foot,Normal,0.7835,108.1,40.1,118.8,41.6,0.5,False,2015,BR,SAVED,False,True,0.0,0.0,0.0,LEVEL,,
3890334,1. Bundesliga,2015/2016,Eintracht Frankfurt,Borussia Mönchengladbach,1,5,1,28,12,False,23268.0,Alexander Meier,Eintracht Frankfurt,5550,Yann Sommer,lineup,Goal,Right Foot,Normal,0.7835,108.1,40.1,120.0,37.1,1.2,True,2015,BL,GOAL,False,True,0.0,1.0,-1.0,TRAILING,,
3890334,1. Bundesliga,2015/2016,Eintracht Frankfurt,Borussia Mönchengladbach,1,5,2,81,58,False,8322.0,André Hahn,Borussia Mönchengladbach,8667,Lukáš Hrádecký,lineup,Goal,Right Foot,Normal,0.7835,108.1,40.1,120.0,37.2,0.6,True,2015,BL,GOAL,False,True,3.0,1.0,2.0,LEADING,,
3890331,1. Bundesliga,2015/2016,FSV Mainz 05,Borussia Dortmund,0,2,2,46,43,False,5559.0,Marco Reus,Borussia Dortmund,3630,Loris Karius,lineup,Saved,Right Foot,Normal,0.7835,108.1,40.1,118.7,37.6,0.8,False,2015,BL,SAVED,False,True,1.0,0.0,1.0,LEADING,,
3890330,1. Bundesliga,2015/2016,Bayer Leverkusen,Augsburg,1,1,2,70,30,False,7039.0,Hakan Çalhanoğlu,Bayer Leverkusen,8314,Marwin Hitz,freeze_frame,Off T,Right Foot,Normal,0.7835,108.1,40.1,120.0,40.1,4.1,False,2015,OVER,OVER,False,True,1.0,0.0,1.0,LEADING,,
3890329,1. Bundesliga,2015/2016,Bayern Munich,Borussia Dortmund,5,1,1,34,3,False,5562.0,Thomas Müller,Bayern Munich,8225,Roman Bürki,lineup,Goal,Right Foot,Normal,0.7835,108.1,40.1,120.0,42.5,0.2,True,2015,BR,GOAL,False,True,1.0,0.0,1.0,LEADING,,
3890327,1. Bundesliga,2015/2016,Hoffenheim,VfB Stuttgart,2,2,1,32,13,False,8215.0,Kevin Volland,Hoffenheim,9082,Przemysław Tytoń,lineup,Goal,Left Foot,Normal,0.7835,108.0,40.0,120.0,38.2,0.0,True,2015,BL,GOAL,True,False,0.0,0.0,0.0,LEVEL,,
3890322,1. Bundesliga,2015/2016,Darmstadt 98,FSV Mainz 05,2,3,2,95,37,False,9723.0,Sandro Wagner,Darmstadt 98,3630,Loris Karius,freeze_frame,Off T,Right Foot,Normal,0.7835,108.1,40.1,120.0,40.5,4.5,False,2015,OVER,OVER,False,True,2.0,3.0,-1.0,TRAILING,,
3890318,1. Bundesliga,2015/2016,VfB Stuttgart,Borussia Mönchengladbach,1,3,1,39,45,False,9409.0,Daniel Ginczek,VfB Stuttgart,5550,Yann Sommer,lineup,Goal,Right Foot,Normal,0.7835,108.0,40.0,120.0,40.9,1.8,True,2015,TC,GOAL,False,True,0.0,1.0,-1.0,TRAILING,,
3890316,1. Bundesliga,2015/2016,FSV Mainz 05,Bayern Munich,0,3,1,20,12,False,5562.0,Thomas Müller,Bayern Munich,3630,Loris Karius,freeze_frame,Off T,Right Foot,Normal,0.7835,108.0,40.0,120.0,43.1,4.8,False,2015,OVER,OVER,False,True,0.0,0.0,0.0,LEVEL,,
3890314,1. Bundesliga,2015/2016,Augsburg,Hoffenheim,1,3,2,67,44,False,8215.0,Kevin Volland,Hoffenheim,8314,Marwin Hitz,lineup,Goal,Left Foot,Normal,0.7835,108.0,40.0,120.0,43.3,0.2,True,2015,BR,GOAL,True,False,1.0,1.0,0.0,LEVEL,,
3890308,1. Bundesliga,2015/2016,Borussia Mönchengladbach,Augsburg,4,2,2,50,58,False,8237.0,Paul Verhaegh,Augsburg,5550,Yann Sommer,lineup,Goal,Right Foot,Normal,0.7835,108.0,40.0,120.0,36.6,0.3,True,2015,BL,GOAL,False,True,0.0,4.0,-4.0,TRAILING,,
3890308,1. Bundesliga,2015/2016,Borussia Mönchengladbach,Augsburg,4,2,2,74,2,False,8237.0,Paul Verhaegh,Augsburg,5550,Yann Sommer,lineup,Goal,Right Foot,Normal,0.7835,108.0,40.0,120.0,37.3,0.5,True,2015,BL,GOAL,False,True,1.0,4.0,-3.0,TRAILING,,
3890307,1. Bundesliga,2015/2016,Darmstadt 98,Werder Bremen,2,1,1,29,59,False,9723.0,Sandro Wagner,Darmstadt 98,23269,Felix Wiedwald,lineup,Goal,Right Foot,Normal,0.7835,108.0,40.0,120.0,43.2,0.2,True,2015,BR,GOAL,False,True,0.0,1.0,-1.0,TRAILING,,
3890302,1. Bundesliga,2015/2016,Augsburg,Hannover 96,2,0,1,31,5,False,8237.0,Paul Verhaegh,Augsburg,8947,Ron-Robert Zieler,lineup,Goal,Right Foot,Normal,0.7835,108.0,40.0,120.0,37.2,0.2,True,2015,BL,GOAL,False,True,1.0,0.0,1.0,LEADING,,
3890301,1. Bundesliga,2015/2016,Borussia Dortmund,Bayer Leverkusen,3,0,2,73,13,False,3712.0,Pierre-Emerick Aubameyang,Borussia Dortmund,15581,Bernd Leno,lineup,Goal,Right Foot,Normal,0.7835,108.1,40.1,120.0,36.8,1.7,True,2015,TL,GOAL,False,True,2.0,0.0,2.0,LEADING,,
3890300,1. Bundesliga,2015/2016,Werder Bremen,Ingolstadt,0,1,2,92,17,False,40464.0,Moritz Hartmann,Ingolstadt,23269,Felix Wiedwald,lineup,Goal,Right Foot,Normal,0.7835,108.2,40.1,120.0,36.4,0.0,True,2015,BL,GOAL,False,True,0.0,0.0,0.0,LEVEL,,
3890298,1. Bundesliga,2015/2016,Wolfsburg,Hertha Berlin,2,0,2,87,55,False,10594.0,Bas Dost,Wolfsburg,8577,Rune Almenning Jarstein,lineup,Goal,Right Foot,Normal,0.7835,108.0,40.0,120.0,40.5,1.3,True,2015,BC,GOAL,False,True,1.0,0.0,1.0,LEADING,,
3890293,1. Bundesliga,2015/2016,Schalke 04,FSV Mainz 05,2,1,1,3,57,False,8060.0,Klaas-Jan Huntelaar,Schalke 04,3630,Loris Karius,lineup,Saved,Right Foot,Normal,0.7835,108.1,40.1,118.5,42.5,1.4,False,2015,TR,SAVED,False,True,0.0,0.0,0.0,LEVEL,,
3890292,1. Bundesliga,2015/2016,Hannover 96,Borussia Dortmund,2,4,1,34,24,False,3712.0,Pierre-Emerick Aubameyang,Borussia Dortmund,8947,Ron-Robert Zieler,lineup,Goal,Right Foot,Normal,0.7835,108.0,40.0,120.0,37.1,1.2,True,2015,BL,GOAL,False,True,0.0,1.0,-1.0,TRAILING,,
3890292,1. Bundesliga,2015/2016,Hannover 96,Borussia Dortmund,2,4,2,84,48,False,3712.0,Pierre-Emerick Aubameyang,Borussia Dortmund,8947,Ron-Robert Zieler,lineup,Goal,Right Foot,Normal,0.7835,108.1,40.1,120.0,41.5,2.0,True,2015,TR,GOAL,False,True,2.0,2.0,0.0,LEVEL,,
3890285,1. Bundesliga,2015/2016,Werder Bremen,Borussia Mönchengladbach,2,1,1,38,42,False,8402.0,Aron Jóhannsson,Werder Bremen,5550,Yann Sommer,lineup,Goal,Right Foot,Normal,0.7835,108.1,40.1,120.0,42.1,0.2,True,2015,BR,GOAL,False,True,0.0,0.0,0.0,LEVEL,,
3890285,1. Bundesliga,2015/2016,Werder Bremen,Borussia Mönchengladbach,2,1,2,87,27,False,9178.0,Felix Kroos,Werder Bremen,5550,Yann Sommer,freeze_frame,Off T,Right Foot,Normal,0.7835,108.0,40.0,120.0,35.6,0.0,False,2015,WIDE,WIDE,False,True,2.0,1.0,1.0,LEADING,,
3890280,1. Bundesliga,2015/2016,FC Köln,Hamburger SV,2,1,2,80,1,False,23486.0,Anthony Modeste,FC Köln,31437,Andreas Hirzel,lineup,Goal,Right Foot,Normal,0.7835,108.0,40.0,120.0,37.1,0.2,True,2015,BL,GOAL,False,True,1.0,1.0,0.0,LEVEL,,
3890279,1. Bundesliga,2015/2016,VfB Stuttgart,Eintracht Frankfurt,1,4,2,68,28,False,5543.0,Haris Seferović,Eintracht Frankfurt,10332,Odisseas Vlachodimos,lineup,Goal,Left Foot,Normal,0.7835,108.1,40.1,120.0,43.5,0.2,True,2015,BR,GOAL,True,False,1.0,1.0,0.0,LEVEL,,
3890278,1. Bundesliga,2015/2016,Bayern Munich,Bayer Leverkusen,3,0,2,59,31,False,5562.0,Thomas Müller,Bayern Munich,15581,Bernd Leno,lineup,Goal,Right Foot,Normal,0.7835,108.0,40.0,120.0,40.3,0.5,True,2015,BC,GOAL,False,True,1.0,0.0,1.0,LEADING,,
3890278,1. Bundesliga,2015/2016,Bayern Munich,Bayer Leverkusen,3,0,2,70,8,False,8218.0,Arjen Robben,Bayern Munich,15581,Bernd Leno,lineup,Goal,Left Foot,Normal,0.7835,108.0,40.0,120.0,36.7,0.8,True,2015,BL,GOAL,True,False,2.0,0.0,2.0,LEADING,,
3890277,1. Bundesliga,2015/2016,Wolfsburg,Schalke 04,3,0,2,58,28,False,5544.0,Ricardo Iván Rodríguez Araya,Wolfsburg,8517,Ralf Fährmann,lineup,Goal,Left Foot,Normal,0.7835,108.0,40.0,120.0,43.2,0.2,True,2015,BR,GOAL,True,False,1.0,0.0,1.0,LEADING,,
3890275,1. Bundesliga,2015/2016,Ingolstadt,Borussia Dortmund,0,4,2,59,49,False,5559.0,Marco Reus,Borussia Dortmund,10483,Ørjan Håskjold Nyland,lineup,Goal,Right Foot,Normal,0.7835,108.1,40.1,120.0,37.8,1.5,True,2015,TL,GOAL,False,True,1.0,0.0,1.0,LEADING,,
3890270,1. Bundesliga,2015/2016,Hoffenheim,Bayern Munich,1,2,2,73,18,False,8404.0,Eugen Polanski,Hoffenheim,5570,Manuel Neuer,freeze_frame,Post,Right Foot,Normal,0.7835,108.0,40.0,120.0,44.0,0.8,False,2015,POST,POST,False,True,1.0,1.0,0.0,LEVEL,,
3890266,1. Bundesliga,2015/2016,VfB Stuttgart,FC Köln,1,3,2,74,35,False,23486.0,Anthony Modeste,FC Köln,9082,Przemysław Tytoń,lineup,Goal,Right Foot,Normal,0.7835,108.0,40.0,120.0,41.6,1.5,True,2015,TR,GOAL,False,True,0.0,0.0,0.0,LEVEL,,
3890266,1. Bundesliga,2015/2016,VfB Stuttgart,FC Köln,1,3,2,78,40,False,8243.0,Daniel Didavi,VfB Stuttgart,8821,Timo Horn,lineup,Goal,Left Foot,Normal,0.7835,108.1,40.1,120.0,43.4,0.2,True,2015,BR,GOAL,True,False,0.0,2.0,-2.0,TRAILING,,
3890265,1. Bundesliga,2015/2016,Augsburg,Hertha Berlin,0,1,2,47,3,False,8575.0,Salomon Armand Magloire Kalou,Hertha Berlin,8314,Marwin Hitz,lineup,Goal,Right Foot,Normal,0.7835,108.0,40.0,120.0,40.4,0.5,True,2015,BC,GOAL,False,True,0.0,0.0,0.0,LEVEL,,
3890262,1. Bundesliga,2015/2016,Darmstadt 98,Hannover 96,2,2,2,58,50,False,20027.0,Mevlüt Erdinç,Hannover 96,8306,Christian Mathenia,lineup,Saved,Right Foot,Normal,0.7835,108.0,40.0,120.0,41.8,0.4,False,2015,BR,SAVED,False,True,1.0,2.0,-1.0,TRAILING,,
3923880,African Cup of Nations,2023,South Africa,Congo DR,0,0,5,120,21,True,66716.0,Teboho Mokoena,South Africa,22823,Dimitry Bertaud,freeze_frame,Post,Right Foot,Normal,0.7835,108.0,40.0,120.0,36.0,0.2,False,2023,POST,POST,False,True,6.0,5.0,1.0,SHOOTOUT,STANDARD,1.0
3923880,African Cup of Nations,2023,South Africa,Congo DR,0,0,5,121,20,True,4412.0,Samuel Moutoussamy,Congo DR,66721,Ronwen Williams,lineup,Goal,Left Foot,Normal,0.7835,108.0,40.0,120.0,36.4,2.2,True,2023,TL,GOAL,True,False,5.0,6.0,-1.0,SHOOTOUT,STANDARD,1.0
3923880,African Cup of Nations,2023,South Africa,Congo DR,0,0,5,122,15,True,67974.0,Nkosinathi Sibisi,South Africa,22823,Dimitry Bertaud,lineup,Goal,Right Foot,Normal,0.7835,108.0,40.0,120.0,41.7,1.3,True,2023,BR,GOAL,False,True,6.0,5.0,1.0,SHOOTOUT,STANDARD,2.0
3923880,African Cup of Nations,2023,South Africa,Congo DR,0,0,5,123,9,True,18783.0,Omenuke Mfulu,Congo DR,66721,Ronwen Williams,lineup,Goal,Right Foot,Normal,0.7835,108.0,40.0,120.0,40.3,1.2,True,2023,BC,GOAL,False,True,5.0,6.0,-1.0,SHOOTOUT,STANDARD,2.0
3923880,African Cup of Nations,2023,South Africa,Congo DR,0,0,5,123,59,True,64629.0,Thabang Amod Monare,South Africa,22823,Dimitry Bertaud,lineup,Goal,Right Foot,Normal,0.7835,108.0,40.0,120.0,36.9,0.5,True,2023,BL,GOAL,False,True,6.0,5.0,1.0,SHOOTOUT,STANDARD,3.0
3923880,African Cup of Nations,2023,South Africa,Congo DR,0,0,5,124,55,True,6862.0,Cédric Bakambu,Congo DR,66721,Ronwen Williams,lineup,Goal,Right Foot,Normal,0.7835,107.9,40.0,120.0,39.4,1.6,True,2023,TC,GOAL,False,True,5.0,6.0,-1.0,SHOOTOUT,STANDARD,3.0
3923880,African Cup of Nations,2023,South Africa,Congo DR,0,0,5,125,46,True,65733.0,Aubrey Maphosa Modiba,South Africa,22823,Dimitry Bertaud,lineup,Goal,Left Foot,Normal,0.7835,108.0,40.0,120.0,43.2,0.2,True,2023,BR,GOAL,True,False,6.0,5.0,1.0,SHOOTOUT,CAN_WIN,4.0
3923880,African Cup of Nations,2023,South Africa,Congo DR,0,0,5,126,32,True,4939.0,Joris Kayembe Ditu,Congo DR,66721,Ronwen Williams,lineup,Goal,Left Foot,Normal,0.7835,108.0,40.0,120.0,38.7,0.4,True,2023,BC,GOAL,True,False,5.0,6.0,-1.0,SHOOTOUT,MUST_SCORE,4.0
3923880,African Cup of Nations,2023,South Africa,Congo DR,0,0,5,127,27,True,64607.0,Zakhele Lerato Lepasa,South Africa,22823,Dimitry Bertaud,lineup,Goal,Right Foot,Normal,0.7835,108.0,40.0,120.0,37.6,1.1,True,2023,BL,GOAL,False,True,6.0,5.0,1.0,SHOOTOUT,CAN_WIN,5.0
3923880,African Cup of Nations,2023,South Africa,Congo DR,0,0,5,128,25,True,3044.0,Chancel Mbemba Mangulu,Congo DR,66721,Ronwen Williams,lineup,Saved,Right Foot,Normal,0.7835,108.0,40.0,119.2,37.7,1.1,False,2023,BL,SAVED,False,True,5.0,6.0,-1.0,SHOOTOUT,MUST_SCORE,5.0
3923880,African Cup of Nations,2023,South Africa,Congo DR,0,0,5,129,24,True,66725.0,Oswin Reagan Appollis,South Africa,22823,Dimitry Bertaud,lineup,Goal,Right Foot,Normal,0.7835,108.0,40.0,120.0,36.8,0.2,True,2023,BL,GOAL,False,True,6.0,5.0,1.0,SHOOTOUT,CAN_WIN,6.0
3923880,African Cup of Nations,2023,South Africa,Congo DR,0,0,5,130,33,True,7294.0,Yoane Wissa,Congo DR,66721,Ronwen Williams,lineup,Goal,Right Foot,Normal,0.7835,108.0,40.0,120.0,42.8,1.6,True,2023,TR,GOAL,False,True,5.0,6.0,-1.0,SHOOTOUT,MUST_SCORE,6.0
3923880,African Cup of Nations,2023,South Africa,Congo DR,0,0,5,131,20,True,102722.0,Siyanda Xulu,South Africa,22823,Dimitry Bertaud,lineup,Goal,Right Foot,Normal,0.7835,108.0,40.0,120.0,37.1,0.5,True,2023,BL,GOAL,False,True,6.0,5.0,1.0,SHOOTOUT,CAN_WIN,7.0
3923880,African Cup of Nations,2023,South Africa,Congo DR,0,0,5,132,19,True,35684.0,Meschak Elia,Congo DR,66721,Ronwen Williams,lineup,Saved,Right Foot,Normal,0.7835,108.0,40.0,119.3,38.1,1.2,False,2023,BL,SAVED,False,True,5.0,6.0,-1.0,SHOOTOUT,MUST_SCORE,7.0
3922837,African Cup of Nations,2023,Nigeria,South Africa,1,1,2,66,5,False,5455.0,William Troost-Ekong,Nigeria,66721,Ronwen Williams,lineup,Goal,Right Foot,Normal,0.7835,108.1,40.1,120.0,40.7,0.2,True,2023,BC,GOAL,False,True,0.0,0.0,0.0,LEVEL,,
3922837,African Cup of Nations,2023,Nigeria,South Africa,1,1,2,89,2,False,66716.0,Teboho Mokoena,South Africa,358410,Stanley Bobo Nwabali,lineup,Goal,Right Foot,Normal,0.7835,108.0,40.0,120.0,36.8,0.8,True,2023,BL,GOAL,False,True,0.0,1.0,-1.0,TRAILING,,
3922837,African Cup of Nations,2023,Nigeria,South Africa,1,1,5,120,3,True,34335.0,Terem Igobor Moffi,Nigeria,66721,Ronwen Williams,lineup,Goal,Left Foot,Normal,0.7835,108.0,40.0,120.0,39.8,0.7,True,2023,BC,GOAL,True,False,4.0,2.0,2.0,SHOOTOUT,STANDARD,1.0
3922837,African Cup of Nations,2023,Nigeria,South Africa,1,1,5,121,6,True,66716.0,Teboho Mokoena,South Africa,358410,Stanley Bobo Nwabali,lineup,Saved,Right Foot,Normal,0.7835,108.0,40.0,119.7,38.1,1.1,False,2023,BL,SAVED,False,True,2.0,4.0,-2.0,SHOOTOUT,MUST_SCORE,1.0
3922837,African Cup of Nations,2023,Nigeria,South Africa,1,1,5,121,57,True,5830.0,Kenneth Josiah Omeruo,Nigeria,66721,Ronwen Williams,lineup,Goal,Right Foot,Normal,0.7835,108.0,40.0,120.0,36.6,0.2,True,2023,BL,GOAL,False,True,4.0,2.0,2.0,SHOOTOUT,STANDARD,2.0
3922837,African Cup of Nations,2023,Nigeria,South Africa,1,1,5,122,58,True,133003.0,Mihlali Samson Mayambela,South Africa,358410,Stanley Bobo Nwabali,lineup,Goal,Right Foot,Normal,0.7835,108.0,40.0,120.0,43.5,1.2,True,2023,BR,GOAL,False,True,2.0,4.0,-2.0,SHOOTOUT,MUST_SCORE,2.0
3922837,African Cup of Nations,2023,Nigeria,South Africa,1,1,5,123,41,True,11492.0,Temitayo Olufisayo Olaoluwa Aina,Nigeria,66721,Ronwen Williams,freeze_frame,Off T,Right Foot,Normal,0.7835,108.0,40.0,120.0,37.6,4.2,False,2023,OVER,OVER,False,True,4.0,2.0,2.0,SHOOTOUT,STANDARD,3.0
3922837,African Cup of Nations,2023,Nigeria,South Africa,1,1,5,124,38,True,65853.0,Evidence Makgopa,South Africa,358410,Stanley Bobo Nwabali,lineup,Saved,Right Foot,Normal,0.7835,108.0,40.0,119.5,38.6,0.8,False,2023,BL,SAVED,False,True,2.0,4.0,-2.0,SHOOTOUT,MUST_SCORE,3.0
3922837,African Cup of Nations,2023,Nigeria,South Africa,1,1,5,125,44,True,5455.0,William Troost-Ekong,Nigeria,66721,Ronwen Williams,lineup,Goal,Right Foot,Normal,0.7835,108.0,40.0,120.0,37.0,1.4,True,2023,TL,GOAL,False,True,4.0,2.0,2.0,SHOOTOUT,CAN_WIN,4.0
3922837,African Cup of Nations,2023,Nigeria,South Africa,1,1,5,126,46,True,65732.0,Mothobi Mvala,South Africa,358410,Stanley Bobo Nwabali,lineup,Goal,Right Foot,Normal,0.7835,108.0,40.0,120.0,38.4,0.7,True,2023,BL,GOAL,False,True,2.0,4.0,-2.0,SHOOTOUT,MUST_SCORE,4.0
3922837,African Cup of Nations,2023,Nigeria,South Africa,1,1,5,127,29,True,3708.0,Kelechi Promise Iheanacho,Nigeria,66721,Ronwen Williams,lineup,Goal,Left Foot,Normal,0.7835,108.0,40.0,120.0,43.7,1.1,True,2023,BR,GOAL,True,False,4.0,2.0,2.0,SHOOTOUT,CAN_WIN,5.0
3922242,African Cup of Nations,2023,Senegal,Côte d'Ivoire,1,1,2,85,23,False,7023.0,Franck Yannick Kessié,Côte d'Ivoire,7379,Edouard Mendy,lineup,Goal,Right Foot,Normal,0.7835,108.1,40.1,120.0,41.6,1.1,True,2023,BR,GOAL,False,True,0.0,1.0,-1.0,TRAILING,,
3922242,African Cup of Nations,2023,Senegal,Côte d'Ivoire,1,1,5,120,26,True,5675.0,Kalidou Koulibaly,Senegal,36629,Yahia Fofana,lineup,Goal,Right Foot,Normal,0.7835,108.0,40.0,120.0,42.8,1.4,True,2023,TR,GOAL,False,True,4.0,5.0,-1.0,SHOOTOUT,STANDARD,1.0
3922242,African Cup of Nations,2023,Senegal,Côte d'Ivoire,1,1,5,121,39,True,3013.0,Nicolas Pépé,Côte d'Ivoire,7379,Edouard Mendy,lineup,Goal,Left Foot,Normal,0.7835,108.0,40.0,120.0,37.4,0.2,True,2023,BL,GOAL,True,False,5.0,4.0,1.0,SHOOTOUT,STANDARD,1.0
3922242,African Cup of Nations,2023,Senegal,Côte d'Ivoire,1,1,5,122,38,True,50498.0,Pape Matar Sarr,Senegal,36629,Yahia Fofana,lineup,Goal,Right Foot,Normal,0.7835,108.0,40.0,120.0,37.9,1.7,True,2023,TL,GOAL,False,True,4.0,5.0,-1.0,SHOOTOUT,STANDARD,2.0
3922242,African Cup of Nations,2023,Senegal,Côte d'Ivoire,1,1,5,123,47,True,12496.0,Christian Kouamé,Côte d'Ivoire,7379,Edouard Mendy,lineup,Goal,Right Foot,Normal,0.7835,108.0,40.0,120.0,43.2,0.3,True,2023,BR,GOAL,False,True,5.0,4.0,1.0,SHOOTOUT,STANDARD,2.0
3922242,African Cup of Nations,2023,Senegal,Côte d'Ivoire,1,1,5,124,49,True,3198.0,Moussa Niakhate,Senegal,36629,Yahia Fofana,freeze_frame,Post,Left Foot,Normal,0.7835,108.0,40.0,120.0,36.0,1.5,False,2023,POST,POST,True,False,4.0,5.0,-1.0,SHOOTOUT,STANDARD,3.0
3922242,African Cup of Nations,2023,Senegal,Côte d'Ivoire,1,1,5,125,47,True,8673.0,Sébastien Haller,Côte d'Ivoire,7379,Edouard Mendy,lineup,Goal,Right Foot,Normal,0.7835,108.0,40.0,120.0,37.2,1.6,True,2023,TL,GOAL,False,True,5.0,4.0,1.0,SHOOTOUT,STANDARD,3.0
3922242,African Cup of Nations,2023,Senegal,Côte d'Ivoire,1,1,5,126,37,True,88123.0,Cheikh Ahmadou Bamba Mbacke Dieng,Senegal,36629,Yahia Fofana,lineup,Goal,Right Foot,Normal,0.7835,108.0,40.0,120.0,36.6,0.2,True,2023,BL,GOAL,False,True,4.0,5.0,-1.0,SHOOTOUT,MUST_SCORE,4.0
3922242,African Cup of Nations,2023,Senegal,Côte d'Ivoire,1,1,5,127,39,True,3481.0,Serge Aurier,Côte d'Ivoire,7379,Edouard Mendy,lineup,Goal,Right Foot,Normal,0.7835,108.0,40.0,120.0,38.0,1.9,True,2023,TL,GOAL,False,True,5.0,4.0,1.0,SHOOTOUT,CAN_WIN,4.0
3922242,African Cup of Nations,2023,Senegal,Côte d'Ivoire,1,1,5,128,37,True,3629.0,Sadio Mané,Senegal,36629,Yahia Fofana,lineup,Goal,Right Foot,Normal,0.7835,108.0,40.0,120.0,41.0,1.5,True,2023,TC,GOAL,False,True,4.0,5.0,-1.0,SHOOTOUT,MUST_SCORE,5.0
3922242,African Cup of Nations,2023,Senegal,Côte d'Ivoire,1,1,5,129,48,True,7023.0,Franck Yannick Kessié,Côte d'Ivoire,7379,Edouard Mendy,lineup,Goal,Right Foot,Normal,0.7835,108.0,40.0,120.0,42.7,2.3,True,2023,TR,GOAL,False,True,5.0,4.0,1.0,SHOOTOUT,CAN_WIN,5.0
3922239,African Cup of Nations,2023,Equatorial Guinea,Guinea,0,1,2,68,31,False,13581.0,Emilio Nsue López,Equatorial Guinea,182573,Ibrahim Kone,freeze_frame,Post,Right Foot,Normal,0.7835,108.1,40.1,120.0,44.1,0.2,False,2023,POST,POST,False,True,0.0,0.0,0.0,LEVEL,,
3922659,African Cup of Nations,2023,Mali,Côte d'Ivoire,1,2,1,16,57,False,4464.0,Adama Traoré,Mali,36629,Yahia Fofana,lineup,Saved,Left Foot,Normal,0.7835,108.1,40.1,119.3,43.0,0.2,False,2023,BR,SAVED,True,False,0.0,0.0,0.0,LEVEL,,
3922658,African Cup of Nations,2023,Cape Verde Islands,South Africa,0,0,5,120,4,True,7900.0,Tiago Manuel Dias Correia,Cape Verde Islands,66721,Ronwen Williams,freeze_frame,Saved,Right Foot,Normal,0.7835,108.0,40.0,119.5,36.9,0.7,False,2023,BL,SAVED,False,True,1.0,2.0,-1.0,SHOOTOUT,STANDARD,1.0
3922658,African Cup of Nations,2023,Cape Verde Islands,South Africa,0,0,5,121,9,True,66716.0,Teboho Mokoena,South Africa,105932,Josimar José Évora Dias,lineup,Goal,Right Foot,Normal,0.7835,108.0,40.0,120.0,37.7,2.0,True,2023,TL,GOAL,False,True,2.0,1.0,1.0,SHOOTOUT,STANDARD,1.0
3922658,African Cup of Nations,2023,Cape Verde Islands,South Africa,0,0,5,122,0,True,28413.0,Willy Afonso Semedo Johnson,Cape Verde Islands,66721,Ronwen Williams,freeze_frame,Saved,Right Foot,Normal,0.7835,108.0,40.0,119.5,37.0,1.2,False,2023,BL,SAVED,False,True,1.0,2.0,-1.0,SHOOTOUT,STANDARD,2.0
3922658,African Cup of Nations,2023,Cape Verde Islands,South Africa,0,0,5,123,1,True,64607.0,Zakhele Lerato Lepasa,South Africa,105932,Josimar José Évora Dias,freeze_frame,Post,Right Foot,Normal,0.7835,108.0,40.0,120.0,40.5,2.8,False,2023,POST,POST,False,True,2.0,1.0,1.0,SHOOTOUT,STANDARD,2.0
3922658,African Cup of Nations,2023,Cape Verde Islands,South Africa,0,0,5,123,58,True,21173.0,Laros Duarte,Cape Verde Islands,66721,Ronwen Williams,freeze_frame,Saved,Right Foot,Normal,0.7835,108.0,40.0,119.5,37.1,0.9,False,2023,BL,SAVED,False,True,1.0,2.0,-1.0,SHOOTOUT,STANDARD,3.0
3922658,African Cup of Nations,2023,Cape Verde Islands,South Africa,0,0,5,125,8,True,65733.0,Aubrey Maphosa Modiba,South Africa,105932,Josimar José Évora Dias,lineup,Saved,Left Foot,Normal,0.7835,108.0,40.0,119.0,42.6,0.0,False,2023,BR,SAVED,True,False,2.0,1.0,1.0,SHOOTOUT,STANDARD,3.0
3922658,African Cup of Nations,2023,Cape Verde Islands,South Africa,0,0,5,126,18,True,32868.0,Bryan Silva Teixera,Cape Verde Islands,66721,Ronwen Williams,lineup,Goal,Right Foot,Normal,0.7835,108.0,40.0,120.0,43.2,1.3,True,2023,BR,GOAL,False,True,1.0,2.0,-1.0,SHOOTOUT,MUST_SCORE,4.0
3922658,African Cup of Nations,2023,Cape Verde Islands,South Africa,0,0,5,127,23,True,65732.0,Mothobi Mvala,South Africa,105932,Josimar José Évora Dias,lineup,Goal,Right Foot,Normal,0.7835,108.0,40.0,120.0,38.5,1.3,True,2023,BL,GOAL,False,True,2.0,1.0,1.0,SHOOTOUT,CAN_WIN,4.0
3922658,African Cup of Nations,2023,Cape Verde Islands,South Africa,0,0,5,128,27,True,50968.0,Erickson Patrick Correia Andrade,Cape Verde Islands,66721,Ronwen Williams,freeze_frame,Saved,Left Foot,Normal,0.7835,108.1,40.0,119.6,42.8,1.2,False,2023,BR,SAVED,True,False,1.0,2.0,-1.0,SHOOTOUT,MUST_SCORE,5.0
3922244,African Cup of Nations,2023,Mali,Burkina Faso,2,1,2,56,49,False,2956.0,Bertrand Isidore Traoré,Burkina Faso,102992,Djigui Diarra,lineup,Goal,Left Foot,Normal,0.7835,108.1,40.1,120.0,36.7,1.4,True,2023,TL,GOAL,True,False,0.0,1.0,-1.0,TRAILING,,
3922356,African Cup of Nations,2023,Congo DR,Guinea,3,1,1,20,2,False,8454.0,Mohamed Bayo,Guinea,35413,Lionel Mpasi-Nzau,lineup,Goal,Right Foot,Normal,0.7835,108.1,40.1,120.0,42.7,2.0,True,2023,TR,GOAL,False,True,0.0,0.0,0.0,LEVEL,,
3922356,African Cup of Nations,2023,Congo DR,Guinea,3,1,2,64,24,False,7294.0,Yoane Wissa,Congo DR,182573,Ibrahim Kone,lineup,Goal,Right Foot,Normal,0.7835,108.1,40.1,120.0,36.9,0.9,True,2023,BL,GOAL,False,True,1.0,1.0,0.0,LEVEL,,
3922243,African Cup of Nations,2023,Morocco,South Africa,0,2,2,84,41,False,5245.0,Achraf Hakimi Mouh,Morocco,66721,Ronwen Williams,freeze_frame,Post,Right Foot,Normal,0.7835,108.1,40.1,120.0,38.2,3.0,False,2023,POST,POST,False,True,0.0,1.0,-1.0,TRAILING,,
3922241,African Cup of Nations,2023,Cape Verde Islands,Mauritania,1,0,2,87,54,False,40485.0,Ryan Isaac Mendes da Graça,Cape Verde Islands,36951,Babacar Niasse,lineup,Goal,Right Foot,Normal,0.7835,108.0,40.0,120.0,40.3,1.0,True,2023,BC,GOAL,False,True,0.0,0.0,0.0,LEVEL,,
3922240,African Cup of Nations,2023,Egypt,Congo DR,1,1,1,45,42,False,66886.0,Mostafa Mohamed Ahmed Abdallah,Egypt,35413,Lionel Mpasi-Nzau,lineup,Goal,Right Foot,Normal,0.7835,108.0,40.0,120.0,43.3,2.0,True,2023,TR,GOAL,False,True,0.0,1.0,-1.0,TRAILING,,
3922240,African Cup of Nations,2023,Egypt,Congo DR,1,1,5,120,1,True,69563.0,Mohamed Abdel Monem,Egypt,35413,Lionel Mpasi-Nzau,lineup,Goal,Right Foot,Normal,0.7835,108.0,40.0,120.0,36.5,1.4,True,2023,TL,GOAL,False,True,7.0,8.0,-1.0,SHOOTOUT,STANDARD,1.0
3922240,African Cup of Nations,2023,Egypt,Congo DR,1,1,5,121,1,True,4412.0,Samuel Moutoussamy,Congo DR,66879,Mohamed Abougabal,lineup,Goal,Left Foot,Normal,0.7835,108.0,40.0,120.0,43.7,1.0,True,2023,BR,GOAL,True,False,8.0,7.0,1.0,SHOOTOUT,STANDARD,1.0
3922240,African Cup of Nations,2023,Egypt,Congo DR,1,1,5,121,51,True,66886.0,Mostafa Mohamed Ahmed Abdallah,Egypt,35413,Lionel Mpasi-Nzau,freeze_frame,Off T,Right Foot,Normal,0.7835,108.0,40.0,120.0,45.1,1.2,False,2023,WIDE,WIDE,False,True,7.0,8.0,-1.0,SHOOTOUT,STANDARD,2.0
3922240,African Cup of Nations,2023,Egypt,Congo DR,1,1,5,122,48,True,3587.0,Arthur Masuaku,Congo DR,66879,Mohamed Abougabal,freeze_frame,Off T,Left Foot,Normal,0.7835,108.0,40.0,120.0,41.2,4.7,False,2023,OVER,OVER,True,False,8.0,7.0,1.0,SHOOTOUT,STANDARD,2.0
3922240,African Cup of Nations,2023,Egypt,Congo DR,1,1,5,123,34,True,40761.0,Omar Marmoush,Egypt,35413,Lionel Mpasi-Nzau,lineup,Goal,Right Foot,Normal,0.7835,108.0,40.0,120.0,36.5,2.1,True,2023,TL,GOAL,False,True,7.0,8.0,-1.0,SHOOTOUT,STANDARD,3.0
3922240,African Cup of Nations,2023,Egypt,Congo DR,1,1,5,124,31,True,18244.0,Grady Diangana,Congo DR,66879,Mohamed Abougabal,lineup,Goal,Left Foot,Normal,0.7835,108.0,40.0,120.0,40.8,0.1,True,2023,BC,GOAL,True,False,8.0,7.0,1.0,SHOOTOUT,STANDARD,3.0
3922240,African Cup of Nations,2023,Egypt,Congo DR,1,1,5,125,34,True,70783.0,Omar Kamal Abdel Wahed,Egypt,35413,Lionel Mpasi-Nzau,lineup,Goal,Right Foot,Normal,0.7835,108.0,40.0,120.0,42.3,0.3,True,2023,BR,GOAL,False,True,7.0,8.0,-1.0,SHOOTOUT,MUST_SCORE,4.0
3922240,African Cup of Nations,2023,Egypt,Congo DR,1,1,5,126,20,True,13329.0,Silas Katompa Mvumpa,Congo DR,66879,Mohamed Abougabal,lineup,Goal,Right Foot,Normal,0.7835,108.0,40.0,120.0,43.7,0.2,True,2023,BR,GOAL,False,True,8.0,7.0,1.0,SHOOTOUT,CAN_WIN,4.0
3922240,African Cup of Nations,2023,Egypt,Congo DR,1,1,5,127,8,True,66892.0,Mohamed Hany Gamal Eldemerdash,Egypt,35413,Lionel Mpasi-Nzau,lineup,Goal,Right Foot,Normal,0.7835,108.0,40.0,120.0,43.5,1.7,True,2023,TR,GOAL,False,True,7.0,8.0,-1.0,SHOOTOUT,MUST_SCORE,5.0
3922240,African Cup of Nations,2023,Egypt,Congo DR,1,1,5,127,59,True,4753.0,Aaron Tshibola,Congo DR,66879,Mohamed Abougabal,lineup,Goal,Right Foot,Normal,0.7835,108.0,40.0,120.0,42.0,0.3,True,2023,BR,GOAL,False,True,8.0,7.0,1.0,SHOOTOUT,CAN_WIN,5.0
3922240,African Cup of Nations,2023,Egypt,Congo DR,1,1,5,128,45,True,4063.0,Ahmed Elsayed Ali Elsayed Hegazy,Egypt,35413,Lionel Mpasi-Nzau,lineup,Goal,Right Foot,Normal,0.7835,108.0,40.0,120.0,38.3,0.4,True,2023,BL,GOAL,False,True,7.0,8.0,-1.0,SHOOTOUT,MUST_SCORE,6.0
3922240,African Cup of Nations,2023,Egypt,Congo DR,1,1,5,129,41,True,30193.0,Gedeon Kalulu Kyatengwa,Congo DR,66879,Mohamed Abougabal,lineup,Goal,Right Foot,Normal,0.7835,108.0,40.0,120.0,42.9,1.4,True,2023,TR,GOAL,False,True,8.0,7.0,1.0,SHOOTOUT,CAN_WIN,6.0
3922240,African Cup of Nations,2023,Egypt,Congo DR,1,1,5,130,26,True,68755.0,Mostafa Fathi,Egypt,35413,Lionel Mpasi-Nzau,lineup,Goal,Left Foot,Normal,0.7835,108.0,40.0,120.0,42.7,1.9,True,2023,TR,GOAL,True,False,7.0,8.0,-1.0,SHOOTOUT,MUST_SCORE,7.0
3922240,African Cup of Nations,2023,Egypt,Congo DR,1,1,5,131,18,True,3044.0,Chancel Mbemba Mangulu,Congo DR,66879,Mohamed Abougabal,lineup,Goal,Right Foot,Normal,0.7835,108.0,40.0,120.0,41.4,0.2,True,2023,BR,GOAL,False,True,8.0,7.0,1.0,SHOOTOUT,CAN_WIN,7.0
3922240,African Cup of Nations,2023,Egypt,Congo DR,1,1,5,132,0,True,67728.0,Mahmoud Hamada,Egypt,35413,Lionel Mpasi-Nzau,lineup,Goal,Right Foot,Normal,0.7835,108.0,40.0,120.0,37.0,1.5,True,2023,TL,GOAL,False,True,7.0,8.0,-1.0,SHOOTOUT,MUST_SCORE,8.0
3922240,African Cup of Nations,2023,Egypt,Congo DR,1,1,5,132,55,True,105946.0,Henoc Inonga Baka,Congo DR,66879,Mohamed Abougabal,lineup,Goal,Right Foot,Normal,0.7835,108.0,40.0,120.0,37.0,0.9,True,2023,BL,GOAL,False,True,8.0,7.0,1.0,SHOOTOUT,CAN_WIN,8.0
3922240,African Cup of Nations,2023,Egypt,Congo DR,1,1,5,133,46,True,66879.0,Mohamed Abougabal,Egypt,35413,Lionel Mpasi-Nzau,freeze_frame,Post,Right Foot,Normal,0.7835,108.0,40.0,120.0,37.0,2.9,False,2023,POST,POST,False,True,7.0,8.0,-1.0,SHOOTOUT,MUST_SCORE,9.0
3922240,African Cup of Nations,2023,Egypt,Congo DR,1,1,5,134,22,True,35413.0,Lionel Mpasi-Nzau,Congo DR,66879,Mohamed Abougabal,lineup,Goal,Right Foot,Normal,0.7835,108.0,40.0,120.0,42.8,1.9,True,2023,TR,GOAL,False,True,8.0,7.0,1.0,SHOOTOUT,CAN_WIN,9.0
3920385,African Cup of Nations,2023,Egypt,Mozambique,2,2,2,96,5,False,3531.0,Mohamed Salah,Egypt,136064,Ernan Alberto Siluane,lineup,Goal,Left Foot,Normal,0.7835,108.1,40.1,120.0,35.9,1.3,True,2023,BL,GOAL,True,False,1.0,2.0,-1.0,TRAILING,,
3920410,African Cup of Nations,2023,Mozambique,Ghana,2,2,1,14,47,False,3450.0,Jordan Ayew,Ghana,161718,Ivane Carminio Francisco Urrubal,lineup,Goal,Right Foot,Normal,0.7835,108.1,40.1,120.0,43.8,0.2,True,2023,BR,GOAL,False,True,0.0,0.0,0.0,LEVEL,,
3920410,African Cup of Nations,2023,Mozambique,Ghana,2,2,2,69,9,False,3450.0,Jordan Ayew,Ghana,161718,Ivane Carminio Francisco Urrubal,lineup,Goal,Right Foot,Normal,0.7835,108.0,40.0,120.0,37.1,1.5,True,2023,TL,GOAL,False,True,1.0,0.0,1.0,LEADING,,
3920410,African Cup of Nations,2023,Mozambique,Ghana,2,2,2,90,38,False,127300.0,Geny Cipriano Catamo,Mozambique,68757,Richard Ofori Antwi,lineup,Goal,Left Foot,Normal,0.7835,108.1,40.1,120.0,42.6,0.2,True,2023,BR,GOAL,True,False,0.0,2.0,-2.0,TRAILING,,
3920407,African Cup of Nations,2023,South Africa,Namibia,4,0,1,13,20,False,29367.0,Percy Tau,South Africa,125324,Lloyd Junior Kazapua,lineup,Goal,Left Foot,Normal,0.7835,108.0,40.0,120.0,43.0,0.2,True,2023,BR,GOAL,True,False,0.0,0.0,0.0,LEVEL,,
3920405,African Cup of Nations,2023,Morocco,Congo DR,1,1,1,41,14,False,6862.0,Cédric Bakambu,Congo DR,6785,Yassine Bounou,freeze_frame,Post,Right Foot,Normal,0.7835,108.1,40.1,120.0,36.1,0.2,False,2023,POST,POST,False,True,0.0,1.0,-1.0,TRAILING,,
3920402,African Cup of Nations,2023,Algeria,Burkina Faso,2,2,2,70,42,False,2956.0,Bertrand Isidore Traoré,Burkina Faso,41381,Anthony Louis Mandréa,lineup,Goal,Left Foot,Normal,0.7835,108.1,40.1,120.0,41.0,0.7,True,2023,BC,GOAL,True,False,1.0,1.0,0.0,LEVEL,,
3920398,African Cup of Nations,2023,Côte d'Ivoire,Nigeria,0,1,2,54,8,False,5455.0,William Troost-Ekong,Nigeria,36629,Yahia Fofana,lineup,Goal,Right Foot,Normal,0.7835,108.0,40.0,120.0,40.1,1.6,True,2023,TC,GOAL,False,True,0.0,0.0,0.0,LEVEL,,
3920392,African Cup of Nations,2023,Burkina Faso,Mauritania,1,0,2,95,20,False,2956.0,Bertrand Isidore Traoré,Burkina Faso,36951,Babacar Niasse,lineup,Goal,Left Foot,Normal,0.7835,108.1,40.1,120.0,36.6,1.4,True,2023,TL,GOAL,True,False,0.0,0.0,0.0,LEVEL,,
3920391,African Cup of Nations,2023,Mali,South Africa,2,0,1,18,47,False,29367.0,Percy Tau,South Africa,102992,Djigui Diarra,freeze_frame,Off T,Left Foot,Normal,0.7835,108.1,40.1,120.0,36.8,3.6,False,2023,OVER,OVER,True,False,0.0,0.0,0.0,LEVEL,,
3920390,African Cup of Nations,2023,Algeria,Angola,1,1,2,67,8,False,128881.0,Cristóvão Paciência Mabululo,Angola,41381,Anthony Louis Mandréa,lineup,Goal,Right Foot,Normal,0.7835,108.1,40.1,120.0,38.2,0.4,True,2023,BL,GOAL,False,True,0.0,1.0,-1.0,TRAILING,,
22912,Champions League,2018/2019,Tottenham Hotspur,Liverpool,0,2,1,1,48,False,3531.0,Mohamed Salah,Liverpool,3099,Hugo Lloris,lineup,Goal,Left Foot,Normal,0.7835,108.2,40.1,120.0,42.5,0.9,True,2018,BR,GOAL,True,False,0.0,0.0,0.0,LEVEL,,
18243,Champions League,2015/2016,Real Madrid,Atlético Madrid,1,1,2,47,8,False,5487.0,Antoine Griezmann,Atlético Madrid,5597,Keylor Navas Gamboa,lineup,Post,Left Foot,Normal,0.7835,108.0,40.0,120.0,40.3,2.7,False,2015,POST,POST,True,False,0.0,1.0,-1.0,TRAILING,,
18243,Champions League,2015/2016,Real Madrid,Atlético Madrid,1,1,5,120,0,True,5200.0,Lucas Vázquez Iglesias,Real Madrid,6378,Jan Oblak,lineup,Goal,Right Foot,Normal,0.7835,109.0,41.0,120.0,42.8,0.3,True,2015,BR,GOAL,False,True,5.0,3.0,2.0,SHOOTOUT,STANDARD,1.0
18243,Champions League,2015/2016,Real Madrid,Atlético Madrid,1,1,5,120,43,True,5487.0,Antoine Griezmann,Atlético Madrid,5597,Keylor Navas Gamboa,lineup,Goal,Left Foot,Normal,0.7835,109.0,41.0,120.0,38.0,0.3,True,2015,BL,GOAL,True,False,3.0,5.0,-2.0,SHOOTOUT,MUST_SCORE,1.0
18243,Champions League,2015/2016,Real Madrid,Atlético Madrid,1,1,5,121,21,True,5552.0,Marcelo Vieira da Silva Júnior,Real Madrid,6378,Jan Oblak,lineup,Goal,Left Foot,Normal,0.7835,109.0,41.0,120.0,43.6,1.3,True,2015,BR,GOAL,True,False,5.0,3.0,2.0,SHOOTOUT,STANDARD,2.0
18243,Champions League,2015/2016,Real Madrid,Atlético Madrid,1,1,5,121,57,True,6384.0,Gabriel Fernández Arenas,Atlético Madrid,5597,Keylor Navas Gamboa,lineup,Goal,Right Foot,Normal,0.7835,109.0,41.0,120.0,36.8,2.2,True,2015,TL,GOAL,False,True,3.0,5.0,-2.0,SHOOTOUT,MUST_SCORE,2.0
18243,Champions League,2015/2016,Real Madrid,Atlético Madrid,1,1,5,122,36,True,6399.0,Gareth Frank Bale,Real Madrid,6378,Jan Oblak,lineup,Goal,Left Foot,Normal,0.7835,109.0,41.0,120.0,43.6,0.2,True,2015,BR,GOAL,True,False,5.0,3.0,2.0,SHOOTOUT,STANDARD,3.0
18243,Champions League,2015/2016,Real Madrid,Atlético Madrid,1,1,5,123,23,True,6381.0,Saúl Ñíguez Esclapez,Atlético Madrid,5597,Keylor Navas Gamboa,lineup,Goal,Left Foot,Normal,0.7835,109.0,41.0,120.0,36.8,0.1,True,2015,BL,GOAL,True,False,3.0,5.0,-2.0,SHOOTOUT,MUST_SCORE,3.0
18243,Champions League,2015/2016,Real Madrid,Atlético Madrid,1,1,5,124,1,True,5201.0,Sergio Ramos García,Real Madrid,6378,Jan Oblak,lineup,Goal,Right Foot,Normal,0.7835,109.0,41.0,120.0,43.4,0.4,True,2015,BR,GOAL,False,True,5.0,3.0,2.0,SHOOTOUT,CAN_WIN,4.0
18243,Champions League,2015/2016,Real Madrid,Atlético Madrid,1,1,5,124,32,True,6375.0,Juan Francisco Torres Belén,Atlético Madrid,5597,Keylor Navas Gamboa,lineup,Post,Right Foot,Normal,0.7835,109.0,41.0,120.0,36.0,0.1,False,2015,POST,POST,False,True,3.0,5.0,-2.0,SHOOTOUT,MUST_SCORE,4.0
18243,Champions League,2015/2016,Real Madrid,Atlético Madrid,1,1,5,125,12,True,5207.0,Cristiano Ronaldo dos Santos Aveiro,Real Madrid,6378,Jan Oblak,lineup,Goal,Right Foot,Normal,0.7835,109.0,41.0,120.0,42.6,1.8,True,2015,TR,GOAL,False,True,5.0,3.0,2.0,SHOOTOUT,CAN_WIN,5.0
18241,Champions League,2013/2014,Real Madrid,Atlético Madrid,4,1,4,119,53,False,5207.0,Cristiano Ronaldo dos Santos Aveiro,Real Madrid,3509,Thibaut Courtois,lineup,Goal,Right Foot,Normal,0.7835,108.0,40.0,120.0,42.4,1.5,True,2013,TR,GOAL,False,True,3.0,1.0,2.0,LEADING,,
18240,Champions League,2012/2013,Borussia Dortmund,Bayern Munich,1,2,2,67,34,False,10287.0,İlkay Gündoğan,Borussia Dortmund,5570,Manuel Neuer,lineup,Goal,Right Foot,Normal,0.7835,108.0,40.0,120.0,43.0,0.2,True,2012,BR,GOAL,False,True,0.0,1.0,-1.0,TRAILING,,
18237,Champions League,2011/2012,Bayern Munich,Chelsea,1,1,3,94,45,False,8218.0,Arjen Robben,Bayern Munich,3461,Petr Čech,lineup,Saved,Left Foot,Normal,0.7835,109.0,41.0,120.0,42.0,0.5,False,2011,BR,SAVED,True,False,1.0,1.0,0.0,LEVEL,,
18237,Champions League,2011/2012,Bayern Munich,Chelsea,1,1,5,120,11,True,19295.0,Philipp Lahm,Bayern Munich,3461,Petr Čech,lineup,Goal,Right Foot,Normal,0.7835,108.0,40.0,120.0,43.4,1.7,True,2011,TR,GOAL,False,True,3.0,4.0,-1.0,SHOOTOUT,STANDARD,1.0
18237,Champions League,2011/2012,Bayern Munich,Chelsea,1,1,5,120,56,True,3294.0,Juan Manuel Mata García,Chelsea,5570,Manuel Neuer,lineup,Saved,Left Foot,Normal,0.7835,108.0,40.0,119.0,41.3,0.5,False,2011,BC,SAVED,True,False,4.0,3.0,1.0,SHOOTOUT,STANDARD,1.0
18237,Champions League,2011/2012,Bayern Munich,Chelsea,1,1,5,121,33,True,5565.0,Mario Gómez García,Bayern Munich,3461,Petr Čech,lineup,Goal,Right Foot,Normal,0.7835,108.0,40.0,119.0,43.2,0.2,True,2011,BR,GOAL,False,True,3.0,4.0,-1.0,SHOOTOUT,STANDARD,2.0
18237,Champions League,2011/2012,Bayern Munich,Chelsea,1,1,5,122,14,True,3956.0,David Luiz Moreira Marinho,Chelsea,5570,Manuel Neuer,lineup,Goal,Right Foot,Normal,0.7835,108.0,40.0,119.0,43.6,2.0,True,2011,TR,GOAL,False,True,4.0,3.0,1.0,SHOOTOUT,STANDARD,2.0
18237,Champions League,2011/2012,Bayern Munich,Chelsea,1,1,5,123,3,True,5570.0,Manuel Neuer,Bayern Munich,3461,Petr Čech,lineup,Goal,Right Foot,Normal,0.7835,108.0,40.0,119.0,36.6,0.5,True,2011,BL,GOAL,False,True,3.0,4.0,-1.0,SHOOTOUT,STANDARD,3.0
18237,Champions League,2011/2012,Bayern Munich,Chelsea,1,1,5,123,48,True,20330.0,Frank Lampard,Chelsea,5570,Manuel Neuer,lineup,Goal,Right Foot,Normal,0.7835,108.0,40.0,119.0,40.1,1.8,True,2011,TC,GOAL,False,True,4.0,3.0,1.0,SHOOTOUT,STANDARD,3.0
18237,Champions League,2011/2012,Bayern Munich,Chelsea,1,1,5,124,28,True,19289.0,Ivica Olić,Bayern Munich,3461,Petr Čech,lineup,Saved,Left Foot,Normal,0.7835,108.0,40.0,119.0,42.6,1.2,False,2011,BR,SAVED,True,False,3.0,4.0,-1.0,SHOOTOUT,MUST_SCORE,4.0
18237,Champions League,2011/2012,Bayern Munich,Chelsea,1,1,5,125,18,True,12529.0,Ashley Cole,Chelsea,5570,Manuel Neuer,lineup,Goal,Left Foot,Normal,0.7835,108.0,40.0,120.0,43.8,1.2,True,2011,BR,GOAL,True,False,4.0,3.0,1.0,SHOOTOUT,CAN_WIN,4.0
18237,Champions League,2011/2012,Bayern Munich,Chelsea,1,1,5,126,4,True,18414.0,Bastian Schweinsteiger,Bayern Munich,3461,Petr Čech,lineup,Saved,Right Foot,Normal,0.7835,108.0,40.0,119.0,43.2,0.9,False,2011,BR,SAVED,False,True,3.0,4.0,-1.0,SHOOTOUT,MUST_SCORE,5.0
18237,Champions League,2011/2012,Bayern Munich,Chelsea,1,1,5,127,6,True,20352.0,Didier Yves Drogba Tébily,Chelsea,5570,Manuel Neuer,lineup,Goal,Right Foot,Normal,0.7835,108.0,40.0,120.0,36.8,0.2,True,2011,BL,GOAL,False,True,4.0,3.0,1.0,SHOOTOUT,CAN_WIN,5.0
2302764,Champions League,2004/2005,AC Milan,Liverpool,3,3,2,59,50,False,20133.0,Xabier Alonso Olano,Liverpool,34393,Nelson de Jesus da Silva,freeze_frame,Saved,Right Foot,Normal,0.7835,107.9,39.9,120.0,37.4,0.0,False,2004,BL,SAVED,False,True,2.0,3.0,-1.0,TRAILING,,
2302764,Champions League,2004/2005,AC Milan,Liverpool,3,3,5,120,1,True,34385.0,Claudio Santos,AC Milan,34390,Jerzy Dudek,freeze_frame,Off T,Left Foot,Normal,0.7835,108.2,40.1,120.0,36.4,3.9,False,2004,OVER,OVER,True,False,2.0,3.0,-1.0,SHOOTOUT,STANDARD,1.0
2302764,Champions League,2004/2005,AC Milan,Liverpool,3,3,5,120,50,True,18103.0,Dietmar Hamann,Liverpool,34393,Nelson de Jesus da Silva,lineup,Goal,Right Foot,Normal,0.7835,107.9,40.1,120.0,36.6,1.7,True,2004,TL,GOAL,False,True,3.0,2.0,1.0,SHOOTOUT,STANDARD,1.0
2302764,Champions League,2004/2005,AC Milan,Liverpool,3,3,5,121,40,True,19849.0,Andrea Pirlo,AC Milan,34390,Jerzy Dudek,freeze_frame,Saved,Right Foot,Normal,0.7835,107.9,40.1,118.7,37.7,0.5,False,2004,BL,SAVED,False,True,2.0,3.0,-1.0,SHOOTOUT,STANDARD,2.0
2302764,Champions League,2004/2005,AC Milan,Liverpool,3,3,5,122,37,True,34384.0,Djibril Cissé,Liverpool,34393,Nelson de Jesus da Silva,lineup,Goal,Right Foot,Normal,0.7835,107.8,40.0,120.0,42.3,0.5,True,2004,BR,GOAL,False,True,3.0,2.0,1.0,SHOOTOUT,STANDARD,2.0
2302764,Champions League,2004/2005,AC Milan,Liverpool,3,3,5,123,17,True,15526.0,Jon Dahl Tomasson,AC Milan,34390,Jerzy Dudek,lineup,Goal,Right Foot,Normal,0.7835,107.9,40.0,120.0,37.9,0.3,True,2004,BL,GOAL,False,True,2.0,3.0,-1.0,SHOOTOUT,STANDARD,3.0
2302764,Champions League,2004/2005,AC Milan,Liverpool,3,3,5,124,11,True,34386.0,John Arne Semundseth Riise,Liverpool,34393,Nelson de Jesus da Silva,freeze_frame,Saved,Left Foot,Normal,0.7835,108.0,40.1,119.3,37.0,0.1,False,2004,BL,SAVED,True,False,3.0,2.0,1.0,SHOOTOUT,STANDARD,3.0
2302764,Champions League,2004/2005,AC Milan,Liverpool,3,3,5,125,3,True,26712.0,Ricardo Izecson dos Santos Leite,AC Milan,34390,Jerzy Dudek,lineup,Goal,Right Foot,Normal,0.7835,108.1,40.0,120.0,37.9,2.0,True,2004,TL,GOAL,False,True,2.0,3.0,-1.0,SHOOTOUT,MUST_SCORE,4.0
2302764,Champions League,2004/2005,AC Milan,Liverpool,3,3,5,125,43,True,15280.0,Vladimir Smicer,Liverpool,34393,Nelson de Jesus da Silva,lineup,Goal,Right Foot,Normal,0.7835,108.1,40.0,120.0,42.2,0.8,True,2004,BR,GOAL,False,True,3.0,2.0,1.0,SHOOTOUT,CAN_WIN,4.0
3943076,Copa America,2024,Canada,Uruguay,2,2,5,120,5,True,23640.0,Jonathan David,Canada,36710,Sergio Rochet Álvarez,lineup,Goal,Right Foot,Normal,0.7835,108.0,40.0,120.0,37.0,0.2,True,2024,BL,GOAL,False,True,3.0,4.0,-1.0,SHOOTOUT,STANDARD,1.0
3943076,Copa America,2024,Canada,Uruguay,2,2,5,120,53,True,6773.0,Federico Santiago Valverde Dipetta,Uruguay,36794,Dayne Tristan St. Clair,lineup,Goal,Right Foot,Normal,0.7835,108.0,40.0,120.0,36.6,0.2,True,2024,BL,GOAL,False,True,4.0,3.0,1.0,SHOOTOUT,STANDARD,1.0
3943076,Copa America,2024,Canada,Uruguay,2,2,5,122,28,True,383250.0,Moise Bombito,Canada,36710,Sergio Rochet Álvarez,lineup,Goal,Right Foot,Normal,0.7835,107.9,40.0,120.0,42.1,0.2,True,2024,BR,GOAL,False,True,3.0,4.0,-1.0,SHOOTOUT,STANDARD,2.0
3943076,Copa America,2024,Canada,Uruguay,2,2,5,123,11,True,5260.0,Rodrigo Bentancur Colmán,Uruguay,36794,Dayne Tristan St. Clair,lineup,Goal,Right Foot,Normal,0.7835,108.1,40.0,120.0,36.5,2.1,True,2024,TL,GOAL,False,True,4.0,3.0,1.0,SHOOTOUT,STANDARD,2.0
3943076,Copa America,2024,Canada,Uruguay,2,2,5,124,7,True,133229.0,Ismael Koné,Canada,36710,Sergio Rochet Álvarez,lineup,Saved,Right Foot,Normal,0.7835,108.0,40.0,119.0,37.3,0.2,False,2024,BL,SAVED,False,True,3.0,4.0,-1.0,SHOOTOUT,STANDARD,3.0
3943076,Copa America,2024,Canada,Uruguay,2,2,5,124,50,True,5258.0,Giorgian Daniel De Arrascaeta Benedetti,Uruguay,36794,Dayne Tristan St. Clair,lineup,Goal,Right Foot,Normal,0.7835,108.1,40.0,120.0,40.7,1.9,True,2024,TC,GOAL,False,True,4.0,3.0,1.0,SHOOTOUT,STANDARD,3.0
3943076,Copa America,2024,Canada,Uruguay,2,2,5,125,42,True,18639.0,Mathieu Choiniere,Canada,36710,Sergio Rochet Álvarez,lineup,Goal,Right Foot,Normal,0.7835,108.0,40.0,120.0,36.9,1.4,True,2024,TL,GOAL,False,True,3.0,4.0,-1.0,SHOOTOUT,MUST_SCORE,4.0
3943076,Copa America,2024,Canada,Uruguay,2,2,5,126,24,True,5246.0,Luis Alberto Suárez Díaz,Uruguay,36794,Dayne Tristan St. Clair,lineup,Goal,Right Foot,Normal,0.7835,108.0,40.0,120.0,43.6,1.6,True,2024,TR,GOAL,False,True,4.0,3.0,1.0,SHOOTOUT,CAN_WIN,4.0
3943076,Copa America,2024,Canada,Uruguay,2,2,5,127,9,True,12365.0,Alphonso Davies,Canada,36710,Sergio Rochet Álvarez,freeze_frame,Post,Left Foot,Normal,0.7835,108.0,40.0,120.0,40.3,2.8,False,2024,POST,POST,True,False,3.0,4.0,-1.0,SHOOTOUT,MUST_SCORE,5.0
3942416,Copa America,2024,Colombia,Panama,5,0,1,14,55,False,5695.0,James David Rodríguez Rubio,Colombia,104179,Orlando Mosquera,lineup,Goal,Left Foot,Normal,0.7835,108.1,40.1,120.0,42.8,2.0,True,2024,TR,GOAL,True,False,1.0,0.0,1.0,LEADING,,
3942416,Copa America,2024,Colombia,Panama,5,0,2,93,54,False,6333.0,Miguel Ángel Borja Hernández,Colombia,104179,Orlando Mosquera,lineup,Goal,Right Foot,Normal,0.7835,108.0,40.0,120.0,43.0,0.5,True,2024,BR,GOAL,False,True,4.0,0.0,4.0,LEADING,,
3942415,Copa America,2024,Uruguay,Brazil,0,0,5,120,36,True,6773.0,Federico Santiago Valverde Dipetta,Uruguay,5547,Alisson Ramsés Becker,lineup,Goal,Right Foot,Normal,0.7835,108.1,40.1,120.0,36.8,0.3,True,2024,BL,GOAL,False,True,4.0,2.0,2.0,SHOOTOUT,STANDARD,1.0
3942415,Copa America,2024,Uruguay,Brazil,0,0,5,121,42,True,13620.0,Éder Gabriel Militão,Brazil,36710,Sergio Rochet Álvarez,lineup,Saved,Right Foot,Normal,0.7835,108.1,40.1,118.9,42.4,1.3,False,2024,BR,SAVED,False,True,2.0,4.0,-2.0,SHOOTOUT,MUST_SCORE,1.0
3942415,Copa America,2024,Uruguay,Brazil,0,0,5,122,28,True,5260.0,Rodrigo Bentancur Colmán,Uruguay,5547,Alisson Ramsés Becker,lineup,Goal,Right Foot,Normal,0.7835,108.1,40.1,120.0,43.3,0.7,True,2024,BR,GOAL,False,True,4.0,2.0,2.0,SHOOTOUT,STANDARD,2.0
3942415,Copa America,2024,Uruguay,Brazil,0,0,5,123,21,True,6846.0,Andreas Hoelgebaum Pereira,Brazil,36710,Sergio Rochet Álvarez,lineup,Goal,Right Foot,Normal,0.7835,108.1,40.1,120.0,36.5,0.2,True,2024,BL,GOAL,False,True,2.0,4.0,-2.0,SHOOTOUT,MUST_SCORE,2.0
3942415,Copa America,2024,Uruguay,Brazil,0,0,5,124,3,True,5258.0,Giorgian Daniel De Arrascaeta Benedetti,Uruguay,5547,Alisson Ramsés Becker,lineup,Goal,Right Foot,Normal,0.7835,108.1,40.1,120.0,38.2,2.0,True,2024,TL,GOAL,False,True,4.0,2.0,2.0,SHOOTOUT,STANDARD,3.0
3942415,Copa America,2024,Uruguay,Brazil,0,0,5,125,7,True,6574.0,Douglas Luiz Soares de Paulo,Brazil,36710,Sergio Rochet Álvarez,freeze_frame,Post,Right Foot,Normal,0.7835,108.1,40.1,120.0,36.1,0.8,False,2024,POST,POST,False,True,2.0,4.0,-2.0,SHOOTOUT,MUST_SCORE,3.0
3942415,Copa America,2024,Uruguay,Brazil,0,0,5,125,58,True,5259.0,José María Giménez de Vargas,Uruguay,5547,Alisson Ramsés Becker,lineup,Saved,Right Foot,Normal,0.7835,108.1,40.1,120.0,42.5,1.1,False,2024,BR,SAVED,False,True,4.0,2.0,2.0,SHOOTOUT,CAN_WIN,4.0
3942415,Copa America,2024,Uruguay,Brazil,0,0,5,126,47,True,29976.0,Gabriel Teodoro Martinelli Silva,Brazil,36710,Sergio Rochet Álvarez,lineup,Goal,Right Foot,Normal,0.7835,108.1,40.1,120.0,42.2,1.3,True,2024,BR,GOAL,False,True,2.0,4.0,-2.0,SHOOTOUT,MUST_SCORE,4.0
3942415,Copa America,2024,Uruguay,Brazil,0,0,5,127,32,True,36659.0,Manuel Ugarte Ribeiro,Uruguay,5547,Alisson Ramsés Becker,lineup,Goal,Right Foot,Normal,0.7835,108.1,40.1,120.0,42.0,1.6,True,2024,TR,GOAL,False,True,4.0,2.0,2.0,SHOOTOUT,CAN_WIN,5.0
3939986,Copa America,2024,Argentina,Peru,2,0,2,71,9,False,16308.0,Leandro Daniel Paredes,Argentina,5528,Pedro David Gallese Quiróz,freeze_frame,Post,Right Foot,Normal,0.7835,108.0,40.0,120.0,44.0,1.5,False,2024,POST,POST,False,True,1.0,0.0,1.0,LEADING,,
3942229,Copa America,2024,Venezuela,Canada,1,1,5,120,2,True,4041.0,José Salomón Rondón Giménez,Venezuela,23758,Maxime Crépeau,lineup,Goal,Right Foot,Normal,0.7835,108.1,40.1,120.0,42.7,0.2,True,2024,BR,GOAL,False,True,3.0,4.0,-1.0,SHOOTOUT,STANDARD,1.0
3942229,Copa America,2024,Venezuela,Canada,1,1,5,120,49,True,23640.0,Jonathan David,Canada,32012,Rafael Enrique Romo Pérez,lineup,Goal,Right Foot,Normal,0.7835,108.1,40.1,120.0,43.4,1.2,True,2024,BR,GOAL,False,True,4.0,3.0,1.0,SHOOTOUT,STANDARD,1.0
3942229,Copa America,2024,Venezuela,Canada,1,1,5,121,30,True,16249.0,Yangel Clemente Herrera Ravelo,Venezuela,23758,Maxime Crépeau,freeze_frame,Post,Right Foot,Normal,0.7835,107.8,40.1,120.0,36.1,0.2,False,2024,POST,POST,False,True,3.0,4.0,-1.0,SHOOTOUT,STANDARD,2.0
3942229,Copa America,2024,Venezuela,Canada,1,1,5,122,11,True,23363.0,Liam Millar,Canada,32012,Rafael Enrique Romo Pérez,freeze_frame,Off T,Right Foot,Normal,0.7835,107.9,40.1,120.0,42.5,4.1,False,2024,OVER,OVER,False,True,4.0,3.0,1.0,SHOOTOUT,STANDARD,2.0
3942229,Copa America,2024,Venezuela,Canada,1,1,5,122,57,True,7475.0,Tomás Eduardo Rincón Hernández,Venezuela,23758,Maxime Crépeau,lineup,Goal,Right Foot,Normal,0.7835,108.1,40.1,120.0,38.9,1.0,True,2024,BC,GOAL,False,True,3.0,4.0,-1.0,SHOOTOUT,STANDARD,3.0
3942229,Copa America,2024,Venezuela,Canada,1,1,5,124,9,True,383250.0,Moise Bombito,Canada,32012,Rafael Enrique Romo Pérez,lineup,Goal,Right Foot,Normal,0.7835,107.9,40.1,120.0,42.6,0.7,True,2024,BR,GOAL,False,True,4.0,3.0,1.0,SHOOTOUT,STANDARD,3.0
3942229,Copa America,2024,Venezuela,Canada,1,1,5,125,2,True,13025.0,Jefferson David Savarino Quintero,Venezuela,23758,Maxime Crépeau,lineup,Saved to Post,Right Foot,Normal,0.7835,108.1,40.1,119.4,37.5,1.2,False,2024,BL,SAVED,False,True,3.0,4.0,-1.0,SHOOTOUT,MUST_SCORE,4.0
3942229,Copa America,2024,Venezuela,Canada,1,1,5,125,55,True,11187.0,Stephen Antunes Eustáquio,Canada,32012,Rafael Enrique Romo Pérez,lineup,Saved,Right Foot,Normal,0.7835,107.8,40.1,120.0,42.1,0.9,False,2024,BR,SAVED,False,True,4.0,3.0,1.0,SHOOTOUT,CAN_WIN,4.0
3942229,Copa America,2024,Venezuela,Canada,1,1,5,126,58,True,11162.0,Jhonder Leonel Cádiz Fernández,Venezuela,23758,Maxime Crépeau,lineup,Goal,Right Foot,Normal,0.7835,108.1,40.1,120.0,42.5,0.0,True,2024,BR,GOAL,False,True,3.0,4.0,-1.0,SHOOTOUT,MUST_SCORE,5.0
3942229,Copa America,2024,Venezuela,Canada,1,1,5,127,52,True,12365.0,Alphonso Davies,Canada,32012,Rafael Enrique Romo Pérez,lineup,Goal,Left Foot,Normal,0.7835,107.8,40.1,120.0,42.0,2.0,True,2024,TR,GOAL,True,False,4.0,3.0,1.0,SHOOTOUT,CAN_WIN,5.0
3942229,Copa America,2024,Venezuela,Canada,1,1,5,128,36,True,47822.0,Wilker José Ángel Romero,Venezuela,23758,Maxime Crépeau,lineup,Saved,Right Foot,Normal,0.7835,107.9,40.1,119.1,42.6,0.6,False,2024,BR,SAVED,False,True,3.0,4.0,-1.0,SHOOTOUT,MUST_SCORE,6.0
3942229,Copa America,2024,Venezuela,Canada,1,1,5,129,31,True,133229.0,Ismael Koné,Canada,32012,Rafael Enrique Romo Pérez,lineup,Goal,Right Foot,Normal,0.7835,107.5,40.1,120.0,38.1,0.3,True,2024,BL,GOAL,False,True,4.0,3.0,1.0,SHOOTOUT,CAN_WIN,6.0
3942228,Copa America,2024,Argentina,Ecuador,1,1,2,61,42,False,28559.0,Enner Remberto Valencia Lastra,Ecuador,6909,Damián Emiliano Martínez,freeze_frame,Post,Right Foot,Normal,0.7835,108.1,40.1,120.0,36.1,0.2,False,2024,POST,POST,False,True,0.0,1.0,-1.0,TRAILING,,
3942228,Copa America,2024,Argentina,Ecuador,1,1,5,120,43,True,5503.0,Lionel Andrés Messi Cuccittini,Argentina,32677,Alexander Domínguez Carabalí,freeze_frame,Post,Left Foot,Normal,0.7835,108.1,40.1,120.0,39.2,2.9,False,2024,POST,POST,True,False,4.0,2.0,2.0,SHOOTOUT,STANDARD,1.0
3942228,Copa America,2024,Argentina,Ecuador,1,1,5,121,43,True,28511.0,Ángel Israel Mena Delgado,Ecuador,6909,Damián Emiliano Martínez,lineup,Saved,Left Foot,Normal,0.7835,108.1,40.1,119.0,42.7,1.1,False,2024,BR,SAVED,True,False,2.0,4.0,-2.0,SHOOTOUT,MUST_SCORE,1.0
3942228,Copa America,2024,Argentina,Ecuador,1,1,5,122,28,True,29560.0,Julián Álvarez,Argentina,32677,Alexander Domínguez Carabalí,lineup,Goal,Right Foot,Normal,0.7835,108.1,40.1,120.0,43.3,2.1,True,2024,TR,GOAL,False,True,4.0,2.0,2.0,SHOOTOUT,STANDARD,2.0
3942228,Copa America,2024,Argentina,Ecuador,1,1,5,123,17,True,123625.0,Alan Steve Minda García,Ecuador,6909,Damián Emiliano Martínez,lineup,Saved,Right Foot,Normal,0.7835,108.1,40.1,119.3,37.9,1.2,False,2024,BL,SAVED,False,True,2.0,4.0,-2.0,SHOOTOUT,MUST_SCORE,2.0
3942228,Copa America,2024,Argentina,Ecuador,1,1,5,124,16,True,27886.0,Alexis Mac Allister,Argentina,32677,Alexander Domínguez Carabalí,lineup,Goal,Right Foot,Normal,0.7835,108.1,40.1,120.0,43.6,0.5,True,2024,BR,GOAL,False,True,4.0,2.0,2.0,SHOOTOUT,STANDARD,3.0
3942228,Copa America,2024,Argentina,Ecuador,1,1,5,124,56,True,21131.0,John Yeboah Zamora,Ecuador,6909,Damián Emiliano Martínez,lineup,Goal,Left Foot,Normal,0.7835,108.1,40.1,120.0,43.4,2.0,True,2024,TR,GOAL,True,False,2.0,4.0,-2.0,SHOOTOUT,MUST_SCORE,3.0
3942228,Copa America,2024,Argentina,Ecuador,1,1,5,125,37,True,28263.0,Gonzalo Ariel Montiel,Argentina,32677,Alexander Domínguez Carabalí,lineup,Goal,Right Foot,Normal,0.7835,108.1,40.1,120.0,42.8,0.4,True,2024,BR,GOAL,False,True,4.0,2.0,2.0,SHOOTOUT,CAN_WIN,4.0
3942228,Copa America,2024,Argentina,Ecuador,1,1,5,126,35,True,123554.0,Jordy Josué Caicedo Medina,Ecuador,6909,Damián Emiliano Martínez,lineup,Goal,Right Foot,Normal,0.7835,108.1,40.1,120.0,38.8,1.1,True,2024,BC,GOAL,False,True,2.0,4.0,-2.0,SHOOTOUT,MUST_SCORE,4.0
3942228,Copa America,2024,Argentina,Ecuador,1,1,5,127,19,True,3090.0,Nicolás Hernán Otamendi,Argentina,32677,Alexander Domínguez Carabalí,lineup,Goal,Right Foot,Normal,0.7835,108.1,40.1,120.0,37.0,0.0,True,2024,BL,GOAL,False,True,4.0,2.0,2.0,SHOOTOUT,CAN_WIN,5.0
3939984,Copa America,2024,Colombia,Costa Rica,3,0,1,30,10,False,27158.0,Luis Fernando Díaz Marulanda,Colombia,97291,Patrick Gilmar Sequeira Mejías,lineup,Goal,Right Foot,Normal,0.7835,108.1,40.1,120.0,43.4,2.2,True,2024,TR,GOAL,False,True,0.0,0.0,0.0,LEVEL,,
3939983,Copa America,2024,Paraguay,Brazil,1,4,1,30,57,False,22600.0,Lucas Tolentino Coelho de Lima,Brazil,62016,Rodrigo Mario Morínigo Acosta,freeze_frame,Off T,Left Foot,Normal,0.7835,108.0,40.0,120.0,45.0,2.0,False,2024,WIDE,WIDE,True,False,0.0,0.0,0.0,LEVEL,,
3939983,Copa America,2024,Paraguay,Brazil,1,4,2,64,44,False,22600.0,Lucas Tolentino Coelho de Lima,Brazil,62016,Rodrigo Mario Morínigo Acosta,lineup,Goal,Left Foot,Normal,0.7835,108.1,40.1,120.0,43.4,0.6,True,2024,BR,GOAL,True,False,3.0,1.0,2.0,LEADING,,
3939980,Copa America,2024,Ecuador,Jamaica,3,1,1,48,16,False,384888.0,Ray Kendry Páez Andrade,Ecuador,226523,Jahmali Waite,lineup,Goal,Left Foot,Normal,0.7835,108.1,40.1,120.0,43.2,0.2,True,2024,BR,GOAL,True,False,0.0,0.0,0.0,LEVEL,,
3939979,Copa America,2024,Venezuela,Mexico,1,0,2,56,22,False,4041.0,José Salomón Rondón Giménez,Venezuela,36949,Julio José González Vela-Alvizu,lineup,Goal,Right Foot,Normal,0.7835,108.0,40.0,120.0,37.1,0.0,True,2024,BL,GOAL,False,True,0.0,0.0,0.0,LEVEL,,
3939979,Copa America,2024,Venezuela,Mexico,1,0,2,86,55,False,26280.0,Orbelín Pineda Alvarado,Mexico,32012,Rafael Enrique Romo Pérez,lineup,Saved,Right Foot,Normal,0.7835,108.1,40.1,119.2,37.1,0.2,False,2024,BL,SAVED,False,True,0.0,1.0,-1.0,TRAILING,,
3888787,FIFA U20 World Cup,1979,Argentina U20,Soviet Union U20,3,1,2,72,7,False,397991.0,Hugo Alvez,Argentina U20,397972,Viktor Chanov,lineup,Goal,Right Foot,Normal,0.7835,108.1,40.1,120.0,39.9,0.3,True,1979,BC,GOAL,False,True,0.0,1.0,-1.0,TRAILING,,
3857267,FIFA World Cup,2022,Ecuador,Senegal,1,2,1,43,41,False,2941.0,Ismaïla Sarr,Senegal,37522,Hernán Ismael Galíndez,lineup,Goal,Right Foot,Normal,0.7835,108.0,40.0,120.0,43.4,0.2,True,2022,BR,GOAL,False,True,0.0,0.0,0.0,LEVEL,,
3869321,FIFA World Cup,2022,Netherlands,Argentina,2,2,2,72,39,False,5503.0,Lionel Andrés Messi Cuccittini,Argentina,8326,Andries Noppert,lineup,Goal,Left Foot,Normal,0.7835,108.0,40.0,120.0,43.3,1.4,True,2022,TR,GOAL,True,False,1.0,0.0,1.0,LEADING,,
3869321,FIFA World Cup,2022,Netherlands,Argentina,2,2,5,120,5,True,3669.0,Virgil van Dijk,Netherlands,6909,Damián Emiliano Martínez,lineup,Saved,Right Foot,Normal,0.7835,108.1,40.1,119.5,37.2,1.2,False,2022,BL,SAVED,False,True,3.0,4.0,-1.0,SHOOTOUT,STANDARD,1.0
3869321,FIFA World Cup,2022,Netherlands,Argentina,2,2,5,121,3,True,5503.0,Lionel Andrés Messi Cuccittini,Argentina,8326,Andries Noppert,lineup,Goal,Left Foot,Normal,0.7835,108.1,40.1,120.0,38.7,0.2,True,2022,BC,GOAL,True,False,4.0,3.0,1.0,SHOOTOUT,STANDARD,1.0
3869321,FIFA World Cup,2022,Netherlands,Argentina,2,2,5,121,45,True,7745.0,Steven Berghuis,Netherlands,6909,Damián Emiliano Martínez,lineup,Saved,Left Foot,Normal,0.7835,108.1,40.1,119.4,42.9,0.9,False,2022,BR,SAVED,True,False,3.0,4.0,-1.0,SHOOTOUT,STANDARD,2.0
3869321,FIFA World Cup,2022,Netherlands,Argentina,2,2,5,122,39,True,16308.0,Leandro Daniel Paredes,Argentina,8326,Andries Noppert,lineup,Goal,Right Foot,Normal,0.7835,108.1,40.1,120.0,36.6,1.5,True,2022,TL,GOAL,False,True,4.0,3.0,1.0,SHOOTOUT,STANDARD,2.0
3869321,FIFA World Cup,2022,Netherlands,Argentina,2,2,5,123,31,True,7891.0,Teun Koopmeiners,Netherlands,6909,Damián Emiliano Martínez,lineup,Goal,Left Foot,Normal,0.7835,108.1,40.1,120.0,43.7,1.1,True,2022,BR,GOAL,True,False,3.0,4.0,-1.0,SHOOTOUT,STANDARD,3.0
3869321,FIFA World Cup,2022,Netherlands,Argentina,2,2,5,124,15,True,28263.0,Gonzalo Ariel Montiel,Argentina,8326,Andries Noppert,lineup,Goal,Right Foot,Normal,0.7835,108.1,40.1,120.0,42.8,1.4,True,2022,TR,GOAL,False,True,4.0,3.0,1.0,SHOOTOUT,STANDARD,3.0
3869321,FIFA World Cup,2022,Netherlands,Argentina,2,2,5,124,59,True,7829.0,Wout Weghorst,Netherlands,6909,Damián Emiliano Martínez,lineup,Goal,Right Foot,Normal,0.7835,108.1,40.1,120.0,36.7,0.2,True,2022,BL,GOAL,False,True,3.0,4.0,-1.0,SHOOTOUT,MUST_SCORE,4.0
3869321,FIFA World Cup,2022,Netherlands,Argentina,2,2,5,126,0,True,38718.0,Enzo Fernandez,Argentina,8326,Andries Noppert,freeze_frame,Off T,Right Foot,Normal,0.7835,108.1,40.1,120.0,35.4,0.5,False,2022,WIDE,WIDE,False,True,4.0,3.0,1.0,SHOOTOUT,CAN_WIN,4.0
3869321,FIFA World Cup,2022,Netherlands,Argentina,2,2,5,126,40,True,20033.0,Luuk de Jong,Netherlands,6909,Damián Emiliano Martínez,lineup,Goal,Right Foot,Normal,0.7835,108.1,40.1,120.0,37.7,0.2,True,2022,BL,GOAL,False,True,3.0,4.0,-1.0,SHOOTOUT,MUST_SCORE,5.0
3869321,FIFA World Cup,2022,Netherlands,Argentina,2,2,5,127,42,True,11456.0,Lautaro Javier Martínez,Argentina,8326,Andries Noppert,lineup,Goal,Right Foot,Normal,0.7835,108.1,40.1,120.0,36.4,1.6,True,2022,TL,GOAL,False,True,4.0,3.0,1.0,SHOOTOUT,CAN_WIN,5.0
3869685,FIFA World Cup,2022,Argentina,France,3,3,1,22,24,False,5503.0,Lionel Andrés Messi Cuccittini,Argentina,3099,Hugo Lloris,lineup,Goal,Left Foot,Normal,0.7835,108.0,40.0,120.0,41.8,0.2,True,2022,BR,GOAL,True,False,0.0,0.0,0.0,LEVEL,,
3869685,FIFA World Cup,2022,Argentina,France,3,3,2,79,24,False,3009.0,Kylian Mbappé Lottin,France,6909,Damián Emiliano Martínez,lineup,Goal,Right Foot,Normal,0.7835,108.0,40.0,120.0,37.3,0.3,True,2022,BL,GOAL,False,True,0.0,2.0,-2.0,TRAILING,,
3869685,FIFA World Cup,2022,Argentina,France,3,3,4,117,5,False,3009.0,Kylian Mbappé Lottin,France,6909,Damián Emiliano Martínez,lineup,Goal,Right Foot,Normal,0.7835,108.0,40.0,120.0,36.7,1.1,True,2022,BL,GOAL,False,True,2.0,3.0,-1.0,TRAILING,,
3869685,FIFA World Cup,2022,Argentina,France,3,3,5,120,13,True,3009.0,Kylian Mbappé Lottin,France,6909,Damián Emiliano Martínez,lineup,Goal,Right Foot,Normal,0.7835,108.1,40.1,120.0,37.6,1.3,True,2022,BL,GOAL,False,True,2.0,4.0,-2.0,SHOOTOUT,MUST_SCORE,1.0
3869685,FIFA World Cup,2022,Argentina,France,3,3,5,121,2,True,5503.0,Lionel Andrés Messi Cuccittini,Argentina,3099,Hugo Lloris,lineup,Goal,Left Foot,Normal,0.7835,108.1,40.1,120.0,38.3,0.2,True,2022,BL,GOAL,True,False,4.0,2.0,2.0,SHOOTOUT,STANDARD,1.0
3869685,FIFA World Cup,2022,Argentina,France,3,3,5,121,42,True,8217.0,Kingsley Coman,France,6909,Damián Emiliano Martínez,lineup,Saved,Right Foot,Normal,0.7835,108.1,40.1,118.8,38.2,0.9,False,2022,BL,SAVED,False,True,2.0,4.0,-2.0,SHOOTOUT,MUST_SCORE,2.0
3869685,FIFA World Cup,2022,Argentina,France,3,3,5,122,27,True,5743.0,Paulo Bruno Exequiel Dybala,Argentina,3099,Hugo Lloris,lineup,Goal,Left Foot,Normal,0.7835,108.1,40.1,120.0,40.4,0.2,True,2022,BC,GOAL,True,False,4.0,2.0,2.0,SHOOTOUT,STANDARD,2.0
3869685,FIFA World Cup,2022,Argentina,France,3,3,5,123,29,True,10481.0,Aurélien Djani Tchouaméni,France,6909,Damián Emiliano Martínez,freeze_frame,Off T,Right Foot,Normal,0.7835,108.1,40.1,120.0,35.6,0.2,False,2022,WIDE,WIDE,False,True,2.0,4.0,-2.0,SHOOTOUT,MUST_SCORE,3.0
3869685,FIFA World Cup,2022,Argentina,France,3,3,5,124,16,True,16308.0,Leandro Daniel Paredes,Argentina,3099,Hugo Lloris,lineup,Goal,Right Foot,Normal,0.7835,108.1,40.1,120.0,37.6,0.2,True,2022,BL,GOAL,False,True,4.0,2.0,2.0,SHOOTOUT,STANDARD,3.0
3869685,FIFA World Cup,2022,Argentina,France,3,3,5,125,9,True,22097.0,Randal Kolo Muani,France,6909,Damián Emiliano Martínez,lineup,Goal,Right Foot,Normal,0.7835,108.1,40.1,120.0,39.3,1.6,True,2022,TC,GOAL,False,True,2.0,4.0,-2.0,SHOOTOUT,MUST_SCORE,4.0
3869685,FIFA World Cup,2022,Argentina,France,3,3,5,125,57,True,28263.0,Gonzalo Ariel Montiel,Argentina,3099,Hugo Lloris,lineup,Goal,Right Foot,Normal,0.7835,108.1,40.1,120.0,37.9,0.2,True,2022,BL,GOAL,False,True,4.0,2.0,2.0,SHOOTOUT,CAN_WIN,4.0
3857264,FIFA World Cup,2022,Poland,Argentina,0,2,1,38,24,False,5503.0,Lionel Andrés Messi Cuccittini,Argentina,5669,Wojciech Szczęsny,lineup,Saved,Left Foot,Normal,0.7835,108.1,40.1,119.7,42.8,1.4,False,2022,TR,SAVED,True,False,0.0,0.0,0.0,LEVEL,,
3869519,FIFA World Cup,2022,Argentina,Croatia,3,0,1,33,27,False,5503.0,Lionel Andrés Messi Cuccittini,Argentina,16531,Dominik Livaković,lineup,Goal,Left Foot,Normal,0.7835,108.0,40.0,120.0,42.3,2.3,True,2022,TR,GOAL,True,False,0.0,0.0,0.0,LEVEL,,
3869354,FIFA World Cup,2022,England,France,1,2,2,53,27,False,10955.0,Harry Kane,England,3099,Hugo Lloris,lineup,Goal,Right Foot,Normal,0.7835,108.1,40.1,120.0,36.4,1.7,True,2022,TL,GOAL,False,True,0.0,1.0,-1.0,TRAILING,,
3869354,FIFA World Cup,2022,England,France,1,2,2,83,35,False,10955.0,Harry Kane,England,3099,Hugo Lloris,freeze_frame,Off T,Right Foot,Normal,0.7835,108.1,40.1,120.0,38.7,4.2,False,2022,OVER,OVER,False,True,1.0,2.0,-1.0,TRAILING,,
3869420,FIFA World Cup,2022,Croatia,Brazil,1,1,5,120,3,True,3441.0,Nikola Vlašić,Croatia,5547,Alisson Ramsés Becker,lineup,Goal,Right Foot,Normal,0.7835,108.0,40.0,120.0,39.4,1.9,True,2022,TC,GOAL,False,True,4.0,2.0,2.0,SHOOTOUT,STANDARD,1.0
3869420,FIFA World Cup,2022,Croatia,Brazil,1,1,5,120,47,True,25104.0,Rodrygo Silva de Goes,Brazil,16531,Dominik Livaković,lineup,Saved,Right Foot,Normal,0.7835,107.9,40.0,118.8,41.9,1.0,False,2022,BR,SAVED,False,True,2.0,4.0,-2.0,SHOOTOUT,MUST_SCORE,1.0
3869420,FIFA World Cup,2022,Croatia,Brazil,1,1,5,121,38,True,28914.0,Lovro Majer,Croatia,5547,Alisson Ramsés Becker,lineup,Goal,Left Foot,Normal,0.7835,108.0,40.0,120.0,40.1,0.8,True,2022,BC,GOAL,True,False,4.0,2.0,2.0,SHOOTOUT,STANDARD,2.0
3869420,FIFA World Cup,2022,Croatia,Brazil,1,1,5,122,17,True,5539.0,Carlos Henrique Casimiro,Brazil,16531,Dominik Livaković,lineup,Goal,Right Foot,Normal,0.7835,108.0,40.0,120.0,36.5,0.7,True,2022,BL,GOAL,False,True,2.0,4.0,-2.0,SHOOTOUT,MUST_SCORE,2.0
3869420,FIFA World Cup,2022,Croatia,Brazil,1,1,5,123,6,True,5463.0,Luka Modrić,Croatia,5547,Alisson Ramsés Becker,lineup,Goal,Right Foot,Normal,0.7835,108.0,40.0,120.0,36.9,0.2,True,2022,BL,GOAL,False,True,4.0,2.0,2.0,SHOOTOUT,STANDARD,3.0
3869420,FIFA World Cup,2022,Croatia,Brazil,1,1,5,123,49,True,25305.0,Pedro Guilherme Abreu dos Santos,Brazil,16531,Dominik Livaković,lineup,Goal,Right Foot,Normal,0.7835,108.0,40.0,120.0,38.5,0.2,True,2022,BL,GOAL,False,True,2.0,4.0,-2.0,SHOOTOUT,MUST_SCORE,3.0
3869420,FIFA World Cup,2022,Croatia,Brazil,1,1,5,124,34,True,16527.0,Mislav Oršić,Croatia,5547,Alisson Ramsés Becker,lineup,Goal,Right Foot,Normal,0.7835,108.0,40.0,120.0,36.5,0.2,True,2022,BL,GOAL,False,True,4.0,2.0,2.0,SHOOTOUT,CAN_WIN,4.0
3869420,FIFA World Cup,2022,Croatia,Brazil,1,1,5,125,22,True,4372.0,Marcos Aoás Corrêa,Brazil,16531,Dominik Livaković,freeze_frame,Post,Right Foot,Normal,0.7835,108.0,40.0,120.0,35.9,0.2,False,2022,POST,POST,False,True,2.0,4.0,-2.0,SHOOTOUT,MUST_SCORE,4.0
3869220,FIFA World Cup,2022,Morocco,Spain,0,0,5,120,7,True,3634.0,Abdelhamid Sabiri,Morocco,11748,Unai Simón Mendibil,lineup,Goal,Right Foot,Normal,0.7835,108.0,40.0,120.0,43.0,0.3,True,2022,BR,GOAL,False,True,3.0,0.0,3.0,SHOOTOUT,STANDARD,1.0
3869220,FIFA World Cup,2022,Morocco,Spain,0,0,5,121,0,True,6720.0,Pablo Sarabia García,Spain,6785,Yassine Bounou,freeze_frame,Post,Left Foot,Normal,0.7835,108.0,40.0,120.0,44.0,0.2,False,2022,POST,POST,True,False,0.0,3.0,-3.0,SHOOTOUT,MUST_SCORE,1.0
3869220,FIFA World Cup,2022,Morocco,Spain,0,0,5,121,51,True,5237.0,Hakim Ziyech,Morocco,11748,Unai Simón Mendibil,lineup,Goal,Left Foot,Normal,0.7835,108.0,40.0,120.0,40.0,1.3,True,2022,BC,GOAL,True,False,3.0,0.0,3.0,SHOOTOUT,STANDARD,2.0
3869220,FIFA World Cup,2022,Morocco,Spain,0,0,5,122,44,True,6583.0,Carlos Soler Barragán,Spain,6785,Yassine Bounou,lineup,Saved,Right Foot,Normal,0.7835,108.0,40.0,119.4,42.7,0.7,False,2022,BR,SAVED,False,True,0.0,3.0,-3.0,SHOOTOUT,MUST_SCORE,2.0
3869220,FIFA World Cup,2022,Morocco,Spain,0,0,5,123,36,True,67700.0,Badr Banoun,Morocco,11748,Unai Simón Mendibil,lineup,Saved,Right Foot,Normal,0.7835,108.0,40.0,119.3,37.2,0.1,False,2022,BL,SAVED,False,True,3.0,0.0,3.0,SHOOTOUT,STANDARD,3.0
3869220,FIFA World Cup,2022,Morocco,Spain,0,0,5,124,31,True,5203.0,Sergio Busquets i Burgos,Spain,6785,Yassine Bounou,lineup,Saved,Right Foot,Normal,0.7835,108.0,40.0,119.6,37.3,0.5,False,2022,BL,SAVED,False,True,0.0,3.0,-3.0,SHOOTOUT,MUST_SCORE,3.0
3869220,FIFA World Cup,2022,Morocco,Spain,0,0,5,125,36,True,5245.0,Achraf Hakimi Mouh,Morocco,11748,Unai Simón Mendibil,lineup,Goal,Right Foot,Normal,0.7835,108.0,40.0,120.0,40.1,0.2,True,2022,BC,GOAL,False,True,3.0,0.0,3.0,SHOOTOUT,CAN_WIN,4.0
3869219,FIFA World Cup,2022,Japan,Croatia,1,1,5,120,4,True,8776.0,Takumi Minamino,Japan,16531,Dominik Livaković,lineup,Saved,Right Foot,Normal,0.7835,108.1,40.1,119.1,41.9,0.2,False,2022,BR,SAVED,False,True,1.0,3.0,-2.0,SHOOTOUT,MUST_SCORE,1.0
3869219,FIFA World Cup,2022,Japan,Croatia,1,1,5,120,43,True,3441.0,Nikola Vlašić,Croatia,25719,Shūichi Gonda,lineup,Goal,Right Foot,Normal,0.7835,108.1,40.1,120.0,36.8,1.3,True,2022,BL,GOAL,False,True,3.0,1.0,2.0,SHOOTOUT,STANDARD,1.0
3869219,FIFA World Cup,2022,Japan,Croatia,1,1,5,121,13,True,37211.0,Kaoru Mitoma,Japan,16531,Dominik Livaković,lineup,Saved,Right Foot,Normal,0.7835,108.1,40.1,118.9,37.5,0.2,False,2022,BL,SAVED,False,True,1.0,3.0,-2.0,SHOOTOUT,MUST_SCORE,2.0
3869219,FIFA World Cup,2022,Japan,Croatia,1,1,5,121,52,True,5469.0,Marcelo Brozović,Croatia,25719,Shūichi Gonda,lineup,Goal,Right Foot,Normal,0.7835,108.1,40.1,120.0,39.9,1.7,True,2022,TC,GOAL,False,True,3.0,1.0,2.0,SHOOTOUT,STANDARD,2.0
3869219,FIFA World Cup,2022,Japan,Croatia,1,1,5,122,33,True,8949.0,Takuma Asano,Japan,16531,Dominik Livaković,lineup,Goal,Right Foot,Normal,0.7835,108.1,40.1,120.0,41.9,0.9,True,2022,BR,GOAL,False,True,1.0,3.0,-2.0,SHOOTOUT,MUST_SCORE,3.0
3869219,FIFA World Cup,2022,Japan,Croatia,1,1,5,123,13,True,22041.0,Marko Livaja,Croatia,25719,Shūichi Gonda,freeze_frame,Post,Right Foot,Normal,0.7835,108.1,40.1,120.0,36.1,0.6,False,2022,POST,POST,False,True,3.0,1.0,2.0,SHOOTOUT,STANDARD,3.0
3869219,FIFA World Cup,2022,Japan,Croatia,1,1,5,123,50,True,3300.0,Maya Yoshida,Japan,16531,Dominik Livaković,lineup,Saved,Right Foot,Normal,0.7835,108.1,40.1,118.9,37.5,0.2,False,2022,BL,SAVED,False,True,1.0,3.0,-2.0,SHOOTOUT,MUST_SCORE,4.0
3869219,FIFA World Cup,2022,Japan,Croatia,1,1,5,124,28,True,11603.0,Mario Pašalić,Croatia,25719,Shūichi Gonda,lineup,Goal,Right Foot,Normal,0.7835,108.1,40.1,120.0,36.5,0.3,True,2022,BL,GOAL,False,True,3.0,1.0,2.0,SHOOTOUT,CAN_WIN,4.0
3869253,FIFA World Cup,2022,Brazil,South Korea,4,1,1,12,18,False,4320.0,Neymar da Silva Santos Junior,Brazil,37641,Seung-Gyu Kim,lineup,Goal,Right Foot,Normal,0.7835,108.0,40.0,120.0,42.3,0.2,True,2022,BR,GOAL,False,True,1.0,0.0,1.0,LEADING,,
3869152,FIFA World Cup,2022,France,Poland,3,1,2,98,36,False,5668.0,Robert Lewandowski,Poland,3099,Hugo Lloris,lineup,Goal,Right Foot,Normal,0.7835,108.0,40.0,120.0,37.4,0.2,True,2022,BL,GOAL,False,True,0.0,3.0,-3.0,TRAILING,,
3857270,FIFA World Cup,2022,Portugal,Uruguay,2,0,2,92,19,False,5204.0,Bruno Miguel Borges Fernandes,Portugal,36710,Sergio Rochet Álvarez,lineup,Goal,Right Foot,Normal,0.7835,108.0,40.0,120.0,38.2,0.6,True,2022,BL,GOAL,False,True,1.0,0.0,1.0,LEADING,,
3857284,FIFA World Cup,2022,Germany,Japan,1,2,1,32,35,False,10287.0,İlkay Gündoğan,Germany,25719,Shūichi Gonda,lineup,Goal,Right Foot,Normal,0.7835,108.0,40.0,120.0,39.1,0.9,True,2022,BC,GOAL,False,True,0.0,0.0,0.0,LEVEL,,
3857282,FIFA World Cup,2022,United States,Wales,1,1,2,81,33,False,6399.0,Gareth Frank Bale,Wales,12352,Matthew Charles Turner,lineup,Goal,Left Foot,Normal,0.7835,108.0,40.0,120.0,43.4,1.5,True,2022,TR,GOAL,True,False,0.0,1.0,-1.0,TRAILING,,
3857286,FIFA World Cup,2022,Qatar,Ecuador,0,2,1,15,49,False,28559.0,Enner Remberto Valencia Lastra,Ecuador,124496,Saad Abdullah Al Sheeb,lineup,Goal,Right Foot,Normal,0.7835,108.1,40.1,120.0,43.4,0.2,True,2022,BR,GOAL,False,True,0.0,0.0,0.0,LEVEL,,
3857300,FIFA World Cup,2022,Argentina,Saudi Arabia,1,2,1,9,15,False,5503.0,Lionel Andrés Messi Cuccittini,Argentina,5714,Mohammed Khalil Al Owais,lineup,Goal,Left Foot,Normal,0.7835,108.0,40.0,120.0,38.7,0.2,True,2022,BC,GOAL,True,False,0.0,0.0,0.0,LEVEL,,
3857298,FIFA World Cup,2022,Portugal,Ghana,3,2,2,64,20,False,5207.0,Cristiano Ronaldo dos Santos Aveiro,Portugal,8108,Lawrence Ati-Zigi,lineup,Goal,Right Foot,Normal,0.7835,108.1,40.1,120.0,37.8,1.6,True,2022,TL,GOAL,False,True,0.0,0.0,0.0,LEVEL,,
3857297,FIFA World Cup,2022,Poland,Saudi Arabia,2,0,1,45,35,False,5187.0,Salem Mohammed Al Dawsari,Saudi Arabia,5669,Wojciech Szczęsny,lineup,Saved,Right Foot,Normal,0.7835,108.1,40.1,119.3,38.3,0.0,False,2022,BL,SAVED,False,True,0.0,1.0,-1.0,TRAILING,,
3857293,FIFA World Cup,2022,Ghana,Uruguay,0,2,1,20,12,False,3347.0,André Ayew Pelé,Ghana,36710,Sergio Rochet Álvarez,lineup,Saved,Left Foot,Normal,0.7835,108.0,40.0,119.5,42.3,0.2,False,2022,BR,SAVED,True,False,0.0,0.0,0.0,LEVEL,,
3857291,FIFA World Cup,2022,Spain,Costa Rica,7,0,1,30,9,False,6748.0,Ferrán Torres García,Spain,5597,Keylor Navas Gamboa,lineup,Goal,Right Foot,Normal,0.7835,108.1,40.1,120.0,37.3,0.5,True,2022,BL,GOAL,False,True,2.0,0.0,2.0,LEADING,,
3857271,FIFA World Cup,2022,England,Iran,6,2,2,102,30,False,5226.0,Mehdi Taremi,Iran,3468,Jordan Pickford,lineup,Goal,Right Foot,Normal,0.7835,108.0,40.0,120.0,42.3,0.3,True,2022,BR,GOAL,False,True,1.0,6.0,-5.0,TRAILING,,
3857268,FIFA World Cup,2022,Belgium,Canada,1,0,1,10,0,False,12365.0,Alphonso Davies,Canada,3509,Thibaut Courtois,lineup,Saved,Left Foot,Normal,0.7835,108.1,40.1,119.5,38.0,0.2,False,2022,BL,SAVED,True,False,0.0,0.0,0.0,LEVEL,,
3857265,FIFA World Cup,2022,Mexico,Poland,0,0,2,57,23,False,5668.0,Robert Lewandowski,Poland,5577,Francisco Guillermo Ochoa Magaña,lineup,Saved,Right Foot,Normal,0.7835,108.1,40.0,118.7,42.9,0.4,False,2022,BR,SAVED,False,True,0.0,0.0,0.0,LEVEL,,
7585,FIFA World Cup,2018,Colombia,England,1,1,2,56,54,False,10955.0,Harry Kane,England,4276,David Ospina Ramírez,lineup,Goal,Right Foot,Normal,0.7835,108.0,40.0,119.0,40.3,1.6,True,2018,TC,GOAL,False,True,0.0,0.0,0.0,LEVEL,,
7585,FIFA World Cup,2018,Colombia,England,1,1,5,120,14,True,3445.0,Radamel Falcao García Zárate,Colombia,3468,Jordan Pickford,lineup,Goal,Right Foot,Normal,0.7835,109.0,41.0,120.0,39.7,1.5,True,2018,TC,GOAL,False,True,3.0,4.0,-1.0,SHOOTOUT,STANDARD,1.0
7585,FIFA World Cup,2018,Colombia,England,1,1,5,121,0,True,10955.0,Harry Kane,England,4276,David Ospina Ramírez,lineup,Goal,Right Foot,Normal,0.7835,109.0,41.0,120.0,36.2,0.5,True,2018,BL,GOAL,False,True,4.0,3.0,1.0,SHOOTOUT,STANDARD,1.0
7585,FIFA World Cup,2018,Colombia,England,1,1,5,121,46,True,5689.0,Juan Guillermo Cuadrado Bello,Colombia,3468,Jordan Pickford,lineup,Goal,Right Foot,Normal,0.7835,109.0,41.0,120.0,37.0,2.0,True,2018,TL,GOAL,False,True,3.0,4.0,-1.0,SHOOTOUT,STANDARD,2.0
7585,FIFA World Cup,2018,Colombia,England,1,1,5,122,29,True,3318.0,Marcus Rashford,England,4276,David Ospina Ramírez,lineup,Goal,Right Foot,Normal,0.7835,109.0,41.0,120.0,36.2,0.5,True,2018,BL,GOAL,False,True,4.0,3.0,1.0,SHOOTOUT,STANDARD,2.0
7585,FIFA World Cup,2018,Colombia,England,1,1,5,123,13,True,6334.0,Luis Fernando Muriel Fruto,Colombia,3468,Jordan Pickford,lineup,Goal,Right Foot,Normal,0.7835,109.0,41.0,120.0,42.0,0.2,True,2018,BR,GOAL,False,True,3.0,4.0,-1.0,SHOOTOUT,STANDARD,3.0
7585,FIFA World Cup,2018,Colombia,England,1,1,5,123,58,True,3532.0,Jordan Brian Henderson,England,4276,David Ospina Ramírez,lineup,Saved,Right Foot,Normal,0.7835,109.0,41.0,120.0,43.8,0.5,False,2018,BR,SAVED,False,True,4.0,3.0,1.0,SHOOTOUT,STANDARD,3.0
7585,FIFA World Cup,2018,Colombia,England,1,1,5,124,50,True,6193.0,Andrés Mateus Uribe Villa,Colombia,3468,Jordan Pickford,lineup,Post,Right Foot,Normal,0.7835,109.0,41.0,120.0,43.4,2.7,False,2018,POST,POST,False,True,3.0,4.0,-1.0,SHOOTOUT,MUST_SCORE,4.0
7585,FIFA World Cup,2018,Colombia,England,1,1,5,125,37,True,3308.0,Kieran Trippier,England,4276,David Ospina Ramírez,lineup,Goal,Right Foot,Normal,0.7835,109.0,41.0,119.0,37.0,1.9,True,2018,TL,GOAL,False,True,4.0,3.0,1.0,SHOOTOUT,CAN_WIN,4.0
7585,FIFA World Cup,2018,Colombia,England,1,1,5,126,25,True,5688.0,Carlos Arturo Bacca Ahumada,Colombia,3468,Jordan Pickford,lineup,Saved,Right Foot,Normal,0.7835,109.0,41.0,120.0,38.9,1.3,False,2018,BC,SAVED,False,True,3.0,4.0,-1.0,SHOOTOUT,MUST_SCORE,5.0
7585,FIFA World Cup,2018,Colombia,England,1,1,5,127,14,True,10956.0,Eric Dier,England,4276,David Ospina Ramírez,lineup,Goal,Right Foot,Normal,0.7835,109.0,41.0,120.0,36.4,0.4,True,2018,BL,GOAL,False,True,4.0,3.0,1.0,SHOOTOUT,CAN_WIN,5.0
7557,FIFA World Cup,2018,Iran,Portugal,1,1,2,52,22,False,5207.0,Cristiano Ronaldo dos Santos Aveiro,Portugal,5227,Alireza Safar Beiranvand,lineup,Saved,Right Foot,Normal,0.7835,108.0,40.0,119.0,42.4,0.9,False,2018,BR,SAVED,False,True,1.0,0.0,1.0,LEADING,,
7557,FIFA World Cup,2018,Iran,Portugal,1,1,2,92,47,False,5231.0,Karim Ansarifard,Iran,5205,Rui Pedro dos Santos Patrício,lineup,Goal,Right Foot,Normal,0.7835,109.0,41.0,120.0,42.6,2.5,True,2018,TR,GOAL,False,True,0.0,1.0,-1.0,TRAILING,,
7554,FIFA World Cup,2018,England,Panama,6,1,1,21,35,False,10955.0,Harry Kane,England,5636,Jaime Manuel Penedo Cano,lineup,Goal,Right Foot,Normal,0.7835,109.0,41.0,120.0,36.6,2.0,True,2018,TL,GOAL,False,True,1.0,0.0,1.0,LEADING,,
7554,FIFA World Cup,2018,England,Panama,6,1,1,45,16,False,10955.0,Harry Kane,England,5636,Jaime Manuel Penedo Cano,lineup,Goal,Right Foot,Normal,0.7835,109.0,41.0,120.0,37.8,1.6,True,2018,TL,GOAL,False,True,4.0,0.0,4.0,LEADING,,
7553,FIFA World Cup,2018,South Korea,Mexico,1,2,1,25,22,False,5560.0,Carlos Alberto Vela Garrido,Mexico,5619,Hyeon-Woo Jo,lineup,Goal,Left Foot,Normal,0.7835,109.0,41.0,120.0,41.5,1.8,True,2018,TR,GOAL,True,False,0.0,0.0,0.0,LEVEL,,
7538,FIFA World Cup,2018,Sweden,South Korea,1,0,2,64,37,False,5607.0,Andreas Granqvist,Sweden,5619,Hyeon-Woo Jo,lineup,Goal,Right Foot,Normal,0.7835,109.0,41.0,120.0,43.0,0.4,True,2018,BR,GOAL,False,True,0.0,0.0,0.0,LEVEL,,
7576,FIFA World Cup,2018,Portugal,Spain,3,3,1,3,28,False,5207.0,Cristiano Ronaldo dos Santos Aveiro,Portugal,3333,David de Gea Quintana,lineup,Goal,Right Foot,Normal,0.7835,109.0,41.0,120.0,43.8,1.3,True,2018,BR,GOAL,False,True,0.0,0.0,0.0,LEVEL,,
7537,FIFA World Cup,2018,Tunisia,England,1,2,1,34,50,False,5650.0,Ferjani Sassi,Tunisia,3468,Jordan Pickford,lineup,Goal,Right Foot,Normal,0.7835,108.0,40.0,119.0,36.4,0.5,True,2018,BL,GOAL,False,True,0.0,1.0,-1.0,TRAILING,,
7580,FIFA World Cup,2018,France,Argentina,4,3,1,12,42,False,5487.0,Antoine Griezmann,France,6312,Franco Armani,lineup,Goal,Left Foot,Normal,0.7835,108.0,40.0,120.0,38.3,0.2,True,2018,BL,GOAL,True,False,0.0,0.0,0.0,LEVEL,,
7581,FIFA World Cup,2018,Croatia,Denmark,1,1,4,115,47,False,5463.0,Luka Modrić,Croatia,3815,Kasper Schmeichel,lineup,Saved,Right Foot,Normal,0.7835,109.0,41.0,119.0,43.0,0.2,False,2018,BR,SAVED,False,True,1.0,1.0,0.0,LEVEL,,
7581,FIFA World Cup,2018,Croatia,Denmark,1,1,5,120,7,True,3043.0,Christian Dannemann Eriksen,Denmark,3444,Danijel Subašić,lineup,Saved,Right Foot,Normal,0.7835,108.0,40.0,119.0,36.6,0.6,False,2018,BL,SAVED,False,True,2.0,3.0,-1.0,SHOOTOUT,STANDARD,1.0
7581,FIFA World Cup,2018,Croatia,Denmark,1,1,5,120,57,True,6305.0,Milan Badelj,Croatia,3815,Kasper Schmeichel,lineup,Saved,Right Foot,Normal,0.7835,108.0,40.0,119.0,38.7,0.5,False,2018,BC,SAVED,False,True,3.0,2.0,1.0,SHOOTOUT,STANDARD,1.0
7581,FIFA World Cup,2018,Croatia,Denmark,1,1,5,121,52,True,5534.0,Simon Thorup Kjær,Denmark,3444,Danijel Subašić,lineup,Goal,Right Foot,Normal,0.7835,108.0,40.0,119.0,42.8,2.5,True,2018,TR,GOAL,False,True,2.0,3.0,-1.0,SHOOTOUT,STANDARD,2.0
7581,FIFA World Cup,2018,Croatia,Denmark,1,1,5,122,36,True,5460.0,Andrej Kramarić,Croatia,3815,Kasper Schmeichel,lineup,Goal,Right Foot,Normal,0.7835,108.0,40.0,120.0,37.0,0.2,True,2018,BL,GOAL,False,True,3.0,2.0,1.0,SHOOTOUT,STANDARD,2.0
7581,FIFA World Cup,2018,Croatia,Denmark,1,1,5,123,29,True,6356.0,Michael Krohn-Dehli,Denmark,3444,Danijel Subašić,lineup,Goal,Right Foot,Normal,0.7835,108.0,40.0,120.0,37.0,0.2,True,2018,BL,GOAL,False,True,2.0,3.0,-1.0,SHOOTOUT,STANDARD,3.0
7581,FIFA World Cup,2018,Croatia,Denmark,1,1,5,124,16,True,5463.0,Luka Modrić,Croatia,3815,Kasper Schmeichel,lineup,Goal,Right Foot,Normal,0.7835,108.0,40.0,120.0,40.3,0.2,True,2018,BC,GOAL,False,True,3.0,2.0,1.0,SHOOTOUT,STANDARD,3.0
7581,FIFA World Cup,2018,Croatia,Denmark,1,1,5,125,7,True,5520.0,Lasse Schöne,Denmark,3444,Danijel Subašić,lineup,Saved,Right Foot,Normal,0.7835,108.0,40.0,119.0,36.2,0.8,False,2018,BL,SAVED,False,True,2.0,3.0,-1.0,SHOOTOUT,MUST_SCORE,4.0
7581,FIFA World Cup,2018,Croatia,Denmark,1,1,5,126,15,True,6308.0,Josip Pivarić,Croatia,3815,Kasper Schmeichel,lineup,Saved,Left Foot,Normal,0.7835,108.0,40.0,119.0,36.6,0.4,False,2018,BL,SAVED,True,False,3.0,2.0,1.0,SHOOTOUT,CAN_WIN,4.0
7581,FIFA World Cup,2018,Croatia,Denmark,1,1,5,127,7,True,5522.0,Nicolai Jørgensen,Denmark,3444,Danijel Subašić,lineup,Saved,Right Foot,Normal,0.7835,108.0,40.0,119.0,41.5,0.2,False,2018,BR,SAVED,False,True,2.0,3.0,-1.0,SHOOTOUT,MUST_SCORE,5.0
7581,FIFA World Cup,2018,Croatia,Denmark,1,1,5,128,4,True,5470.0,Ivan Rakitić,Croatia,3815,Kasper Schmeichel,lineup,Goal,Right Foot,Normal,0.7835,108.0,40.0,120.0,37.2,0.3,True,2018,BL,GOAL,False,True,3.0,2.0,1.0,SHOOTOUT,CAN_WIN,5.0
7549,FIFA World Cup,2018,Nigeria,Iceland,2,0,2,82,8,False,3944.0,Gylfi Þór Sigurðsson,Iceland,5454,Francis Odinaka Uzoho,lineup,Off T,Right Foot,Normal,0.7835,108.0,40.0,120.0,43.2,3.9,False,2018,OVER,OVER,False,True,0.0,2.0,-2.0,TRAILING,,
7529,FIFA World Cup,2018,Croatia,Nigeria,2,0,2,70,51,False,5463.0,Luka Modrić,Croatia,5454,Francis Odinaka Uzoho,lineup,Goal,Right Foot,Normal,0.7835,109.0,41.0,120.0,36.2,0.3,True,2018,BL,GOAL,False,True,0.0,0.0,0.0,LEVEL,,
7568,FIFA World Cup,2018,Switzerland,Costa Rica,2,2,2,92,52,False,5592.0,Bryan Ruiz González,Costa Rica,5550,Yann Sommer,lineup,Post,Left Foot,Normal,0.7835,109.0,41.0,120.0,43.2,2.7,False,2018,POST,POST,True,False,1.0,2.0,-1.0,TRAILING,,
7530,FIFA World Cup,2018,France,Australia,2,1,2,57,9,False,5487.0,Antoine Griezmann,France,3240,Mathew Ryan,lineup,Goal,Left Foot,Normal,0.7835,108.0,40.0,119.0,43.8,1.4,True,2018,TR,GOAL,True,False,0.0,0.0,0.0,LEVEL,,
7530,FIFA World Cup,2018,France,Australia,2,1,2,61,16,False,5489.0,Mile Jedinak,Australia,3099,Hugo Lloris,lineup,Goal,Right Foot,Normal,0.7835,109.0,41.0,120.0,42.0,0.2,True,2018,BR,GOAL,False,True,0.0,1.0,-1.0,TRAILING,,
7547,FIFA World Cup,2018,Denmark,Australia,1,1,1,37,56,False,5489.0,Mile Jedinak,Australia,3815,Kasper Schmeichel,lineup,Goal,Right Foot,Normal,0.7835,109.0,41.0,120.0,42.4,0.2,True,2018,BR,GOAL,False,True,0.0,1.0,-1.0,TRAILING,,
8658,FIFA World Cup,2018,France,Croatia,4,2,1,37,56,False,5487.0,Antoine Griezmann,France,3444,Danijel Subašić,lineup,Goal,Left Foot,Normal,0.7835,108.0,40.0,120.0,37.6,0.1,True,2018,BL,GOAL,True,False,1.0,1.0,0.0,LEVEL,,
7561,FIFA World Cup,2018,Iceland,Croatia,1,2,2,75,9,False,3944.0,Gylfi Þór Sigurðsson,Iceland,6311,Lovre Kalinić,lineup,Goal,Right Foot,Normal,0.7835,109.0,41.0,120.0,40.7,2.4,True,2018,TC,GOAL,False,True,0.0,1.0,-1.0,TRAILING,,
7531,FIFA World Cup,2018,Argentina,Iceland,1,1,2,63,7,False,5503.0,Lionel Andrés Messi Cuccittini,Argentina,5498,Hannes Þór Halldórsson,lineup,Saved,Left Foot,Normal,0.7835,109.0,41.0,119.0,38.3,1.3,False,2018,BL,SAVED,True,False,1.0,1.0,0.0,LEVEL,,
7582,FIFA World Cup,2018,Spain,Russia,1,1,1,40,55,False,5195.0,Artem Dzyuba,Russia,3333,David de Gea Quintana,lineup,Goal,Right Foot,Normal,0.7835,108.0,40.0,120.0,43.0,1.7,True,2018,TR,GOAL,False,True,0.0,0.0,0.0,LEVEL,,
7582,FIFA World Cup,2018,Spain,Russia,1,1,5,120,5,True,5216.0,Andrés Iniesta Luján,Spain,5172,Igor Akinfeev,lineup,Goal,Right Foot,Normal,0.7835,109.0,41.0,120.0,42.0,1.6,True,2018,TR,GOAL,False,True,3.0,4.0,-1.0,SHOOTOUT,STANDARD,1.0
7582,FIFA World Cup,2018,Spain,Russia,1,1,5,120,45,True,5194.0,Fyodor Smolov,Russia,3333,David de Gea Quintana,lineup,Goal,Right Foot,Normal,0.7835,109.0,41.0,120.0,37.4,1.2,True,2018,BL,GOAL,False,True,4.0,3.0,1.0,SHOOTOUT,STANDARD,1.0
7582,FIFA World Cup,2018,Spain,Russia,1,1,5,121,25,True,5213.0,Gerard Piqué Bernabéu,Spain,5172,Igor Akinfeev,lineup,Goal,Right Foot,Normal,0.7835,109.0,41.0,120.0,36.2,1.1,True,2018,BL,GOAL,False,True,3.0,4.0,-1.0,SHOOTOUT,STANDARD,2.0
7582,FIFA World Cup,2018,Spain,Russia,1,1,5,122,8,True,5174.0,Sergei Ignashevich,Russia,3333,David de Gea Quintana,lineup,Goal,Right Foot,Normal,0.7835,109.0,41.0,120.0,43.4,1.6,True,2018,TR,GOAL,False,True,4.0,3.0,1.0,SHOOTOUT,STANDARD,2.0
7582,FIFA World Cup,2018,Spain,Russia,1,1,5,122,44,True,5199.0,Jorge Resurrección Merodio,Spain,5172,Igor Akinfeev,lineup,Saved,Right Foot,Normal,0.7835,109.0,41.0,120.0,37.8,0.6,False,2018,BL,SAVED,False,True,3.0,4.0,-1.0,SHOOTOUT,STANDARD,3.0
7582,FIFA World Cup,2018,Spain,Russia,1,1,5,123,25,True,5177.0,Aleksandr Golovin,Russia,3333,David de Gea Quintana,lineup,Goal,Right Foot,Normal,0.7835,109.0,41.0,120.0,38.5,0.2,True,2018,BL,GOAL,False,True,4.0,3.0,1.0,SHOOTOUT,STANDARD,3.0
7582,FIFA World Cup,2018,Spain,Russia,1,1,5,124,1,True,5201.0,Sergio Ramos García,Spain,5172,Igor Akinfeev,lineup,Goal,Right Foot,Normal,0.7835,109.0,41.0,120.0,37.8,1.6,True,2018,TL,GOAL,False,True,3.0,4.0,-1.0,SHOOTOUT,MUST_SCORE,4.0
7582,FIFA World Cup,2018,Spain,Russia,1,1,5,124,40,True,5186.0,Denis Cheryshev,Russia,3333,David de Gea Quintana,lineup,Goal,Left Foot,Normal,0.7835,109.0,41.0,120.0,40.5,1.3,True,2018,BC,GOAL,True,False,4.0,3.0,1.0,SHOOTOUT,CAN_WIN,4.0
7582,FIFA World Cup,2018,Spain,Russia,1,1,5,125,36,True,5217.0,Iago Aspas Juncal,Spain,5172,Igor Akinfeev,lineup,Saved,Left Foot,Normal,0.7835,109.0,41.0,119.0,39.1,0.9,False,2018,BC,SAVED,True,False,3.0,4.0,-1.0,SHOOTOUT,MUST_SCORE,5.0
7552,FIFA World Cup,2018,Belgium,Tunisia,5,2,1,6,0,False,3621.0,Eden Hazard,Belgium,5648,Farouk Ben Mustapha,lineup,Goal,Right Foot,Normal,0.7835,108.0,40.0,120.0,37.0,0.0,True,2018,BL,GOAL,False,True,0.0,0.0,0.0,LEVEL,,
7532,FIFA World Cup,2018,Peru,Denmark,0,1,1,45,42,False,5519.0,Christian Alberto Cueva Bravo,Peru,3815,Kasper Schmeichel,lineup,Off T,Right Foot,Normal,0.7835,108.0,40.0,120.0,40.1,4.1,False,2018,OVER,OVER,False,True,0.0,0.0,0.0,LEVEL,,
7564,FIFA World Cup,2018,Nigeria,Argentina,1,2,2,50,24,False,3963.0,Victor Moses,Nigeria,6312,Franco Armani,lineup,Goal,Right Foot,Normal,0.7835,109.0,41.0,120.0,42.2,0.4,True,2018,BR,GOAL,False,True,0.0,1.0,-1.0,TRAILING,,
7566,FIFA World Cup,2018,Mexico,Sweden,0,3,2,61,34,False,5607.0,Andreas Granqvist,Sweden,5577,Francisco Guillermo Ochoa Magaña,lineup,Goal,Right Foot,Normal,0.7835,109.0,41.0,120.0,36.2,2.4,True,2018,TL,GOAL,False,True,1.0,0.0,1.0,LEADING,,
7541,FIFA World Cup,2018,Colombia,Japan,1,2,1,5,15,False,5684.0,Shinji Kagawa,Japan,4276,David Ospina Ramírez,lineup,Goal,Right Foot,Normal,0.7835,108.0,40.0,119.0,41.5,0.3,True,2018,BR,GOAL,False,True,0.0,0.0,0.0,LEVEL,,
7540,FIFA World Cup,2018,Russia,Egypt,3,1,2,72,40,False,3531.0,Mohamed Salah,Egypt,5172,Igor Akinfeev,lineup,Goal,Left Foot,Normal,0.7835,108.0,40.0,120.0,43.4,2.4,True,2018,TR,GOAL,True,False,0.0,2.0,-2.0,TRAILING,,
8652,FIFA World Cup,2018,Russia,Croatia,2,2,5,121,11,True,5194.0,Fyodor Smolov,Russia,3444,Danijel Subašić,lineup,Saved,Right Foot,Normal,0.7835,109.0,41.0,119.0,38.1,1.1,False,2018,BL,SAVED,False,True,3.0,4.0,-1.0,SHOOTOUT,STANDARD,1.0
8652,FIFA World Cup,2018,Russia,Croatia,2,2,5,121,57,True,5469.0,Marcelo Brozović,Croatia,5172,Igor Akinfeev,lineup,Goal,Right Foot,Normal,0.7835,109.0,41.0,120.0,43.6,1.7,True,2018,TR,GOAL,False,True,4.0,3.0,1.0,SHOOTOUT,STANDARD,1.0
8652,FIFA World Cup,2018,Russia,Croatia,2,2,5,122,41,True,5180.0,Alan Dzagoev,Russia,3444,Danijel Subašić,lineup,Goal,Right Foot,Normal,0.7835,109.0,41.0,120.0,43.2,0.4,True,2018,BR,GOAL,False,True,3.0,4.0,-1.0,SHOOTOUT,STANDARD,2.0
8652,FIFA World Cup,2018,Russia,Croatia,2,2,5,123,24,True,5456.0,Mateo Kovačić,Croatia,5172,Igor Akinfeev,lineup,Saved,Right Foot,Normal,0.7835,109.0,41.0,120.0,43.8,0.1,False,2018,BR,SAVED,False,True,4.0,3.0,1.0,SHOOTOUT,STANDARD,2.0
8652,FIFA World Cup,2018,Russia,Croatia,2,2,5,124,10,True,5170.0,Mário Figueira Fernandes,Russia,3444,Danijel Subašić,lineup,Off T,Right Foot,Normal,0.7835,109.0,41.0,120.0,35.2,0.3,False,2018,WIDE,WIDE,False,True,3.0,4.0,-1.0,SHOOTOUT,STANDARD,3.0
8652,FIFA World Cup,2018,Russia,Croatia,2,2,5,125,8,True,5463.0,Luka Modrić,Croatia,5172,Igor Akinfeev,lineup,Goal,Right Foot,Normal,0.7835,109.0,41.0,119.0,37.6,0.2,True,2018,BL,GOAL,False,True,4.0,3.0,1.0,SHOOTOUT,STANDARD,3.0
8652,FIFA World Cup,2018,Russia,Croatia,2,2,5,125,51,True,5174.0,Sergei Ignashevich,Russia,3444,Danijel Subašić,lineup,Goal,Right Foot,Normal,0.7835,109.0,41.0,120.0,37.0,0.7,True,2018,BL,GOAL,False,True,3.0,4.0,-1.0,SHOOTOUT,MUST_SCORE,4.0
8652,FIFA World Cup,2018,Russia,Croatia,2,2,5,126,31,True,5468.0,Domagoj Vida,Croatia,5172,Igor Akinfeev,lineup,Goal,Right Foot,Normal,0.7835,109.0,41.0,120.0,36.6,1.6,True,2018,TL,GOAL,False,True,4.0,3.0,1.0,SHOOTOUT,CAN_WIN,4.0
8652,FIFA World Cup,2018,Russia,Croatia,2,2,5,127,8,True,5179.0,Daler Kuzyaev,Russia,3444,Danijel Subašić,lineup,Goal,Right Foot,Normal,0.7835,109.0,41.0,120.0,36.2,0.4,True,2018,BL,GOAL,False,True,3.0,4.0,-1.0,SHOOTOUT,MUST_SCORE,5.0
8652,FIFA World Cup,2018,Russia,Croatia,2,2,5,127,59,True,5470.0,Ivan Rakitić,Croatia,5172,Igor Akinfeev,lineup,Goal,Right Foot,Normal,0.7835,109.0,41.0,120.0,36.6,0.4,True,2018,BL,GOAL,False,True,4.0,3.0,1.0,SHOOTOUT,CAN_WIN,5.0
7559,FIFA World Cup,2018,Saudi Arabia,Egypt,2,1,1,40,16,False,5190.0,Fahad Mosaed Al Muwallad Al Harbi,Saudi Arabia,6292,Essam Kamal Tawfik El Hadary,lineup,Saved,Right Foot,Normal,0.7835,108.0,40.0,120.0,37.6,0.3,False,2018,BL,SAVED,False,True,0.0,1.0,-1.0,TRAILING,,
7559,FIFA World Cup,2018,Saudi Arabia,Egypt,2,1,1,50,35,False,5178.0,Salman Mohammed Al Faraj,Saudi Arabia,6292,Essam Kamal Tawfik El Hadary,lineup,Goal,Left Foot,Normal,0.7835,108.0,40.0,120.0,37.4,2.3,True,2018,TL,GOAL,True,False,0.0,1.0,-1.0,TRAILING,,
3888720,FIFA World Cup,1974,Netherlands,Germany,1,2,1,1,28,False,39721.0,Johan Neeskens,Netherlands,38616,Sepp Maier,lineup,Goal,Right Foot,Normal,0.7835,108.0,40.0,120.0,40.4,0.9,True,1974,BC,GOAL,False,True,0.0,0.0,0.0,LEVEL,,
3888720,FIFA World Cup,1974,Netherlands,Germany,1,2,1,25,33,False,38610.0,Paul Breitner,Germany,397802,Jan Jongbloed,lineup,Goal,Right Foot,Normal,0.7835,108.1,40.1,120.0,36.9,0.2,True,1974,BL,GOAL,False,True,0.0,1.0,-1.0,TRAILING,,
3773593,La Liga,2020/2021,Barcelona,Villarreal,4,0,1,34,13,False,5503.0,Lionel Andrés Messi Cuccittini,Barcelona,6755,Sergio Asenjo Andrés,lineup,Goal,Left Foot,Normal,0.7835,108.0,39.8,120.0,37.0,0.2,True,2020,BL,GOAL,True,False,2.0,0.0,2.0,LEADING,,
3773585,La Liga,2020/2021,Barcelona,Real Madrid,1,3,2,62,19,False,5201.0,Sergio Ramos García,Real Madrid,6590,Norberto Murara Neto,lineup,Goal,Right Foot,Normal,0.7835,107.7,39.8,120.0,37.4,0.2,True,2020,BL,GOAL,False,True,1.0,1.0,0.0,LEVEL,,
3773587,La Liga,2020/2021,Getafe,Barcelona,1,0,2,55,54,False,11550.0,Jaime Mata Arnaiz,Getafe,6590,Norberto Murara Neto,lineup,Goal,Right Foot,Normal,0.7835,108.0,40.0,120.0,36.6,0.2,True,2020,BL,GOAL,False,True,0.0,0.0,0.0,LEVEL,,
3773377,La Liga,2020/2021,Barcelona,Valencia,2,2,1,48,35,False,5503.0,Lionel Andrés Messi Cuccittini,Barcelona,6898,Jaume Doménech Sánchez,lineup,Saved,Left Foot,Normal,0.7835,108.2,40.5,119.1,37.6,1.0,False,2020,BL,SAVED,True,False,0.0,1.0,-1.0,TRAILING,,
3773695,La Liga,2020/2021,Valencia,Barcelona,2,3,2,56,51,False,5503.0,Lionel Andrés Messi Cuccittini,Barcelona,8652,Jasper Cillessen,freeze_frame,Saved,Left Foot,Normal,0.7835,108.2,40.1,119.5,37.4,0.0,False,2020,BL,SAVED,True,False,0.0,1.0,-1.0,TRAILING,,
3773369,La Liga,2020/2021,Barcelona,Huesca,4,1,1,48,12,False,23812.0,Rafael Mir Vicente,Huesca,20055,Marc-André ter Stegen,freeze_frame,Goal,Right Foot,Normal,0.7835,108.0,40.0,120.0,42.3,0.5,True,2020,BR,GOAL,False,True,0.0,2.0,-2.0,TRAILING,,
3773661,La Liga,2020/2021,Barcelona,Getafe,5,2,2,68,31,False,6760.0,Enes Ünal,Getafe,20055,Marc-André ter Stegen,lineup,Goal,Right Foot,Normal,0.7835,107.8,40.0,120.0,36.7,0.2,True,2020,BL,GOAL,False,True,0.0,2.0,-2.0,TRAILING,,
3773661,La Liga,2020/2021,Barcelona,Getafe,5,2,2,92,27,False,5487.0,Antoine Griezmann,Barcelona,6722,David Soria Solís,lineup,Goal,Left Foot,Normal,0.7835,107.6,40.8,120.0,43.3,0.8,True,2020,BR,GOAL,True,False,3.0,1.0,2.0,LEADING,,
3773415,La Liga,2020/2021,Barcelona,Cádiz,1,1,1,31,23,False,5503.0,Lionel Andrés Messi Cuccittini,Barcelona,29198,Jeremías Ledesma,lineup,Goal,Left Foot,Normal,0.7835,108.1,40.2,120.0,37.0,0.7,True,2020,BL,GOAL,True,False,0.0,0.0,0.0,LEVEL,,
3773415,La Liga,2020/2021,Barcelona,Cádiz,1,1,2,88,16,False,23967.0,Alejandro Fernández Iglesias,Cádiz,20055,Marc-André ter Stegen,lineup,Goal,Right Foot,Normal,0.7835,107.1,39.5,120.0,37.0,0.2,True,2020,BL,GOAL,False,True,0.0,1.0,-1.0,TRAILING,,
3773477,La Liga,2020/2021,Barcelona,Real Betis,5,2,1,32,36,False,5487.0,Antoine Griezmann,Barcelona,4691,Claudio Andrés Bravo Muñoz,lineup,Saved,Left Foot,Normal,0.7835,108.0,40.0,119.3,37.9,0.9,False,2020,BL,SAVED,True,False,1.0,0.0,1.0,LEADING,,
3773477,La Liga,2020/2021,Barcelona,Real Betis,5,2,2,60,57,False,5503.0,Lionel Andrés Messi Cuccittini,Barcelona,4691,Claudio Andrés Bravo Muñoz,lineup,Goal,Left Foot,Normal,0.7835,108.1,40.2,120.0,43.3,2.3,True,2020,TR,GOAL,True,False,2.0,1.0,1.0,LEADING,,
303532,La Liga,2019/2020,Barcelona,Leganés,2,0,2,68,58,False,5503.0,Lionel Andrés Messi Cuccittini,Barcelona,6610,Iván Cuéllar Sacristán,lineup,Goal,Left Foot,Normal,0.7835,108.1,40.1,120.0,43.6,0.8,True,2019,BR,GOAL,True,False,1.0,0.0,1.0,LEADING,,
303504,La Liga,2019/2020,Levante UD,Barcelona,3,1,1,37,33,False,5503.0,Lionel Andrés Messi Cuccittini,Barcelona,23344,Aitor Fernández Abarisketa,freeze_frame,Goal,Left Foot,Normal,0.7835,108.2,39.9,120.0,42.4,2.0,True,2019,TR,GOAL,True,False,0.0,0.0,0.0,LEVEL,,
303664,La Liga,2019/2020,Real Sociedad,Barcelona,2,2,1,11,23,False,6685.0,Mikel Oyarzabal Ugarte,Real Sociedad,20055,Marc-André ter Stegen,lineup,Goal,Left Foot,Normal,0.7835,108.0,40.1,120.0,38.8,0.7,True,2019,BC,GOAL,True,False,0.0,0.0,0.0,LEVEL,,
303400,La Liga,2019/2020,Valencia,Barcelona,2,0,1,11,37,False,6297.0,Maximiliano Gómez González,Valencia,20055,Marc-André ter Stegen,freeze_frame,Saved,Right Foot,Normal,0.7835,108.0,40.0,118.9,42.8,1.3,False,2019,BR,SAVED,False,True,0.0,0.0,0.0,LEVEL,,
303479,La Liga,2019/2020,Barcelona,Real Sociedad,1,0,2,80,32,False,5503.0,Lionel Andrés Messi Cuccittini,Barcelona,32185,Alejandro Remiro Gargallo,lineup,Goal,Left Foot,Normal,0.7835,108.2,40.0,120.0,43.3,1.1,True,2019,BR,GOAL,True,False,0.0,0.0,0.0,LEVEL,,
303696,La Liga,2019/2020,Barcelona,Atlético Madrid,2,2,1,18,4,False,6381.0,Saúl Ñíguez Esclapez,Atlético Madrid,20055,Marc-André ter Stegen,lineup,Goal,Left Foot,Normal,0.7835,108.2,40.1,120.0,43.3,0.2,True,2019,BR,GOAL,True,False,0.0,0.0,0.0,LEVEL,,
303696,La Liga,2019/2020,Barcelona,Atlético Madrid,2,2,2,49,2,False,5503.0,Lionel Andrés Messi Cuccittini,Barcelona,6378,Jan Oblak,freeze_frame,Goal,Left Foot,Normal,0.7835,108.2,39.7,120.0,37.6,1.1,True,2019,BL,GOAL,True,False,0.0,1.0,-1.0,TRAILING,,
303696,La Liga,2019/2020,Barcelona,Atlético Madrid,2,2,2,61,45,False,6381.0,Saúl Ñíguez Esclapez,Atlético Madrid,20055,Marc-André ter Stegen,freeze_frame,Goal,Left Foot,Normal,0.7835,107.9,39.7,120.0,43.3,0.2,True,2019,BR,GOAL,True,False,1.0,1.0,0.0,LEVEL,,
303487,La Liga,2019/2020,Barcelona,Celta Vigo,4,1,1,22,32,False,5503.0,Lionel Andrés Messi Cuccittini,Barcelona,6795,Rubén Blanco Veiga,lineup,Goal,Left Foot,Normal,0.7835,107.9,40.0,120.0,36.5,0.0,True,2019,BL,GOAL,True,False,0.0,0.0,0.0,LEVEL,,
303707,La Liga,2019/2020,Real Betis,Barcelona,2,3,1,5,41,False,6673.0,Sergio Canales Madrazo,Real Betis,20055,Marc-André ter Stegen,lineup,Goal,Left Foot,Normal,0.7835,108.0,40.0,120.0,37.1,0.2,True,2019,BL,GOAL,True,False,0.0,0.0,0.0,LEVEL,,
303666,La Liga,2019/2020,Granada,Barcelona,2,0,2,65,21,False,24143.0,Álvaro Vadillo Cifuentes,Granada,20055,Marc-André ter Stegen,lineup,Goal,Right Foot,Normal,0.7835,108.0,40.0,120.0,37.1,0.2,True,2019,BL,GOAL,False,True,1.0,0.0,1.0,LEADING,,
303517,La Liga,2019/2020,Barcelona,Deportivo Alavés,4,1,2,74,23,False,5246.0,Luis Alberto Suárez Díaz,Barcelona,6629,Fernando Pacheco Flores,lineup,Goal,Right Foot,Normal,0.7835,108.1,40.1,120.0,37.9,1.2,True,2019,BL,GOAL,False,True,3.0,1.0,2.0,LEADING,,
16029,La Liga,2018/2019,Barcelona,Sevilla,4,2,2,62,21,False,5246.0,Luis Alberto Suárez Díaz,Barcelona,11541,Tomáš Vaclík,lineup,Goal,Right Foot,Normal,0.7835,108.1,40.1,120.0,37.2,0.2,True,2018,BL,GOAL,False,True,2.0,0.0,2.0,LEADING,,
16182,La Liga,2018/2019,Barcelona,Real Valladolid,1,0,1,42,43,False,5503.0,Lionel Andrés Messi Cuccittini,Barcelona,11302,Jordi Masip López,lineup,Goal,Left Foot,Normal,0.7835,108.0,40.0,120.0,43.6,0.2,True,2018,BR,GOAL,True,False,0.0,0.0,0.0,LEVEL,,
16182,La Liga,2018/2019,Barcelona,Real Valladolid,1,0,2,84,47,False,5503.0,Lionel Andrés Messi Cuccittini,Barcelona,11302,Jordi Masip López,lineup,Saved,Left Foot,Normal,0.7835,108.1,40.1,119.1,43.1,0.6,False,2018,BR,SAVED,True,False,1.0,0.0,1.0,LEADING,,
16157,La Liga,2018/2019,Barcelona,Valencia,2,2,1,31,51,False,6595.0,Daniel Parejo Muñoz,Valencia,20055,Marc-André ter Stegen,lineup,Goal,Right Foot,Normal,0.7835,108.1,40.1,120.0,36.7,1.4,True,2018,TL,GOAL,False,True,1.0,0.0,1.0,LEADING,,
16157,La Liga,2018/2019,Barcelona,Valencia,2,2,1,38,43,False,5503.0,Lionel Andrés Messi Cuccittini,Barcelona,6590,Norberto Murara Neto,lineup,Goal,Left Foot,Normal,0.7835,108.0,40.0,120.0,41.7,0.2,True,2018,BR,GOAL,True,False,0.0,2.0,-2.0,TRAILING,,
16056,La Liga,2018/2019,Barcelona,Real Betis,3,4,2,67,17,False,5503.0,Lionel Andrés Messi Cuccittini,Barcelona,6792,Pau López Sabata,lineup,Goal,Left Foot,Normal,0.7835,108.1,40.1,120.0,43.0,2.1,True,2018,TR,GOAL,True,False,0.0,2.0,-2.0,TRAILING,,
16275,La Liga,2018/2019,Deportivo Alavés,Barcelona,0,2,2,59,50,False,5246.0,Luis Alberto Suárez Díaz,Barcelona,6629,Fernando Pacheco Flores,lineup,Goal,Right Foot,Normal,0.7835,108.0,39.9,120.0,43.7,1.1,True,2018,BR,GOAL,False,True,1.0,0.0,1.0,LEADING,,
15973,La Liga,2018/2019,Barcelona,Huesca,8,2,2,92,5,False,5246.0,Luis Alberto Suárez Díaz,Barcelona,9747,Axel Werner,lineup,Goal,Right Foot,Normal,0.7835,108.1,40.1,120.0,43.1,0.3,True,2018,BR,GOAL,False,True,6.0,2.0,4.0,LEADING,,
16205,La Liga,2018/2019,Barcelona,Rayo Vallecano,3,1,2,50,36,False,5503.0,Lionel Andrés Messi Cuccittini,Barcelona,21397,Stole Dimitrievski,lineup,Goal,Left Foot,Normal,0.7835,108.1,40.1,120.0,43.1,0.2,True,2018,BR,GOAL,True,False,1.0,1.0,0.0,LEVEL,,
9880,La Liga,2017/2018,Barcelona,Valencia,2,1,2,86,7,False,6595.0,Daniel Parejo Muñoz,Valencia,20055,Marc-André ter Stegen,lineup,Goal,Right Foot,Normal,0.7835,108.0,40.0,120.0,43.1,0.2,True,2017,BR,GOAL,False,True,0.0,2.0,-2.0,TRAILING,,
9827,La Liga,2017/2018,Las Palmas,Barcelona,1,1,2,47,50,False,6930.0,Jonathan Calleri,Las Palmas,20055,Marc-André ter Stegen,lineup,Goal,Right Foot,Normal,0.7835,108.1,40.1,120.0,43.5,2.3,True,2017,TR,GOAL,False,True,0.0,1.0,-1.0,TRAILING,,
9609,La Liga,2017/2018,Barcelona,Eibar,6,1,1,20,1,False,5503.0,Lionel Andrés Messi Cuccittini,Barcelona,6698,Marko Dmitrović,lineup,Goal,Left Foot,Normal,0.7835,108.0,40.0,120.0,36.9,1.6,True,2017,TL,GOAL,True,False,0.0,0.0,0.0,LEVEL,,
9736,La Liga,2017/2018,Real Madrid,Barcelona,0,3,2,63,29,False,5503.0,Lionel Andrés Messi Cuccittini,Barcelona,5597,Keylor Navas Gamboa,lineup,Goal,Left Foot,Normal,0.7835,108.0,40.0,120.0,41.8,1.6,True,2017,TR,GOAL,True,False,1.0,0.0,1.0,LEADING,,
9581,La Liga,2017/2018,Deportivo Alavés,Barcelona,0,2,1,38,39,False,5503.0,Lionel Andrés Messi Cuccittini,Barcelona,6629,Fernando Pacheco Flores,lineup,Saved,Left Foot,Normal,0.7835,108.0,40.0,119.1,36.9,1.1,False,2017,BL,SAVED,True,False,0.0,0.0,0.0,LEVEL,,
9726,La Liga,2017/2018,Barcelona,RC Deportivo La Coruña,4,0,2,69,39,False,5503.0,Lionel Andrés Messi Cuccittini,Barcelona,6730,Rubén Iván Martínez Andrade,lineup,Saved,Left Foot,Normal,0.7835,108.2,40.1,119.3,42.8,1.4,False,2017,TR,SAVED,True,False,3.0,0.0,3.0,LEADING,,
267212,La Liga,2016/2017,Leganés,Barcelona,1,5,2,54,27,False,5503.0,Lionel Andrés Messi Cuccittini,Barcelona,9879,Jon Ander Serantes Simon,lineup,Goal,Left Foot,Normal,0.7835,108.3,40.1,120.0,43.0,2.0,True,2016,TR,GOAL,True,False,3.0,0.0,3.0,LEADING,,
267101,La Liga,2016/2017,Barcelona,Osasuna,7,1,2,66,41,False,5506.0,Javier Alejandro Mascherano,Barcelona,7469,Salvatore Sirigu,lineup,Goal,Right Foot,Normal,0.7835,108.1,40.1,120.0,39.3,2.1,True,2016,TC,GOAL,False,True,5.0,1.0,4.0,LEADING,,
266440,La Liga,2016/2017,Barcelona,Valencia,4,2,1,44,34,False,5503.0,Lionel Andrés Messi Cuccittini,Barcelona,25144,Diego Alves Carreira,lineup,Goal,Left Foot,Normal,0.7835,108.0,40.0,120.0,40.0,0.2,True,2016,BC,GOAL,True,False,1.0,1.0,0.0,LEVEL,,
266033,La Liga,2016/2017,Valencia,Barcelona,2,3,2,93,23,False,5503.0,Lionel Andrés Messi Cuccittini,Barcelona,25144,Diego Alves Carreira,lineup,Goal,Left Foot,Normal,0.7835,107.9,40.1,120.0,36.5,0.2,True,2016,BL,GOAL,True,False,2.0,2.0,0.0,LEVEL,,
267432,La Liga,2016/2017,Barcelona,Eibar,4,2,2,69,36,False,5503.0,Lionel Andrés Messi Cuccittini,Barcelona,10612,Yoel Rodríguez Oterino,lineup,Saved,Left Foot,Normal,0.7835,108.1,40.1,119.2,41.3,0.9,False,2016,BC,SAVED,True,False,0.0,2.0,-2.0,TRAILING,,
267432,La Liga,2016/2017,Barcelona,Eibar,4,2,2,74,55,False,5503.0,Lionel Andrés Messi Cuccittini,Barcelona,10612,Yoel Rodríguez Oterino,lineup,Goal,Left Foot,Normal,0.7835,108.1,40.1,120.0,43.7,1.3,True,2016,BR,GOAL,True,False,1.0,2.0,-1.0,TRAILING,,
266952,La Liga,2016/2017,Barcelona,Villarreal,4,1,2,81,16,False,5503.0,Lionel Andrés Messi Cuccittini,Barcelona,8697,Andrés Eduardo Fernández Moreno,lineup,Goal,Left Foot,Normal,0.7835,108.1,40.1,120.0,41.1,2.2,True,2016,TC,GOAL,True,False,3.0,1.0,2.0,LEADING,,
267596,La Liga,2016/2017,Barcelona,Leganés,2,1,2,89,12,False,5503.0,Lionel Andrés Messi Cuccittini,Barcelona,6662,Iago Herrerín Buisán,lineup,Goal,Left Foot,Normal,0.7835,108.0,40.0,120.0,36.8,1.8,True,2016,TL,GOAL,True,False,1.0,1.0,0.0,LEVEL,,
3825908,La Liga,2015/2016,Espanyol,Eibar,4,2,2,56,51,False,6566.0,Borja González Tomás,Eibar,6792,Pau López Sabata,lineup,Goal,Right Foot,Normal,0.7835,108.1,40.1,120.0,37.6,0.3,True,2015,BL,GOAL,False,True,0.0,2.0,-2.0,TRAILING,,
3825883,La Liga,2015/2016,Málaga,Las Palmas,4,1,1,45,30,False,6707.0,Charles Días Barbosa de Oliveira,Málaga,7905,Raúl Lizoáin Cruz,lineup,Goal,Right Foot,Normal,0.7835,108.0,40.0,120.0,36.9,0.2,True,2015,BL,GOAL,False,True,1.0,1.0,0.0,LEVEL,,
3825902,La Liga,2015/2016,Rayo Vallecano,Levante UD,3,1,2,59,29,False,24149.0,José Antonio García Rabasco,Levante UD,10612,Yoel Rodríguez Oterino,lineup,Goal,Right Foot,Normal,0.7835,108.1,40.1,120.0,36.9,2.0,True,2015,TL,GOAL,False,True,0.0,2.0,-2.0,TRAILING,,
3825876,La Liga,2015/2016,Real Betis,Getafe,2,1,2,72,59,False,6832.0,Rubén Castro Martín,Real Betis,6625,Vicente Guaita Panadero,lineup,Goal,Right Foot,Normal,0.7835,108.1,40.1,120.0,43.8,0.2,True,2015,BR,GOAL,False,True,1.0,0.0,1.0,LEADING,,
3825777,La Liga,2015/2016,Levante UD,Getafe,3,0,1,42,41,False,7141.0,Giuseppe Rossi,Levante UD,6625,Vicente Guaita Panadero,lineup,Goal,Left Foot,Normal,0.7835,108.0,40.0,120.0,36.6,0.2,True,2015,BL,GOAL,True,False,1.0,0.0,1.0,LEADING,,
3825896,La Liga,2015/2016,Granada,Levante UD,5,1,1,34,13,False,27109.0,Youssef El-Arabi,Granada,23843,Diego Mariño Villar,lineup,Goal,Right Foot,Normal,0.7835,108.1,40.1,120.0,37.0,0.2,True,2015,BL,GOAL,False,True,1.0,0.0,1.0,LEADING,,
3825896,La Liga,2015/2016,Granada,Levante UD,5,1,2,84,56,False,27109.0,Youssef El-Arabi,Granada,23843,Diego Mariño Villar,lineup,Goal,Right Foot,Normal,0.7835,108.0,40.0,120.0,43.8,1.0,True,2015,BR,GOAL,False,True,3.0,1.0,2.0,LEADING,,
3825841,La Liga,2015/2016,Real Sociedad,Getafe,1,2,2,55,51,False,24035.0,Álvaro Vázquez García,Getafe,6692,Oier Olazábal Paredes,lineup,Goal,Right Foot,Normal,0.7835,108.1,40.1,120.0,40.5,0.5,True,2015,BC,GOAL,False,True,1.0,1.0,0.0,LEVEL,,
3825840,La Liga,2015/2016,Valencia,Eibar,4,0,1,9,6,False,6402.0,Francisco Alcácer García,Valencia,10763,Asier Riesgo Unamuno,lineup,Saved,Right Foot,Normal,0.7835,108.0,40.0,119.1,37.0,0.7,False,2015,BL,SAVED,False,True,0.0,0.0,0.0,LEVEL,,
3825823,La Liga,2015/2016,Sevilla,Real Sociedad,1,2,2,50,10,False,6401.0,Kevin Gameiro,Sevilla,6694,Gerónimo Rulli,lineup,Goal,Right Foot,Normal,0.7835,108.0,40.0,120.0,37.0,0.3,True,2015,BL,GOAL,False,True,0.0,1.0,-1.0,TRAILING,,
3825905,La Liga,2015/2016,Málaga,Espanyol,1,1,1,44,2,False,8419.0,Duje Čop,Málaga,6792,Pau López Sabata,lineup,Goal,Right Foot,Normal,0.7835,108.0,40.0,120.0,43.1,2.1,True,2015,TR,GOAL,False,True,0.0,1.0,-1.0,TRAILING,,
3825822,La Liga,2015/2016,Las Palmas,Valencia,2,1,2,49,20,False,10755.0,Jonathan Viera Ramos,Las Palmas,25144,Diego Alves Carreira,lineup,Goal,Right Foot,Normal,0.7835,108.1,40.1,120.0,42.4,1.9,True,2015,TR,GOAL,False,True,0.0,1.0,-1.0,TRAILING,,
3825820,La Liga,2015/2016,Real Madrid,Sevilla,4,0,1,26,35,False,6401.0,Kevin Gameiro,Sevilla,5597,Keylor Navas Gamboa,lineup,Saved,Right Foot,Normal,0.7835,108.1,40.1,118.7,38.2,0.2,False,2015,BL,SAVED,False,True,0.0,1.0,-1.0,TRAILING,,
3825820,La Liga,2015/2016,Real Madrid,Sevilla,4,0,2,57,26,False,5207.0,Cristiano Ronaldo dos Santos Aveiro,Real Madrid,6823,Sergio Rico González,freeze_frame,Off T,Right Foot,Normal,0.7835,108.2,40.1,120.0,40.5,3.8,False,2015,OVER,OVER,False,True,1.0,0.0,1.0,LEADING,,
3825818,La Liga,2015/2016,Real Sociedad,Las Palmas,0,1,1,12,25,False,10755.0,Jonathan Viera Ramos,Las Palmas,6694,Gerónimo Rulli,freeze_frame,Saved,Right Foot,Normal,0.7835,108.0,40.0,118.8,37.6,1.0,False,2015,BL,SAVED,False,True,0.0,0.0,0.0,LEVEL,,
3825887,La Liga,2015/2016,Granada,Rayo Vallecano,2,2,2,53,16,False,27109.0,Youssef El-Arabi,Granada,24255,Juan Carlos Martín Corral,lineup,Goal,Right Foot,Normal,0.7835,108.0,40.0,120.0,36.7,0.4,True,2015,BL,GOAL,False,True,1.0,1.0,0.0,LEVEL,,
3825757,La Liga,2015/2016,Real Madrid,Espanyol,6,0,1,11,9,False,5207.0,Cristiano Ronaldo dos Santos Aveiro,Real Madrid,31904,Giedrius Arlauskis,lineup,Goal,Right Foot,Normal,0.7835,108.1,40.0,120.0,36.8,0.5,True,2015,BL,GOAL,False,True,1.0,0.0,1.0,LEADING,,
3825641,La Liga,2015/2016,Athletic Club,Sporting Gijón,3,0,1,41,9,False,6394.0,Aritz Aduriz Zubeldia,Athletic Club,11537,Alberto García Cabrera,freeze_frame,Saved,Right Foot,Normal,0.7835,108.0,40.0,119.2,42.4,0.4,False,2015,BR,SAVED,False,True,1.0,0.0,1.0,LEADING,N/A,
3825803,La Liga,2015/2016,Granada,Sporting Gijón,2,0,2,71,52,False,27109.0,Youssef El-Arabi,Granada,6610,Iván Cuéllar Sacristán,lineup,Goal,Right Foot,Normal,0.7835,108.0,40.0,120.0,42.7,1.0,True,2015,BR,GOAL,False,True,0.0,0.0,0.0,LEVEL,,
3825798,La Liga,2015/2016,Levante UD,Real Madrid,1,3,1,33,39,False,5207.0,Cristiano Ronaldo dos Santos Aveiro,Real Madrid,23843,Diego Mariño Villar,lineup,Goal,Right Foot,Normal,0.7835,108.1,40.1,120.0,36.5,0.0,True,2015,BL,GOAL,False,True,0.0,0.0,0.0,LEVEL,,
3825796,La Liga,2015/2016,Las Palmas,Getafe,4,0,1,27,46,False,10755.0,Jonathan Viera Ramos,Las Palmas,6625,Vicente Guaita Panadero,lineup,Goal,Right Foot,Normal,0.7835,108.1,40.0,120.0,43.0,0.2,True,2015,BR,GOAL,False,True,1.0,0.0,1.0,LEADING,,
3825795,La Liga,2015/2016,Atlético Madrid,Real Sociedad,3,0,2,60,16,False,5487.0,Antoine Griezmann,Atlético Madrid,6694,Gerónimo Rulli,lineup,Goal,Left Foot,Normal,0.7835,108.1,40.1,120.0,43.3,0.3,True,2015,BR,GOAL,True,False,1.0,0.0,1.0,LEADING,,
3825792,La Liga,2015/2016,RC Deportivo La Coruña,Granada,0,1,1,23,12,False,27109.0,Youssef El-Arabi,Granada,27305,Germán Darío Lux,lineup,Goal,Right Foot,Normal,0.7835,108.0,40.0,120.0,43.6,0.5,True,2015,BR,GOAL,False,True,0.0,0.0,0.0,LEVEL,,
3825785,La Liga,2015/2016,Málaga,Real Madrid,1,1,1,35,21,False,5207.0,Cristiano Ronaldo dos Santos Aveiro,Real Madrid,26103,Idriss Carlos Kameni,lineup,Saved,Right Foot,Normal,0.7835,108.1,40.1,119.1,42.4,0.3,False,2015,BR,SAVED,False,True,1.0,0.0,1.0,LEADING,,
3825779,La Liga,2015/2016,Celta Vigo,Eibar,3,2,2,83,18,False,24070.0,Saúl Berjón Pérez,Eibar,6884,Sergio Álvarez Conde,lineup,Goal,Right Foot,Normal,0.7835,107.9,40.0,120.0,37.9,1.4,True,2015,TL,GOAL,False,True,0.0,3.0,-3.0,TRAILING,,
3825678,La Liga,2015/2016,Eibar,Real Madrid,0,2,2,81,34,False,5207.0,Cristiano Ronaldo dos Santos Aveiro,Real Madrid,10763,Asier Riesgo Unamuno,lineup,Goal,Right Foot,Normal,0.7835,108.0,40.1,120.0,41.7,0.2,True,2015,BR,GOAL,False,True,1.0,0.0,1.0,LEADING,,
3825638,La Liga,2015/2016,Atlético Madrid,Valencia,2,1,2,71,44,False,6402.0,Francisco Alcácer García,Valencia,6378,Jan Oblak,lineup,Goal,Right Foot,Normal,0.7835,108.2,40.0,120.0,37.2,1.0,True,2015,BL,GOAL,False,True,0.0,2.0,-2.0,TRAILING,,
3825595,La Liga,2015/2016,Villarreal,Athletic Club,3,1,1,42,9,False,22819.0,Bruno Soriano Llido,Villarreal,6576,Gorka Iraizoz Moreno,lineup,Goal,Left Foot,Normal,0.7835,108.0,40.1,120.0,36.8,0.2,True,2015,BL,GOAL,True,False,0.0,0.0,0.0,LEVEL,,
3825572,La Liga,2015/2016,Real Madrid,Real Betis,5,0,2,60,33,False,6832.0,Rubén Castro Martín,Real Betis,5597,Keylor Navas Gamboa,freeze_frame,Saved,Right Foot,Normal,0.7835,108.2,40.0,118.3,42.4,1.3,False,2015,BR,SAVED,False,True,0.0,4.0,-4.0,TRAILING,,
3825707,La Liga,2015/2016,Las Palmas,Granada,4,1,2,79,38,False,10755.0,Jonathan Viera Ramos,Las Palmas,8697,Andrés Eduardo Fernández Moreno,lineup,Goal,Right Foot,Normal,0.7835,108.0,40.1,120.0,38.5,0.4,True,2015,BL,GOAL,False,True,2.0,1.0,1.0,LEADING,,
3825700,La Liga,2015/2016,Real Madrid,Rayo Vallecano,10,2,1,29,25,False,5207.0,Cristiano Ronaldo dos Santos Aveiro,Real Madrid,10612,Yoel Rodríguez Oterino,lineup,Goal,Right Foot,Normal,0.7835,108.0,40.0,120.0,36.6,0.5,True,2015,BL,GOAL,False,True,2.0,2.0,0.0,LEVEL,N/A,
3825698,La Liga,2015/2016,RC Deportivo La Coruña,Eibar,2,0,1,40,27,False,6732.0,Lucas Pérez Martínez,RC Deportivo La Coruña,10763,Asier Riesgo Unamuno,lineup,Goal,Left Foot,Normal,0.7835,108.1,40.1,120.0,41.9,0.1,True,2015,BR,GOAL,True,False,0.0,0.0,0.0,LEVEL,N/A,
3825694,La Liga,2015/2016,Eibar,Valencia,1,1,2,65,19,False,24070.0,Saúl Berjón Pérez,Eibar,6898,Jaume Doménech Sánchez,freeze_frame,Saved,Right Foot,Normal,0.7835,108.0,40.0,119.0,37.1,1.0,False,2015,BL,SAVED,False,True,1.0,0.0,1.0,LEADING,N/A,
3825692,La Liga,2015/2016,Sevilla,Sporting Gijón,2,0,2,74,36,False,6401.0,Kevin Gameiro,Sevilla,6610,Iván Cuéllar Sacristán,lineup,Goal,Right Foot,Normal,0.7835,108.1,40.1,120.0,37.9,1.2,True,2015,BL,GOAL,False,True,0.0,0.0,0.0,LEVEL,N/A,
3825675,La Liga,2015/2016,Rayo Vallecano,Athletic Club,0,3,1,23,45,False,6394.0,Aritz Aduriz Zubeldia,Athletic Club,24255,Juan Carlos Martín Corral,lineup,Goal,Right Foot,Normal,0.7835,108.0,40.0,120.0,40.2,1.9,True,2015,TC,GOAL,False,True,1.0,0.0,1.0,LEADING,N/A,
3825669,La Liga,2015/2016,Getafe,Rayo Vallecano,1,1,2,72,17,False,26848.0,Roberto Trashorras Gayoso,Rayo Vallecano,6625,Vicente Guaita Panadero,lineup,Saved,Right Foot,Normal,0.7835,108.3,40.1,119.7,39.2,1.0,False,2015,BC,SAVED,False,True,0.0,0.0,0.0,LEVEL,N/A,
3825668,La Liga,2015/2016,Sporting Gijón,Levante UD,0,3,2,62,11,False,6581.0,Jonathan Rodríguez Menéndez,Sporting Gijón,6730,Rubén Iván Martínez Andrade,lineup,Saved,Left Foot,Normal,0.7835,108.2,40.1,119.0,37.6,0.9,False,2015,BL,SAVED,True,False,0.0,3.0,-3.0,TRAILING,N/A,
3825667,La Liga,2015/2016,Villarreal,Eibar,1,1,1,41,9,False,6775.0,Daniel García Carrillo,Eibar,3379,Alphonse Areola,lineup,Saved,Right Foot,Normal,0.7835,108.0,39.9,119.2,37.8,0.5,False,2015,BL,SAVED,False,True,1.0,0.0,1.0,LEADING,N/A,
3825662,La Liga,2015/2016,RC Deportivo La Coruña,Celta Vigo,2,0,1,25,54,False,6724.0,Manuel Agudo Durán,Celta Vigo,27305,Germán Darío Lux,lineup,Saved,Right Foot,Normal,0.7835,107.9,40.1,119.6,36.9,0.3,False,2015,BL,SAVED,False,True,0.0,1.0,-1.0,TRAILING,N/A,
3825660,La Liga,2015/2016,Barcelona,Villarreal,3,0,2,69,42,False,5246.0,Luis Alberto Suárez Díaz,Barcelona,3379,Alphonse Areola,lineup,Goal,Right Foot,Normal,0.7835,108.4,40.1,120.0,36.8,0.3,True,2015,BL,GOAL,False,True,1.0,0.0,1.0,LEADING,N/A,
3825623,La Liga,2015/2016,Valencia,Málaga,3,0,1,38,20,False,25859.0,Sérgio Paulo Barbosa Valente,Málaga,6898,Jaume Doménech Sánchez,freeze_frame,Saved,Left Foot,Normal,0.7835,108.0,40.0,118.8,42.4,0.4,False,2015,BR,SAVED,True,False,0.0,1.0,-1.0,TRAILING,N/A,
3825623,La Liga,2015/2016,Valencia,Málaga,3,0,2,87,56,False,6595.0,Daniel Parejo Muñoz,Valencia,26103,Idriss Carlos Kameni,lineup,Goal,Right Foot,Normal,0.7835,108.2,40.0,120.0,39.5,1.3,True,2015,BC,GOAL,False,True,1.0,0.0,1.0,LEADING,N/A,
3825601,La Liga,2015/2016,Rayo Vallecano,Sporting Gijón,2,1,1,39,10,False,26848.0,Roberto Trashorras Gayoso,Rayo Vallecano,11537,Alberto García Cabrera,lineup,Goal,Right Foot,Normal,0.7835,108.0,40.1,120.0,37.3,1.2,True,2015,BL,GOAL,False,True,0.0,0.0,0.0,LEVEL,N/A,
3825647,La Liga,2015/2016,Valencia,Levante UD,3,0,2,63,21,False,6402.0,Francisco Alcácer García,Valencia,6730,Rubén Iván Martínez Andrade,lineup,Goal,Right Foot,Normal,0.7835,107.8,39.4,120.0,37.0,0.3,True,2015,BL,GOAL,False,True,0.0,0.0,0.0,LEVEL,N/A,
3825877,La Liga,2015/2016,Athletic Club,Granada,1,1,1,44,7,False,6394.0,Aritz Aduriz Zubeldia,Athletic Club,8697,Andrés Eduardo Fernández Moreno,freeze_frame,Post,Right Foot,Normal,0.7835,108.0,40.0,120.0,36.0,0.5,False,2015,POST,POST,False,True,1.0,0.0,1.0,LEADING,N/A,
3825874,La Liga,2015/2016,Sevilla,Getafe,5,0,2,49,29,False,5504.0,Éver Maximiliano David Banega,Sevilla,6625,Vicente Guaita Panadero,lineup,Goal,Right Foot,Normal,0.7835,108.1,40.0,120.0,38.0,0.2,True,2015,BL,GOAL,False,True,2.0,0.0,2.0,LEADING,N/A,
3825874,La Liga,2015/2016,Sevilla,Getafe,5,0,2,59,42,False,6401.0,Kevin Gameiro,Sevilla,6625,Vicente Guaita Panadero,lineup,Goal,Right Foot,Normal,0.7835,107.9,40.0,120.0,37.3,0.1,True,2015,BL,GOAL,False,True,3.0,0.0,3.0,LEADING,N/A,
3825874,La Liga,2015/2016,Sevilla,Getafe,5,0,2,80,4,False,8523.0,Yevhen Konoplyanka,Sevilla,6625,Vicente Guaita Panadero,lineup,Goal,Right Foot,Normal,0.7835,108.0,40.0,120.0,37.1,1.0,True,2015,BL,GOAL,False,True,4.0,0.0,4.0,LEADING,N/A,
3825870,La Liga,2015/2016,Athletic Club,Celta Vigo,2,1,1,37,43,False,6394.0,Aritz Aduriz Zubeldia,Athletic Club,6884,Sergio Álvarez Conde,lineup,Goal,Right Foot,Normal,0.7835,107.9,40.0,120.0,43.7,1.1,True,2015,BR,GOAL,False,True,0.0,1.0,-1.0,TRAILING,N/A,
3825868,La Liga,2015/2016,Celta Vigo,Granada,2,1,1,15,26,False,5217.0,Iago Aspas Juncal,Celta Vigo,8697,Andrés Eduardo Fernández Moreno,lineup,Goal,Left Foot,Normal,0.7835,108.0,40.0,120.0,41.9,0.9,True,2015,BR,GOAL,True,False,0.0,0.0,0.0,LEVEL,N/A,
3825853,La Liga,2015/2016,Sevilla,Granada,1,4,2,85,17,False,27109.0,Youssef El-Arabi,Granada,27111,António Alberto Bastos Pimparel,lineup,Goal,Right Foot,Normal,0.7835,108.0,40.0,120.0,42.7,0.7,True,2015,BR,GOAL,False,True,2.0,1.0,1.0,LEADING,N/A,
3825653,La Liga,2015/2016,Eibar,Getafe,3,1,2,60,56,False,24070.0,Saúl Berjón Pérez,Eibar,6625,Vicente Guaita Panadero,lineup,Goal,Right Foot,Normal,0.7835,107.9,40.0,120.0,37.4,2.2,True,2015,TL,GOAL,False,True,2.0,1.0,1.0,LEADING,N/A,
3825650,La Liga,2015/2016,Real Betis,Athletic Club,1,3,2,66,23,False,6832.0,Rubén Castro Martín,Real Betis,6576,Gorka Iraizoz Moreno,lineup,Goal,Right Foot,Normal,0.7835,108.2,40.0,120.0,38.8,1.3,True,2015,BC,GOAL,False,True,0.0,2.0,-2.0,TRAILING,N/A,
3825755,La Liga,2015/2016,Valencia,Sporting Gijón,0,1,2,49,5,False,6880.0,Arnaldo Antonio Sanabria Ayala,Sporting Gijón,3240,Mathew Ryan,lineup,Goal,Right Foot,Normal,0.7835,108.0,40.1,120.0,43.3,0.2,True,2015,BR,GOAL,False,True,0.0,0.0,0.0,LEVEL,N/A,
3825754,La Liga,2015/2016,Las Palmas,Celta Vigo,2,1,1,32,15,False,10755.0,Jonathan Viera Ramos,Las Palmas,6884,Sergio Álvarez Conde,lineup,Goal,Right Foot,Normal,0.7835,107.9,40.0,120.0,43.4,0.3,True,2015,BR,GOAL,False,True,0.0,1.0,-1.0,TRAILING,N/A,
3825753,La Liga,2015/2016,Villarreal,Granada,1,0,2,54,31,False,22819.0,Bruno Soriano Llido,Villarreal,8697,Andrés Eduardo Fernández Moreno,lineup,Goal,Left Foot,Normal,0.7835,108.0,40.0,120.0,43.2,0.2,True,2015,BR,GOAL,True,False,0.0,0.0,0.0,LEVEL,N/A,
3825747,La Liga,2015/2016,Athletic Club,Eibar,5,2,2,49,16,False,6566.0,Borja González Tomás,Eibar,6662,Iago Herrerín Buisán,lineup,Goal,Right Foot,Normal,0.7835,108.0,40.1,120.0,36.9,2.0,True,2015,TL,GOAL,False,True,1.0,3.0,-2.0,TRAILING,N/A,
3825734,La Liga,2015/2016,Real Sociedad,RC Deportivo La Coruña,1,1,2,74,2,False,6690.0,Xabier Prieto Argarate,Real Sociedad,27305,Germán Darío Lux,lineup,Goal,Right Foot,Normal,0.7835,108.1,40.0,120.0,39.8,2.0,True,2015,TC,GOAL,False,True,0.0,1.0,-1.0,TRAILING,N/A,
3825727,La Liga,2015/2016,Eibar,Espanyol,2,1,2,73,9,False,6566.0,Borja González Tomás,Eibar,6792,Pau López Sabata,lineup,Goal,Right Foot,Normal,0.7835,108.0,40.0,120.0,39.3,1.2,True,2015,BC,GOAL,False,True,1.0,1.0,0.0,LEVEL,N/A,
3825726,La Liga,2015/2016,Sevilla,Athletic Club,2,0,2,58,12,False,6401.0,Kevin Gameiro,Sevilla,6576,Gorka Iraizoz Moreno,lineup,Goal,Right Foot,Normal,0.7835,108.0,40.0,120.0,37.5,0.2,True,2015,BL,GOAL,False,True,1.0,0.0,1.0,LEADING,N/A,
3825722,La Liga,2015/2016,Sporting Gijón,Getafe,1,2,2,57,5,False,6907.0,Pedro León Sánchez Gil,Getafe,6610,Iván Cuéllar Sacristán,freeze_frame,Post,Right Foot,Normal,0.7835,108.0,40.0,120.0,36.0,0.2,False,2015,POST,POST,False,True,0.0,1.0,-1.0,TRAILING,N/A,
3825719,La Liga,2015/2016,Athletic Club,Las Palmas,2,2,1,16,32,False,6394.0,Aritz Aduriz Zubeldia,Athletic Club,26753,Javier Varas Herrera,lineup,Goal,Right Foot,Normal,0.7835,108.0,40.0,120.0,36.6,0.4,True,2015,BL,GOAL,False,True,0.0,0.0,0.0,LEVEL,N/A,
3825721,La Liga,2015/2016,RC Deportivo La Coruña,Villarreal,1,2,2,94,8,False,22819.0,Bruno Soriano Llido,Villarreal,27305,Germán Darío Lux,lineup,Goal,Left Foot,Normal,0.7835,108.2,40.1,120.0,37.8,0.2,True,2015,BL,GOAL,True,False,1.0,1.0,0.0,LEVEL,N/A,
3825718,La Liga,2015/2016,Valencia,Real Madrid,2,2,1,45,12,False,6595.0,Daniel Parejo Muñoz,Valencia,5597,Keylor Navas Gamboa,lineup,Goal,Right Foot,Normal,0.7835,108.0,40.0,120.0,43.4,0.2,True,2015,BR,GOAL,False,True,0.0,1.0,-1.0,TRAILING,N/A,
3825715,La Liga,2015/2016,Málaga,Celta Vigo,2,0,2,65,36,False,3302.0,Nordin Amrabat,Málaga,6884,Sergio Álvarez Conde,freeze_frame,Saved,Right Foot,Normal,0.7835,108.1,40.1,119.7,42.0,0.2,False,2015,BR,SAVED,False,True,2.0,0.0,2.0,LEADING,N/A,
3825710,La Liga,2015/2016,Real Madrid,Real Sociedad,3,1,1,23,13,False,5207.0,Cristiano Ronaldo dos Santos Aveiro,Real Madrid,6694,Gerónimo Rulli,freeze_frame,Off T,Right Foot,Normal,0.7835,108.0,40.0,120.0,41.5,5.3,False,2015,OVER,OVER,False,True,0.0,0.0,0.0,LEVEL,N/A,
3825710,La Liga,2015/2016,Real Madrid,Real Sociedad,3,1,1,41,45,False,5207.0,Cristiano Ronaldo dos Santos Aveiro,Real Madrid,6694,Gerónimo Rulli,lineup,Goal,Right Foot,Normal,0.7835,107.9,40.0,120.0,43.8,0.7,True,2015,BR,GOAL,False,True,0.0,0.0,0.0,LEVEL,N/A,
3825634,La Liga,2015/2016,Granada,Real Betis,1,1,1,39,26,False,6832.0,Rubén Castro Martín,Real Betis,8697,Andrés Eduardo Fernández Moreno,lineup,Goal,Right Foot,Normal,0.7835,108.1,40.1,120.0,37.1,0.2,True,2015,BL,GOAL,False,True,0.0,1.0,-1.0,TRAILING,N/A,
3825633,La Liga,2015/2016,Rayo Vallecano,Espanyol,3,0,1,35,9,False,26848.0,Roberto Trashorras Gayoso,Rayo Vallecano,6792,Pau López Sabata,lineup,Goal,Right Foot,Normal,0.7835,107.9,40.0,120.0,36.5,0.5,True,2015,BL,GOAL,False,True,0.0,0.0,0.0,LEVEL,N/A,
3825633,La Liga,2015/2016,Rayo Vallecano,Espanyol,3,0,2,92,43,False,6624.0,Jorge Franco Alviz,Espanyol,26070,Antonio Rodríguez Martínez,lineup,Saved,Right Foot,Normal,0.7835,108.0,40.0,118.7,42.7,0.3,False,2015,BR,SAVED,False,True,0.0,3.0,-3.0,TRAILING,N/A,
3825627,La Liga,2015/2016,Barcelona,Rayo Vallecano,5,2,1,21,38,False,4320.0,Neymar da Silva Santos Junior,Barcelona,26070,Antonio Rodríguez Martínez,lineup,Goal,Right Foot,Normal,0.7835,107.5,39.9,120.0,37.5,0.0,True,2015,BL,GOAL,False,True,0.0,1.0,-1.0,TRAILING,N/A,
3825627,La Liga,2015/2016,Barcelona,Rayo Vallecano,5,2,1,31,44,False,4320.0,Neymar da Silva Santos Junior,Barcelona,26070,Antonio Rodríguez Martínez,lineup,Goal,Right Foot,Normal,0.7835,107.3,40.1,120.0,42.6,0.1,True,2015,BR,GOAL,False,True,1.0,1.0,0.0,LEVEL,N/A,
3825621,La Liga,2015/2016,Atlético Madrid,Real Madrid,1,1,1,21,49,False,5487.0,Antoine Griezmann,Atlético Madrid,5597,Keylor Navas Gamboa,lineup,Saved,Left Foot,Normal,0.7835,107.9,40.0,119.1,41.7,0.8,False,2015,BR,SAVED,True,False,0.0,1.0,-1.0,TRAILING,N/A,
3825617,La Liga,2015/2016,Sevilla,Barcelona,2,1,2,73,24,False,4320.0,Neymar da Silva Santos Junior,Barcelona,6823,Sergio Rico González,lineup,Goal,Right Foot,Normal,0.7835,107.8,40.2,120.0,36.9,0.2,True,2015,BL,GOAL,False,True,0.0,2.0,-2.0,TRAILING,N/A,
3825615,La Liga,2015/2016,Espanyol,Sporting Gijón,1,2,1,29,6,False,7781.0,Felipe Salvador Caicedo Corozo,Espanyol,11537,Alberto García Cabrera,lineup,Saved,Left Foot,Normal,0.7835,108.2,40.1,119.4,42.6,0.9,False,2015,BR,SAVED,True,False,0.0,1.0,-1.0,TRAILING,N/A,
3825592,La Liga,2015/2016,Real Sociedad,Espanyol,2,3,1,43,46,False,6766.0,Gerard Moreno Balaguero,Espanyol,6692,Oier Olazábal Paredes,lineup,Goal,Left Foot,Normal,0.7835,108.0,40.1,120.0,43.2,0.2,True,2015,BR,GOAL,True,False,0.0,1.0,-1.0,TRAILING,N/A,
3825585,La Liga,2015/2016,Celta Vigo,Las Palmas,3,3,1,12,46,False,7105.0,Fabián Ariel Orellana Valenzuela,Celta Vigo,7905,Raúl Lizoáin Cruz,lineup,Goal,Right Foot,Normal,0.7835,108.0,39.8,120.0,43.2,0.4,True,2015,BR,GOAL,False,True,0.0,0.0,0.0,LEVEL,N/A,
3825581,La Liga,2015/2016,Espanyol,Real Madrid,0,6,1,16,35,False,5207.0,Cristiano Ronaldo dos Santos Aveiro,Real Madrid,6792,Pau López Sabata,lineup,Goal,Right Foot,Normal,0.7835,107.8,40.1,120.0,43.3,0.3,True,2015,BR,GOAL,False,True,1.0,0.0,1.0,LEADING,N/A,
3825578,La Liga,2015/2016,Eibar,Athletic Club,2,0,1,33,5,False,24070.0,Saúl Berjón Pérez,Eibar,6576,Gorka Iraizoz Moreno,lineup,Goal,Right Foot,Normal,0.7835,108.2,40.2,120.0,40.1,2.0,True,2015,TC,GOAL,False,True,0.0,0.0,0.0,LEVEL,N/A,
3825577,La Liga,2015/2016,Getafe,Granada,1,2,1,25,51,False,27109.0,Youssef El-Arabi,Granada,6625,Vicente Guaita Panadero,lineup,Goal,Right Foot,Normal,0.7835,108.0,40.1,120.0,43.5,0.8,True,2015,BR,GOAL,False,True,0.0,0.0,0.0,LEVEL,N/A,
3825574,La Liga,2015/2016,Celta Vigo,Rayo Vallecano,3,0,1,10,37,False,6724.0,Manuel Agudo Durán,Celta Vigo,24255,Juan Carlos Martín Corral,lineup,Goal,Right Foot,Normal,0.7835,107.9,39.9,120.0,38.3,0.3,True,2015,BL,GOAL,False,True,0.0,0.0,0.0,LEVEL,N/A,
266498,La Liga,2015/2016,Barcelona,Getafe,6,0,1,10,20,False,5503.0,Lionel Andrés Messi Cuccittini,Barcelona,6625,Vicente Guaita Panadero,lineup,Saved,Left Foot,Normal,0.7835,108.0,40.0,119.3,42.3,0.1,False,2015,BR,SAVED,True,False,1.0,0.0,1.0,LEADING,N/A,
266653,La Liga,2015/2016,Rayo Vallecano,Barcelona,1,5,2,68,10,False,5246.0,Luis Alberto Suárez Díaz,Barcelona,24255,Juan Carlos Martín Corral,lineup,Saved,Right Foot,Normal,0.7835,108.0,39.9,119.5,38.8,0.9,False,2015,BC,SAVED,False,True,3.0,1.0,2.0,LEADING,N/A,
265944,La Liga,2015/2016,Barcelona,Sporting Gijón,6,0,2,73,38,False,5246.0,Luis Alberto Suárez Díaz,Barcelona,6610,Iván Cuéllar Sacristán,lineup,Goal,Right Foot,Normal,0.7835,108.3,40.3,120.0,43.2,1.5,True,2015,TR,GOAL,False,True,2.0,0.0,2.0,LEADING,N/A,
265944,La Liga,2015/2016,Barcelona,Sporting Gijón,6,0,2,76,52,False,5246.0,Luis Alberto Suárez Díaz,Barcelona,6610,Iván Cuéllar Sacristán,lineup,Goal,Right Foot,Normal,0.7835,108.2,40.1,120.0,39.3,2.0,True,2015,TC,GOAL,False,True,3.0,0.0,3.0,LEADING,N/A,
265944,La Liga,2015/2016,Barcelona,Sporting Gijón,6,0,2,85,6,False,4320.0,Neymar da Silva Santos Junior,Barcelona,6610,Iván Cuéllar Sacristán,lineup,Goal,Right Foot,Normal,0.7835,108.1,40.1,120.0,38.6,0.4,True,2015,BL,GOAL,False,True,4.0,0.0,4.0,LEADING,N/A,
267611,La Liga,2015/2016,Barcelona,Las Palmas,2,1,2,66,1,False,4320.0,Neymar da Silva Santos Junior,Barcelona,26753,Javier Varas Herrera,freeze_frame,Off T,Right Foot,Normal,0.7835,108.1,40.1,120.0,40.2,3.8,False,2015,OVER,OVER,False,True,2.0,0.0,2.0,LEADING,N/A,
266236,La Liga,2015/2016,Athletic Club,Barcelona,0,1,1,30,15,False,5503.0,Lionel Andrés Messi Cuccittini,Barcelona,6576,Gorka Iraizoz Moreno,lineup,Saved,Left Foot,Normal,0.7835,107.9,40.1,119.3,36.8,0.2,False,2015,BL,SAVED,True,False,0.0,0.0,0.0,LEVEL,N/A,
266815,La Liga,2015/2016,Sporting Gijón,Barcelona,1,3,2,61,29,False,5246.0,Luis Alberto Suárez Díaz,Barcelona,6610,Iván Cuéllar Sacristán,freeze_frame,Saved,Right Foot,Normal,0.7835,107.8,40.0,118.9,37.1,0.9,False,2015,BL,SAVED,False,True,2.0,1.0,1.0,LEADING,N/A,
266106,La Liga,2015/2016,Villarreal,Barcelona,2,2,1,40,42,False,4320.0,Neymar da Silva Santos Junior,Barcelona,6755,Sergio Asenjo Andrés,lineup,Goal,Right Foot,Normal,0.7835,108.1,40.1,120.0,37.5,1.0,True,2015,BL,GOAL,False,True,1.0,0.0,1.0,LEADING,N/A,
266149,La Liga,2015/2016,Barcelona,Athletic Club,6,0,1,6,24,False,5503.0,Lionel Andrés Messi Cuccittini,Barcelona,6662,Iago Herrerín Buisán,freeze_frame,Goal,Left Foot,Normal,0.7835,108.0,40.0,120.0,43.7,0.1,True,2015,BR,GOAL,True,False,0.0,0.0,0.0,LEVEL,N/A,
266056,La Liga,2015/2016,Eibar,Barcelona,0,4,2,75,18,False,5503.0,Lionel Andrés Messi Cuccittini,Barcelona,10763,Asier Riesgo Unamuno,lineup,Goal,Left Foot,Normal,0.7835,108.1,40.2,120.0,40.1,1.3,True,2015,BC,GOAL,True,False,2.0,0.0,2.0,LEADING,N/A,
267327,La Liga,2015/2016,Barcelona,Real Betis,4,0,1,28,58,False,4320.0,Neymar da Silva Santos Junior,Barcelona,6654,Antonio Adán Garrido,freeze_frame,Post,Right Foot,Normal,0.7835,108.0,40.1,120.0,42.5,3.0,False,2015,POST,POST,False,True,0.0,0.0,0.0,LEVEL,N/A,
266490,La Liga,2015/2016,Barcelona,Levante UD,4,1,2,60,29,False,5503.0,Lionel Andrés Messi Cuccittini,Barcelona,6730,Rubén Iván Martínez Andrade,lineup,Goal,Left Foot,Normal,0.7835,108.1,40.1,120.0,41.9,2.0,True,2015,TR,GOAL,True,False,2.0,0.0,2.0,LEADING,N/A,
266490,La Liga,2015/2016,Barcelona,Levante UD,4,1,2,75,0,False,5503.0,Lionel Andrés Messi Cuccittini,Barcelona,6730,Rubén Iván Martínez Andrade,freeze_frame,Off T,Left Foot,Normal,0.7835,108.3,40.1,120.0,41.1,3.6,False,2015,OVER,OVER,True,False,3.0,1.0,2.0,LEADING,N/A,
266254,La Liga,2015/2016,Barcelona,Celta Vigo,6,1,1,38,53,False,6038.0,John Guidetti,Celta Vigo,4691,Claudio Andrés Bravo Muñoz,lineup,Goal,Right Foot,Normal,0.7835,108.1,40.1,120.0,37.3,1.0,True,2015,BL,GOAL,False,True,0.0,1.0,-1.0,TRAILING,N/A,
266254,La Liga,2015/2016,Barcelona,Celta Vigo,6,1,2,80,58,False,5503.0,Lionel Andrés Messi Cuccittini,Barcelona,6884,Sergio Álvarez Conde,freeze_frame,Wayward,Left Foot,Normal,0.7835,108.1,40.1,111.4,43.2,,False,2015,WAYWARD,WAYWARD,True,False,3.0,1.0,2.0,LEADING,N/A,
265963,La Liga,2014/2015,Barcelona,Getafe,6,0,1,8,46,False,5503.0,Lionel Andrés Messi Cuccittini,Barcelona,6625,Vicente Guaita Panadero,lineup,Goal,Left Foot,Lob,0.7835,108.0,40.0,120.0,40.4,1.9,True,2014,TC,GOAL,True,False,0.0,0.0,0.0,LEVEL,N/A,
266916,La Liga,2014/2015,Barcelona,Rayo Vallecano,6,1,2,55,51,False,5503.0,Lionel Andrés Messi Cuccittini,Barcelona,24040,Cristian Darío Álvarez,lineup,Goal,Left Foot,Normal,0.7835,108.1,40.1,120.0,43.5,0.0,True,2014,BR,GOAL,True,False,2.0,0.0,2.0,LEADING,N/A,
266916,La Liga,2014/2015,Barcelona,Rayo Vallecano,6,1,2,80,10,False,6879.0,Alberto Bueno Calvo,Rayo Vallecano,4691,Claudio Andrés Bravo Muñoz,lineup,Goal,Right Foot,Normal,0.7835,108.0,40.2,120.0,39.5,2.0,True,2014,TC,GOAL,False,True,0.0,5.0,-5.0,TRAILING,N/A,
265866,La Liga,2014/2015,Córdoba CF,Barcelona,0,8,2,84,17,False,4320.0,Neymar da Silva Santos Junior,Barcelona,24255,Juan Carlos Martín Corral,lineup,Goal,Right Foot,Normal,0.7835,108.1,40.1,120.0,42.5,0.0,True,2014,BR,GOAL,False,True,6.0,0.0,6.0,LEADING,N/A,
267085,La Liga,2014/2015,Real Madrid,Barcelona,3,1,1,33,23,False,5207.0,Cristiano Ronaldo dos Santos Aveiro,Real Madrid,4691,Claudio Andrés Bravo Muñoz,lineup,Goal,Right Foot,Normal,0.7835,108.0,40.0,120.0,43.0,0.4,True,2014,BR,GOAL,False,True,0.0,1.0,-1.0,TRAILING,N/A,
70303,La Liga,2014/2015,Barcelona,Atlético Madrid,3,1,2,56,42,False,5472.0,Mario Mandžukić,Atlético Madrid,4691,Claudio Andrés Bravo Muñoz,lineup,Goal,Right Foot,Normal,0.7835,108.1,40.0,120.0,39.6,2.4,True,2014,TC,GOAL,False,True,0.0,2.0,-2.0,TRAILING,N/A,
266794,La Liga,2014/2015,Elche,Barcelona,0,6,2,54,7,False,5503.0,Lionel Andrés Messi Cuccittini,Barcelona,9082,Przemysław Tytoń,lineup,Goal,Left Foot,Normal,0.7835,108.0,40.0,120.0,37.7,0.2,True,2014,BL,GOAL,True,False,1.0,0.0,1.0,LEADING,N/A,
267343,La Liga,2014/2015,Granada,Barcelona,1,3,2,52,18,False,25707.0,Francisco Manuel Rico Castro,Granada,4691,Claudio Andrés Bravo Muñoz,lineup,Goal,Right Foot,Normal,0.7835,108.1,39.9,120.0,43.6,1.6,True,2014,TR,GOAL,False,True,0.0,2.0,-2.0,TRAILING,N/A,
266525,La Liga,2014/2015,Barcelona,Valencia,2,0,1,9,25,False,6595.0,Daniel Parejo Muñoz,Valencia,4691,Claudio Andrés Bravo Muñoz,lineup,Saved,Right Foot,Normal,0.7835,108.1,40.0,119.5,37.9,0.4,False,2014,BL,SAVED,False,True,0.0,1.0,-1.0,TRAILING,N/A,
266741,La Liga,2014/2015,Barcelona,Levante UD,5,0,2,64,57,False,5503.0,Lionel Andrés Messi Cuccittini,Barcelona,23843,Diego Mariño Villar,lineup,Goal,Left Foot,Normal,0.7835,108.0,40.0,120.0,43.3,0.0,True,2014,BR,GOAL,True,False,3.0,0.0,3.0,LEADING,N/A,
266967,La Liga,2014/2015,Eibar,Barcelona,0,2,1,30,56,False,5503.0,Lionel Andrés Messi Cuccittini,Barcelona,27517,Jaime Jiménez Merlo,lineup,Goal,Left Foot,Normal,0.7835,108.1,40.1,120.0,42.6,1.6,True,2014,TR,GOAL,True,False,0.0,0.0,0.0,LEVEL,N/A,
266770,La Liga,2014/2015,Levante UD,Barcelona,0,5,1,41,12,False,5503.0,Lionel Andrés Messi Cuccittini,Barcelona,27240,Jesús Fernández Collado,freeze_frame,Off T,Left Foot,Normal,0.7835,108.2,40.1,120.0,35.5,1.6,False,2014,WIDE,WIDE,True,False,1.0,0.0,1.0,LEADING,N/A,
267368,La Liga,2013/2014,Barcelona,Real Betis,3,1,1,14,2,False,5503.0,Lionel Andrés Messi Cuccittini,Barcelona,6654,Antonio Adán Garrido,lineup,Goal,Left Foot,Normal,0.7835,108.0,40.1,120.0,38.4,0.2,True,2013,BL,GOAL,True,False,0.0,0.0,0.0,LEVEL,N/A,
267368,La Liga,2013/2014,Barcelona,Real Betis,3,1,2,85,14,False,5503.0,Lionel Andrés Messi Cuccittini,Barcelona,6654,Antonio Adán Garrido,freeze_frame,Saved,Left Foot,Normal,0.7835,108.1,40.2,119.5,42.3,0.9,False,2013,BR,SAVED,True,False,1.0,1.0,0.0,LEVEL,N/A,
70302,La Liga,2013/2014,Rayo Vallecano,Barcelona,0,4,1,35,41,False,26848.0,Roberto Trashorras Gayoso,Rayo Vallecano,20176,Víctor Valdés Arribas,lineup,Saved,Right Foot,Normal,0.7835,108.0,40.0,119.5,36.9,1.7,False,2013,TL,SAVED,False,True,0.0,1.0,-1.0,TRAILING,N/A,
70277,La Liga,2013/2014,Barcelona,Levante UD,7,0,1,41,18,False,5503.0,Lionel Andrés Messi Cuccittini,Barcelona,5597,Keylor Navas Gamboa,freeze_frame,Goal,Left Foot,Normal,0.7835,107.9,40.0,120.0,37.1,1.0,True,2013,BL,GOAL,True,False,4.0,0.0,4.0,LEADING,N/A,
70306,La Liga,2013/2014,Espanyol,Barcelona,0,1,2,76,13,False,5503.0,Lionel Andrés Messi Cuccittini,Barcelona,6706,Francisco Casilla Cortés,lineup,Goal,Left Foot,Normal,0.7835,108.0,40.0,120.0,37.3,0.3,True,2013,BL,GOAL,True,False,0.0,0.0,0.0,LEVEL,N/A,
266613,La Liga,2013/2014,Barcelona,Valencia,2,3,2,53,14,False,5503.0,Lionel Andrés Messi Cuccittini,Barcelona,25144,Diego Alves Carreira,lineup,Goal,Left Foot,Normal,0.7835,108.1,40.1,120.0,43.8,2.4,True,2013,TR,GOAL,True,False,1.0,2.0,-1.0,TRAILING,N/A,
265857,La Liga,2013/2014,Real Madrid,Barcelona,3,4,2,54,19,False,5207.0,Cristiano Ronaldo dos Santos Aveiro,Real Madrid,20176,Víctor Valdés Arribas,lineup,Goal,Right Foot,Normal,0.7835,108.0,40.1,120.0,36.4,0.3,True,2013,BL,GOAL,False,True,2.0,2.0,0.0,LEVEL,N/A,
265857,La Liga,2013/2014,Real Madrid,Barcelona,3,4,2,64,8,False,5503.0,Lionel Andrés Messi Cuccittini,Barcelona,6768,Diego López Rodríguez,lineup,Goal,Left Foot,Normal,0.7835,107.8,39.9,120.0,43.3,1.4,True,2013,TR,GOAL,True,False,2.0,3.0,-1.0,TRAILING,N/A,
265857,La Liga,2013/2014,Real Madrid,Barcelona,3,4,2,83,42,False,5503.0,Lionel Andrés Messi Cuccittini,Barcelona,6768,Diego López Rodríguez,lineup,Goal,Left Foot,Normal,0.7835,108.0,40.0,120.0,43.7,2.4,True,2013,TR,GOAL,True,False,3.0,3.0,0.0,LEVEL,N/A,
266883,La Liga,2013/2014,Real Betis,Barcelona,1,4,2,91,35,False,6630.0,Jorge Molina Vidal,Real Betis,20176,Víctor Valdés Arribas,lineup,Goal,Right Foot,Normal,0.7835,108.1,40.3,120.0,36.6,1.6,True,2013,TL,GOAL,False,True,0.0,4.0,-4.0,TRAILING,N/A,
70282,La Liga,2012/2013,Valencia,Barcelona,1,1,1,38,23,False,5503.0,Lionel Andrés Messi Cuccittini,Barcelona,6625,Vicente Guaita Panadero,lineup,Goal,Left Foot,Normal,0.7835,108.1,40.1,120.0,36.7,2.3,True,2012,TL,GOAL,True,False,0.0,1.0,-1.0,TRAILING,N/A,
266724,La Liga,2012/2013,Mallorca,Barcelona,2,4,2,57,41,False,23791.0,Víctor Casadesús Castaño,Mallorca,20176,Víctor Valdés Arribas,lineup,Goal,Right Foot,Normal,0.7835,108.1,40.1,120.0,40.2,0.5,True,2012,BC,GOAL,False,True,1.0,3.0,-2.0,TRAILING,N/A,
70304,La Liga,2012/2013,RC Deportivo La Coruña,Barcelona,4,5,1,25,49,False,10325.0,Luís Miguel Afonso Fernandes,RC Deportivo La Coruña,20176,Víctor Valdés Arribas,lineup,Goal,Right Foot,Normal,0.7835,108.1,40.0,120.0,42.5,1.4,True,2012,TR,GOAL,False,True,0.0,3.0,-3.0,TRAILING,N/A,
70280,La Liga,2012/2013,Levante UD,Barcelona,0,4,2,86,39,False,26226.0,José Javier Barkero Saludes,Levante UD,20176,Víctor Valdés Arribas,lineup,Saved,Left Foot,Normal,0.7835,108.1,40.1,119.0,37.7,0.5,False,2012,BL,SAVED,True,False,0.0,4.0,-4.0,TRAILING,N/A,
266433,La Liga,2012/2013,Barcelona,Espanyol,4,0,1,28,30,False,5503.0,Lionel Andrés Messi Cuccittini,Barcelona,6706,Francisco Casilla Cortés,lineup,Goal,Left Foot,Normal,0.7835,108.1,39.9,120.0,37.5,0.2,True,2012,BL,GOAL,True,False,3.0,0.0,3.0,LEADING,N/A,
70260,La Liga,2012/2013,Barcelona,Osasuna,5,1,1,27,9,False,5503.0,Lionel Andrés Messi Cuccittini,Barcelona,8697,Andrés Eduardo Fernández Moreno,lineup,Goal,Left Foot,Normal,0.7835,108.2,40.2,120.0,36.6,0.5,True,2012,BL,GOAL,True,False,1.0,1.0,0.0,LEVEL,N/A,
70292,La Liga,2012/2013,Getafe,Barcelona,1,4,2,73,24,False,5503.0,Lionel Andrés Messi Cuccittini,Barcelona,7069,Miguel Ángel Moyà Rumbo,lineup,Goal,Left Foot,Normal,0.7835,108.2,40.1,120.0,42.4,1.3,True,2012,BR,GOAL,True,False,1.0,0.0,1.0,LEADING,N/A,
69329,La Liga,2011/2012,Barcelona,Sevilla,0,0,2,94,40,False,5503.0,Lionel Andrés Messi Cuccittini,Barcelona,26753,Javier Varas Herrera,freeze_frame,Saved,Left Foot,Normal,0.7835,108.2,40.3,119.4,43.3,0.9,False,2011,BR,SAVED,True,False,0.0,0.0,0.0,LEVEL,N/A,
70219,La Liga,2011/2012,Real Zaragoza,Barcelona,1,4,1,23,30,False,26020.0,Ángel Lafita Castillo,Real Zaragoza,20176,Víctor Valdés Arribas,freeze_frame,Saved,Right Foot,Normal,0.7835,108.0,39.8,119.0,42.7,0.5,False,2011,BR,SAVED,False,True,0.0,0.0,0.0,LEVEL,N/A,
70219,La Liga,2011/2012,Real Zaragoza,Barcelona,1,4,2,85,5,False,5503.0,Lionel Andrés Messi Cuccittini,Barcelona,6571,Roberto Jiménez Gago,lineup,Goal,Left Foot,Normal,0.7835,108.0,40.0,120.0,38.8,1.9,True,2011,TC,GOAL,True,False,2.0,1.0,1.0,LEADING,N/A,
69322,La Liga,2011/2012,Racing Santander,Barcelona,0,2,2,55,47,False,5503.0,Lionel Andrés Messi Cuccittini,Barcelona,26786,Mario Fernández Cuesta,lineup,Goal,Left Foot,Normal,0.7835,108.0,40.0,120.0,42.5,0.2,True,2011,BR,GOAL,True,False,1.0,0.0,1.0,LEADING,N/A,
70225,La Liga,2011/2012,Barcelona,Granada,5,3,2,61,44,False,26780.0,Guilherme Magdalena Siqueira,Granada,20176,Víctor Valdés Arribas,lineup,Goal,Left Foot,Normal,0.7835,107.9,40.0,120.0,38.0,0.2,True,2011,BL,GOAL,True,False,1.0,2.0,-1.0,TRAILING,N/A,
70225,La Liga,2011/2012,Barcelona,Granada,5,3,2,88,54,False,26780.0,Guilherme Magdalena Siqueira,Granada,20176,Víctor Valdés Arribas,lineup,Goal,Left Foot,Lob,0.7835,108.2,40.0,120.0,43.6,0.2,True,2011,BR,GOAL,True,False,2.0,5.0,-3.0,TRAILING,N/A,
69340,La Liga,2011/2012,Barcelona,Málaga,4,1,1,34,13,False,5503.0,Lionel Andrés Messi Cuccittini,Barcelona,26103,Idriss Carlos Kameni,freeze_frame,Goal,Left Foot,Normal,0.7835,108.0,40.0,120.0,38.7,0.2,True,2011,BC,GOAL,True,False,1.0,1.0,0.0,LEVEL,N/A,
69340,La Liga,2011/2012,Barcelona,Málaga,4,1,2,58,46,False,5503.0,Lionel Andrés Messi Cuccittini,Barcelona,26103,Idriss Carlos Kameni,freeze_frame,Goal,Left Foot,Normal,0.7835,108.1,40.1,120.0,43.4,1.9,True,2011,TR,GOAL,True,False,2.0,1.0,1.0,LEADING,N/A,
69327,La Liga,2011/2012,Barcelona,Real Betis,4,2,2,85,32,False,5503.0,Lionel Andrés Messi Cuccittini,Barcelona,23815,Casto Espinosa Barriga,lineup,Goal,Left Foot,Normal,0.7835,108.0,40.0,120.0,38.0,1.3,True,2011,BL,GOAL,True,False,3.0,2.0,1.0,LEADING,N/A,
69320,La Liga,2011/2012,Barcelona,Espanyol,4,0,2,63,38,False,5503.0,Lionel Andrés Messi Cuccittini,Barcelona,24040,Cristian Darío Álvarez,lineup,Goal,Left Foot,Normal,0.7835,108.1,40.1,120.0,43.8,0.2,True,2011,BR,GOAL,True,False,1.0,0.0,1.0,LEADING,N/A,
69320,La Liga,2011/2012,Barcelona,Espanyol,4,0,2,78,29,False,5503.0,Lionel Andrés Messi Cuccittini,Barcelona,24040,Cristian Darío Álvarez,lineup,Goal,Left Foot,Normal,0.7835,108.2,40.0,120.0,43.4,1.3,True,2011,BR,GOAL,True,False,3.0,0.0,3.0,LEADING,N/A,
69314,La Liga,2011/2012,Barcelona,Mallorca,5,0,1,12,51,False,5503.0,Lionel Andrés Messi Cuccittini,Barcelona,26146,Dudú Aouate,lineup,Goal,Left Foot,Normal,0.7835,108.0,40.0,120.0,42.9,2.3,True,2011,TR,GOAL,True,False,0.0,0.0,0.0,LEVEL,N/A,
70221,La Liga,2011/2012,Levante UD,Barcelona,1,2,1,22,43,False,26226.0,José Javier Barkero Saludes,Levante UD,20176,Víctor Valdés Arribas,lineup,Goal,Left Foot,Normal,0.7835,107.9,40.0,120.0,37.6,0.2,True,2011,BL,GOAL,True,False,0.0,0.0,0.0,LEVEL,N/A,
70221,La Liga,2011/2012,Levante UD,Barcelona,1,2,2,71,38,False,5503.0,Lionel Andrés Messi Cuccittini,Barcelona,26221,Gustavo Adolfo Munúa Vera,lineup,Goal,Left Foot,Normal,0.7835,108.0,40.0,120.0,42.2,2.1,True,2011,TR,GOAL,True,False,1.0,1.0,0.0,LEVEL,N/A,
69323,La Liga,2011/2012,Barcelona,Athletic Club,2,0,2,57,51,False,5503.0,Lionel Andrés Messi Cuccittini,Barcelona,6576,Gorka Iraizoz Moreno,lineup,Goal,Left Foot,Normal,0.7835,108.1,40.2,120.0,43.2,0.2,True,2011,BR,GOAL,True,False,1.0,0.0,1.0,LEADING,N/A,
69307,La Liga,2010/2011,Osasuna,Barcelona,0,3,2,83,0,False,5503.0,Lionel Andrés Messi Cuccittini,Barcelona,25912,Ricardo López Felipe,lineup,Goal,Left Foot,Normal,0.7835,108.0,40.0,120.0,43.5,0.0,True,2010,BR,GOAL,True,False,2.0,0.0,2.0,LEADING,N/A,
69305,La Liga,2010/2011,Barcelona,Almería,3,1,2,52,50,False,5503.0,Lionel Andrés Messi Cuccittini,Barcelona,25144,Diego Alves Carreira,lineup,Goal,Left Foot,Normal,0.7835,108.3,40.1,120.0,42.1,0.8,True,2010,BR,GOAL,True,False,0.0,1.0,-1.0,TRAILING,N/A,
69295,La Liga,2010/2011,Barcelona,Racing Santander,3,0,1,32,44,False,5503.0,Lionel Andrés Messi Cuccittini,Barcelona,26070,Antonio Rodríguez Martínez,lineup,Goal,Left Foot,Normal,0.7835,108.0,40.0,120.0,43.4,0.1,True,2010,BR,GOAL,True,False,1.0,0.0,1.0,LEADING,N/A,
69270,La Liga,2010/2011,Getafe,Barcelona,1,3,2,69,30,False,24507.0,Manuel del Moral Fernández,Getafe,20176,Víctor Valdés Arribas,lineup,Goal,Right Foot,Normal,0.7835,108.0,40.1,120.0,36.5,1.0,True,2010,BL,GOAL,False,True,0.0,3.0,-3.0,TRAILING,N/A,
69245,La Liga,2010/2011,Real Madrid,Barcelona,1,1,2,52,4,False,5503.0,Lionel Andrés Messi Cuccittini,Barcelona,11179,Iker Casillas Fernández,lineup,Goal,Left Foot,Normal,0.7835,108.1,40.1,120.0,41.7,1.3,True,2010,BR,GOAL,True,False,0.0,0.0,0.0,LEVEL,N/A,
69245,La Liga,2010/2011,Real Madrid,Barcelona,1,1,2,81,39,False,5207.0,Cristiano Ronaldo dos Santos Aveiro,Real Madrid,20176,Víctor Valdés Arribas,lineup,Goal,Right Foot,Normal,0.7835,108.0,40.0,120.0,43.2,0.9,True,2010,BR,GOAL,False,True,0.0,1.0,-1.0,TRAILING,N/A,
69246,La Liga,2010/2011,Real Sociedad,Barcelona,2,1,2,81,29,False,6690.0,Xabier Prieto Argarate,Real Sociedad,26005,José Manuel Pinto Colorado,lineup,Goal,Right Foot,Normal,0.7835,107.9,40.0,120.0,39.1,1.5,True,2010,TC,GOAL,False,True,1.0,1.0,0.0,LEVEL,N/A,
69282,La Liga,2010/2011,Barcelona,Athletic Club,2,1,2,49,55,False,26031.0,Andoni Iraola Sagarna,Athletic Club,26005,José Manuel Pinto Colorado,lineup,Goal,Right Foot,Normal,0.7835,107.8,40.0,120.0,43.2,0.4,True,2010,BR,GOAL,False,True,0.0,1.0,-1.0,TRAILING,N/A,
69286,La Liga,2010/2011,Racing Santander,Barcelona,0,3,1,35,1,False,26490.0,Mohamed Gasana Tchité,Racing Santander,20176,Víctor Valdés Arribas,lineup,Saved,Right Foot,Normal,0.7835,108.0,40.0,119.3,37.0,1.3,False,2010,BL,SAVED,False,True,0.0,2.0,-2.0,TRAILING,N/A,
69250,La Liga,2009/2010,Barcelona,Mallorca,4,2,2,86,57,False,5503.0,Lionel Andrés Messi Cuccittini,Barcelona,26146,Dudú Aouate,lineup,Goal,Left Foot,Normal,0.7835,108.3,39.9,120.0,44.0,0.4,True,2009,BR,GOAL,True,False,3.0,1.0,2.0,LEADING,N/A,
69240,La Liga,2009/2010,Barcelona,Getafe,2,1,2,93,1,False,26009.0,Roberto Soldado Rillo,Getafe,20176,Víctor Valdés Arribas,lineup,Goal,Right Foot,Normal,0.7835,108.0,40.0,120.0,38.5,0.1,True,2009,BL,GOAL,False,True,0.0,2.0,-2.0,TRAILING,N/A,
69227,La Liga,2009/2010,Real Zaragoza,Barcelona,2,4,2,90,36,False,3672.0,Zlatan Ibrahimović,Barcelona,6571,Roberto Jiménez Gago,lineup,Goal,Right Foot,Normal,0.7835,107.9,40.2,120.0,36.8,0.3,True,2009,BL,GOAL,False,True,3.0,2.0,1.0,LEADING,N/A,
69225,La Liga,2008/2009,Barcelona,Real Madrid,2,0,2,69,39,False,19298.0,Samuel Eto''o Fils,Barcelona,11179,Iker Casillas Fernández,freeze_frame,Saved,Right Foot,Normal,0.7835,108.3,40.1,119.8,43.4,0.5,False,2008,BR,SAVED,False,True,0.0,0.0,0.0,LEVEL,N/A,
69212,La Liga,2008/2009,Barcelona,Atlético Madrid,6,1,1,5,7,False,19298.0,Samuel Eto''o Fils,Barcelona,20256,Grégory Coupet,lineup,Goal,Right Foot,Normal,0.7835,108.0,39.9,120.0,36.4,0.2,True,2008,BL,GOAL,False,True,1.0,0.0,1.0,LEADING,N/A,
69216,La Liga,2008/2009,Barcelona,Athletic Club,2,0,1,31,2,False,5503.0,Lionel Andrés Messi Cuccittini,Barcelona,6576,Gorka Iraizoz Moreno,lineup,Goal,Left Foot,Normal,0.7835,107.9,40.1,120.0,37.3,1.5,True,2008,TL,GOAL,True,False,1.0,0.0,1.0,LEADING,N/A,
69209,La Liga,2008/2009,Racing Santander,Barcelona,1,2,2,55,3,False,26074.0,Nikola Žigić,Racing Santander,20176,Víctor Valdés Arribas,lineup,Goal,Right Foot,Normal,0.7835,108.2,40.2,120.0,36.7,0.0,True,2008,BL,GOAL,False,True,0.0,0.0,0.0,LEVEL,N/A,
69217,La Liga,2008/2009,Barcelona,Villarreal,3,3,2,77,18,False,26192.0,Matías Ariel Fernández Fernández,Villarreal,20176,Víctor Valdés Arribas,lineup,Goal,Right Foot,Normal,0.7835,108.1,40.1,120.0,36.0,2.0,True,2008,TL,GOAL,False,True,1.0,3.0,-2.0,TRAILING,N/A,
69222,La Liga,2008/2009,Barcelona,Recreativo Huelva,2,0,2,80,51,False,5503.0,Lionel Andrés Messi Cuccittini,Barcelona,10763,Asier Riesgo Unamuno,lineup,Saved,Left Foot,Normal,0.7835,108.2,40.1,119.4,37.9,0.2,False,2008,BL,SAVED,True,False,1.0,0.0,1.0,LEADING,N/A,
69195,La Liga,2008/2009,Real Betis,Barcelona,2,2,1,47,27,False,19298.0,Samuel Eto''o Fils,Barcelona,19761,Ricardo Alexandre Martins Soares Pereira,lineup,Saved,Right Foot,Normal,0.7835,108.1,40.2,119.4,37.4,0.6,False,2008,BL,SAVED,False,True,0.0,2.0,-2.0,TRAILING,N/A,
69185,La Liga,2008/2009,Atlético Madrid,Barcelona,4,3,2,78,57,False,26199.0,Diego Forlán Corazo,Atlético Madrid,20176,Víctor Valdés Arribas,lineup,Goal,Right Foot,Normal,0.7835,108.1,40.2,120.0,36.7,0.9,True,2008,BL,GOAL,False,True,2.0,3.0,-1.0,TRAILING,N/A,
69215,La Liga,2008/2009,Barcelona,Racing Santander,1,1,2,70,36,False,5503.0,Lionel Andrés Messi Cuccittini,Barcelona,26070,Antonio Rodríguez Martínez,lineup,Goal,Left Foot,Normal,0.7835,108.2,40.1,120.0,37.2,0.2,True,2008,BL,GOAL,True,False,0.0,0.0,0.0,LEVEL,N/A,
69183,La Liga,2008/2009,Barcelona,RC Deportivo La Coruña,5,0,2,86,6,False,19298.0,Samuel Eto''o Fils,Barcelona,25881,Juan Antonio Rodríguez Villamuela,lineup,Goal,Right Foot,Normal,0.7835,108.1,40.2,120.0,36.5,1.7,True,2008,TL,GOAL,False,True,4.0,0.0,4.0,LEADING,N/A,
69211,La Liga,2008/2009,Espanyol,Barcelona,1,2,2,98,6,False,5503.0,Lionel Andrés Messi Cuccittini,Barcelona,26103,Idriss Carlos Kameni,lineup,Goal,Left Foot,Normal,0.7835,108.0,39.9,120.0,42.5,0.0,True,2008,BR,GOAL,True,False,1.0,1.0,0.0,LEVEL,N/A,
69151,La Liga,2007/2008,Levante UD,Barcelona,1,4,2,71,58,False,26399.0,Emilio José Viqueira Moure,Levante UD,20176,Víctor Valdés Arribas,freeze_frame,Goal,Right Foot,Normal,0.7835,108.1,40.3,120.0,43.5,0.2,True,2007,BR,GOAL,False,True,0.0,4.0,-4.0,TRAILING,N/A,
69169,La Liga,2007/2008,Barcelona,Athletic Club,3,1,1,34,15,False,25879.0,Ronaldo de Assis Moreira,Barcelona,6576,Gorka Iraizoz Moreno,lineup,Goal,Right Foot,Normal,0.7835,108.0,40.1,120.0,36.4,0.1,True,2007,BL,GOAL,False,True,1.0,0.0,1.0,LEADING,N/A,
68360,La Liga,2007/2008,Barcelona,Levante UD,5,1,1,40,46,False,26181.0,Rahamat Riga Mustapha,Levante UD,20176,Víctor Valdés Arribas,lineup,Goal,Right Foot,Normal,0.7835,108.1,40.1,120.0,36.8,0.2,True,2007,BL,GOAL,False,True,0.0,1.0,-1.0,TRAILING,N/A,
69186,La Liga,2007/2008,Real Murcia CF,Barcelona,3,5,2,80,39,False,26243.0,Iván Daniel Alonso Vallejo,Real Murcia CF,26005,José Manuel Pinto Colorado,lineup,Goal,Left Foot,Normal,0.7835,108.1,40.1,120.0,41.5,2.0,True,2007,TR,GOAL,True,False,1.0,5.0,-4.0,TRAILING,N/A,
68365,La Liga,2007/2008,Atlético Madrid,Barcelona,4,2,2,61,19,False,26199.0,Diego Forlán Corazo,Atlético Madrid,20176,Víctor Valdés Arribas,lineup,Goal,Right Foot,Normal,0.7835,108.1,40.1,120.0,41.8,0.2,True,2007,BR,GOAL,False,True,2.0,1.0,1.0,LEADING,N/A,
68364,La Liga,2007/2008,Villarreal,Barcelona,3,1,1,12,58,False,20135.0,Marcos Antonio Senna da Silva,Villarreal,20176,Víctor Valdés Arribas,lineup,Goal,Right Foot,Normal,0.7835,108.0,40.0,120.0,41.8,1.2,True,2007,BR,GOAL,False,True,1.0,0.0,1.0,LEADING,N/A,
68364,La Liga,2007/2008,Villarreal,Barcelona,3,1,1,34,18,False,20135.0,Marcos Antonio Senna da Silva,Villarreal,20176,Víctor Valdés Arribas,lineup,Goal,Right Foot,Normal,0.7835,108.0,40.0,120.0,40.2,0.2,True,2007,BC,GOAL,False,True,2.0,1.0,1.0,LEADING,N/A,
69170,La Liga,2007/2008,Barcelona,RC Deportivo La Coruña,2,1,1,40,6,False,25879.0,Ronaldo de Assis Moreira,Barcelona,26221,Gustavo Adolfo Munúa Vera,lineup,Goal,Right Foot,Normal,0.7835,107.8,39.8,120.0,43.5,0.2,True,2007,BR,GOAL,False,True,0.0,1.0,-1.0,TRAILING,N/A,
69158,La Liga,2007/2008,Barcelona,Almería,2,0,2,80,28,False,5503.0,Lionel Andrés Messi Cuccittini,Barcelona,26438,David Cobeño Iglesias,lineup,Goal,Left Foot,Normal,0.7835,108.1,40.1,120.0,41.8,1.5,True,2007,TR,GOAL,True,False,1.0,0.0,1.0,LEADING,N/A,
69148,La Liga,2007/2008,Barcelona,Sevilla,2,1,2,79,43,False,5503.0,Lionel Andrés Messi Cuccittini,Barcelona,25946,Andrés Palop Cervera,lineup,Goal,Left Foot,Normal,0.7835,108.0,39.9,120.0,43.3,0.2,True,2007,BR,GOAL,True,False,1.0,0.0,1.0,LEADING,N/A,
69184,La Liga,2007/2008,Barcelona,Recreativo Huelva,3,0,2,81,0,False,5503.0,Lionel Andrés Messi Cuccittini,Barcelona,7055,Stefano Sorrentino,lineup,Goal,Left Foot,Normal,0.7835,108.1,40.1,120.0,37.4,0.2,True,2007,BL,GOAL,True,False,2.0,0.0,2.0,LEADING,N/A,
69182,La Liga,2007/2008,Real Zaragoza,Barcelona,1,2,1,42,34,False,19294.0,Diego Alberto Milito,Real Zaragoza,20176,Víctor Valdés Arribas,freeze_frame,Off T,Right Foot,Normal,0.7835,108.0,40.0,120.0,39.0,3.5,False,2007,OVER,OVER,False,True,0.0,1.0,-1.0,TRAILING,N/A,
69182,La Liga,2007/2008,Real Zaragoza,Barcelona,1,2,2,82,56,False,25879.0,Ronaldo de Assis Moreira,Barcelona,25917,César Sánchez Domínguez,lineup,Goal,Right Foot,Normal,0.7835,108.0,40.2,120.0,43.6,1.3,True,2007,BR,GOAL,False,True,1.0,1.0,0.0,LEVEL,N/A,
68361,La Liga,2007/2008,Real Madrid,Barcelona,4,1,2,77,42,False,19729.0,Ruud van Nistelrooy,Real Madrid,20176,Víctor Valdés Arribas,lineup,Goal,Right Foot,Normal,0.7835,108.0,40.0,120.0,43.6,0.4,True,2007,BR,GOAL,False,True,3.0,0.0,3.0,LEADING,N/A,
69141,La Liga,2007/2008,Barcelona,Valencia,6,0,1,5,2,False,5503.0,Lionel Andrés Messi Cuccittini,Barcelona,26219,Timo Hildebrand,lineup,Goal,Left Foot,Normal,0.7835,107.9,40.0,120.0,41.8,0.2,True,2007,BR,GOAL,True,False,0.0,0.0,0.0,LEVEL,N/A,
68334,La Liga,2006/2007,Sevilla,Barcelona,2,1,1,28,49,False,25879.0,Ronaldo de Assis Moreira,Barcelona,25946,Andrés Palop Cervera,freeze_frame,Saved,Right Foot,Normal,0.7835,107.8,40.0,119.3,38.7,0.6,False,2006,BC,SAVED,False,True,1.0,0.0,1.0,LEADING,N/A,
69162,La Liga,2006/2007,Barcelona,Real Betis,1,1,1,4,53,False,25879.0,Ronaldo de Assis Moreira,Barcelona,26452,Pedro Gonzalez Contreras Cano,lineup,Goal,Right Foot,Normal,0.7835,107.9,39.9,120.0,37.5,2.3,True,2006,TL,GOAL,False,True,0.0,0.0,0.0,LEVEL,N/A,
68335,La Liga,2006/2007,Barcelona,Real Madrid,3,3,1,12,55,False,19729.0,Ruud van Nistelrooy,Real Madrid,20176,Víctor Valdés Arribas,lineup,Goal,Right Foot,Normal,0.7835,108.2,40.1,120.0,42.4,0.1,True,2006,BR,GOAL,False,True,1.0,1.0,0.0,LEVEL,N/A,
68329,La Liga,2006/2007,Barcelona,Sevilla,3,1,1,27,22,False,25879.0,Ronaldo de Assis Moreira,Barcelona,25946,Andrés Palop Cervera,lineup,Goal,Right Foot,Normal,0.7835,108.0,40.1,120.0,43.6,0.3,True,2006,BR,GOAL,False,True,0.0,0.0,0.0,LEVEL,N/A,
69154,La Liga,2006/2007,Barcelona,Racing Santander,2,0,1,25,54,False,6891.0,Ezequiel Marcelo Garay,Racing Santander,20176,Víctor Valdés Arribas,freeze_frame,Saved,Right Foot,Normal,0.7835,107.8,39.8,119.6,37.0,0.6,False,2006,BL,SAVED,False,True,0.0,0.0,0.0,LEVEL,N/A,
69159,La Liga,2006/2007,Barcelona,Mallorca,1,0,1,30,3,False,25997.0,Jonás Manuel Gutiérrez,Mallorca,20176,Víctor Valdés Arribas,freeze_frame,Saved,Right Foot,Normal,0.7835,108.1,40.1,118.8,38.1,0.3,False,2006,BL,SAVED,False,True,0.0,0.0,0.0,LEVEL,N/A,
68340,La Liga,2006/2007,Racing Santander,Barcelona,0,3,2,91,28,False,25879.0,Ronaldo de Assis Moreira,Barcelona,25430,Felipe Melo de Carvalho,lineup,Goal,Right Foot,Normal,0.7835,108.0,40.0,120.0,43.6,0.6,True,2006,BR,GOAL,False,True,2.0,0.0,2.0,LEADING,N/A,
69174,La Liga,2006/2007,RC Deportivo La Coruña,Barcelona,1,1,1,39,31,False,25879.0,Ronaldo de Assis Moreira,Barcelona,26146,Dudú Aouate,lineup,Goal,Right Foot,Normal,0.7835,108.0,40.0,120.0,43.5,0.2,True,2006,BR,GOAL,False,True,0.0,0.0,0.0,LEVEL,N/A,
69174,La Liga,2006/2007,RC Deportivo La Coruña,Barcelona,1,1,2,72,18,False,25947.0,Fabián Larry Estoyanoff Poggio,RC Deportivo La Coruña,20176,Víctor Valdés Arribas,lineup,Saved,Right Foot,Normal,0.7835,107.9,40.0,119.3,43.1,0.4,False,2006,BR,SAVED,False,True,0.0,1.0,-1.0,TRAILING,N/A,
69164,La Liga,2005/2006,Barcelona,Málaga,2,0,2,80,9,False,25879.0,Ronaldo de Assis Moreira,Barcelona,26460,Francesc Arnau,freeze_frame,Goal,Right Foot,Normal,0.7835,108.0,40.0,120.0,36.4,2.4,True,2005,TL,GOAL,False,True,0.0,0.0,0.0,LEVEL,N/A,
68324,La Liga,2005/2006,Barcelona,Deportivo Alavés,2,0,2,68,36,False,25879.0,Ronaldo de Assis Moreira,Barcelona,25974,Franco Costanzo,freeze_frame,Off T,Right Foot,Normal,0.7835,108.1,40.1,120.0,35.5,1.7,False,2005,WIDE,WIDE,False,True,1.0,0.0,1.0,LEADING,N/A,
68354,La Liga,2005/2006,Barcelona,Racing Santander,4,1,1,3,6,False,25879.0,Ronaldo de Assis Moreira,Barcelona,26146,Dudú Aouate,freeze_frame,Saved,Right Foot,Normal,0.7835,107.9,40.0,119.2,38.1,0.4,False,2005,BL,SAVED,False,True,0.0,0.0,0.0,LEVEL,N/A,
68354,La Liga,2005/2006,Barcelona,Racing Santander,4,1,2,56,7,False,25879.0,Ronaldo de Assis Moreira,Barcelona,26146,Dudú Aouate,lineup,Goal,Right Foot,Normal,0.7835,108.1,40.0,120.0,36.7,2.0,True,2005,TL,GOAL,False,True,2.0,0.0,2.0,LEADING,N/A,
68354,La Liga,2005/2006,Barcelona,Racing Santander,4,1,2,70,28,False,26144.0,Francisco Javier Casquero Paredes,Racing Santander,20176,Víctor Valdés Arribas,lineup,Goal,Right Foot,Normal,0.7835,108.0,40.0,119.9,42.7,0.2,True,2005,BR,GOAL,False,True,0.0,4.0,-4.0,TRAILING,N/A,
68351,La Liga,2005/2006,Real Zaragoza,Barcelona,0,2,2,79,2,False,25879.0,Ronaldo de Assis Moreira,Barcelona,25917,César Sánchez Domínguez,freeze_frame,Goal,Right Foot,Normal,0.7835,108.1,40.0,120.0,43.3,0.3,True,2005,BR,GOAL,False,True,0.0,0.0,0.0,LEVEL,N/A,
68317,La Liga,2005/2006,Barcelona,Real Zaragoza,2,2,2,78,40,False,25879.0,Ronaldo de Assis Moreira,Barcelona,25917,César Sánchez Domínguez,lineup,Goal,Right Foot,Normal,0.7835,108.4,40.1,120.0,36.9,0.4,True,2005,BL,GOAL,False,True,0.0,2.0,-2.0,TRAILING,N/A,
68342,La Liga,2005/2006,Barcelona,Athletic Club,2,1,1,37,55,False,25879.0,Ronaldo de Assis Moreira,Barcelona,26084,Iñaki Lafuente Sancha,lineup,Goal,Right Foot,Normal,0.7835,108.0,39.9,120.0,42.5,0.3,True,2005,BR,GOAL,False,True,0.0,1.0,-1.0,TRAILING,N/A,
68322,La Liga,2005/2006,Cádiz,Barcelona,1,3,1,47,1,False,19298.0,Samuel Eto''o Fils,Barcelona,25953,Armando Riveiro de Aguilar Malda,lineup,Goal,Right Foot,Normal,0.7835,108.3,40.0,120.0,37.2,1.0,True,2005,BL,GOAL,False,True,1.0,0.0,1.0,LEADING,N/A,
68313,La Liga,2004/2005,Barcelona,Osasuna,3,0,1,43,38,False,25879.0,Ronaldo de Assis Moreira,Barcelona,25858,Ricardo Sanzol Goñi,lineup,Goal,Right Foot,Normal,0.7835,108.0,39.9,120.0,36.5,0.6,True,2004,BL,GOAL,False,True,1.0,0.0,1.0,LEADING,N/A,
3838017,Ligue 1,2022/2023,Paris Saint-Germain,Clermont Foot,2,3,1,20,11,False,3009.0,Kylian Mbappé Lottin,Paris Saint-Germain,48502,Mory Diaw,lineup,Goal,Right Foot,Normal,0.7835,108.1,40.1,120.0,42.7,1.3,True,2022,BR,GOAL,False,True,1.0,0.0,1.0,LEADING,N/A,
3838017,Ligue 1,2022/2023,Paris Saint-Germain,Clermont Foot,2,3,1,36,45,False,7367.0,Grejohn Kyei,Clermont Foot,7036,Gianluigi Donnarumma,freeze_frame,Off T,Right Foot,Normal,0.7835,108.0,40.0,120.0,34.6,0.2,False,2022,WIDE,WIDE,False,True,1.0,2.0,-1.0,TRAILING,N/A,
3837928,Ligue 1,2022/2023,Paris Saint-Germain,Lyon,0,1,1,38,7,False,3451.0,Alexandre Lacazette,Lyon,7036,Gianluigi Donnarumma,freeze_frame,Post,Right Foot,Normal,0.7835,108.0,40.0,120.0,36.0,0.2,False,2022,POST,POST,False,True,0.0,0.0,0.0,LEVEL,N/A,
3837876,Ligue 1,2022/2023,Paris Saint-Germain,Lille,4,3,2,57,19,False,23640.0,Jonathan David,Lille,7036,Gianluigi Donnarumma,lineup,Goal,Right Foot,Normal,0.7835,108.1,40.1,120.0,43.5,0.2,True,2022,BR,GOAL,False,True,1.0,2.0,-1.0,TRAILING,N/A,
3837680,Ligue 1,2022/2023,Paris Saint-Germain,AS Monaco,1,1,2,69,4,False,4320.0,Neymar da Silva Santos Junior,Paris Saint-Germain,20662,Alexander Nübel,lineup,Goal,Right Foot,Normal,0.7835,108.1,40.0,120.0,36.9,0.5,True,2022,BL,GOAL,False,True,0.0,1.0,-1.0,TRAILING,N/A,
3837659,Ligue 1,2022/2023,Paris Saint-Germain,Montpellier,5,2,1,23,0,False,3009.0,Kylian Mbappé Lottin,Paris Saint-Germain,29003,Jonas Omlin,lineup,Saved,Right Foot,Normal,0.7835,108.1,40.1,119.3,43.2,1.3,False,2022,BR,SAVED,False,True,0.0,0.0,0.0,LEVEL,N/A,
3837659,Ligue 1,2022/2023,Paris Saint-Germain,Montpellier,5,2,1,42,49,False,4320.0,Neymar da Silva Santos Junior,Paris Saint-Germain,29003,Jonas Omlin,lineup,Goal,Right Foot,Normal,0.7835,108.1,40.1,120.0,37.3,0.2,True,2022,BL,GOAL,False,True,0.0,0.0,0.0,LEVEL,N/A,
3837947,Ligue 1,2022/2023,Paris Saint-Germain,Lens,3,1,2,59,25,False,7979.0,Przemysław Frankowski,Lens,7036,Gianluigi Donnarumma,lineup,Goal,Right Foot,Normal,0.7835,108.0,40.0,120.0,36.8,0.9,True,2022,BL,GOAL,False,True,0.0,3.0,-3.0,TRAILING,N/A,
3837844,Ligue 1,2022/2023,Montpellier,Paris Saint-Germain,1,3,1,9,21,False,3009.0,Kylian Mbappé Lottin,Paris Saint-Germain,3008,Benjamin Lecomte,lineup,Saved to Post,Right Foot,Normal,0.7835,108.0,40.0,119.0,42.1,1.2,False,2022,BR,SAVED,False,True,0.0,0.0,0.0,LEVEL,N/A,
3837771,Ligue 1,2022/2023,Paris Saint-Germain,Troyes,4,3,2,76,1,False,3009.0,Kylian Mbappé Lottin,Paris Saint-Germain,7517,Gauthier Gallon,lineup,Goal,Right Foot,Normal,0.7835,108.1,40.1,120.0,36.7,2.3,True,2022,TL,GOAL,False,True,3.0,2.0,1.0,LEADING,N/A,
3837706,Ligue 1,2022/2023,Paris Saint-Germain,Stade Brestois,1,0,2,69,56,False,3811.0,Islam Slimani,Stade Brestois,7036,Gianluigi Donnarumma,lineup,Saved,Right Foot,Normal,0.7835,108.0,40.0,118.5,42.2,1.1,False,2022,BR,SAVED,False,True,0.0,1.0,-1.0,TRAILING,N/A,
3803000,Ligue 1,2021/2022,Clermont Foot,Paris Saint-Germain,1,6,2,70,51,False,4320.0,Neymar da Silva Santos Junior,Paris Saint-Germain,22125,Arthur Desmas,lineup,Goal,Right Foot,Normal,0.7835,108.1,40.1,120.0,36.6,0.6,True,2021,BL,GOAL,False,True,2.0,1.0,1.0,LEADING,N/A,
3802665,Ligue 1,2021/2022,Montpellier,Paris Saint-Germain,0,4,2,59,11,False,3009.0,Kylian Mbappé Lottin,Paris Saint-Germain,22823,Dimitry Bertaud,lineup,Goal,Right Foot,Normal,0.7835,108.1,40.1,120.0,43.7,0.2,True,2021,BR,GOAL,False,True,3.0,0.0,3.0,LEADING,N/A,
3802752,Ligue 1,2021/2022,Paris Saint-Germain,Lyon,2,1,2,65,11,False,4320.0,Neymar da Silva Santos Junior,Paris Saint-Germain,2947,Anthony Lopes,lineup,Goal,Right Foot,Normal,0.7835,108.0,40.1,120.0,41.9,0.2,True,2021,BR,GOAL,False,True,0.0,1.0,-1.0,TRAILING,N/A,
3802983,Ligue 1,2021/2022,Paris Saint-Germain,Marseille,2,1,1,49,37,False,3009.0,Kylian Mbappé Lottin,Paris Saint-Germain,6792,Pau López Sabata,lineup,Goal,Right Foot,Normal,0.7835,108.0,40.1,120.0,36.7,0.8,True,2021,BL,GOAL,False,True,1.0,1.0,0.0,LEVEL,N/A,
3802683,Ligue 1,2021/2022,Paris Saint-Germain,AS Monaco,2,0,1,11,38,False,3009.0,Kylian Mbappé Lottin,Paris Saint-Germain,20662,Alexander Nübel,lineup,Goal,Right Foot,Normal,0.7835,108.0,40.0,120.0,37.0,0.4,True,2021,BL,GOAL,False,True,0.0,0.0,0.0,LEVEL,N/A,
3802930,Ligue 1,2021/2022,Paris Saint-Germain,Troyes,2,2,1,24,57,False,4320.0,Neymar da Silva Santos Junior,Paris Saint-Germain,3419,Jessy Moulin,lineup,Goal,Right Foot,Normal,0.7835,108.0,40.0,120.0,37.4,0.3,True,2021,BL,GOAL,False,True,1.0,0.0,1.0,LEADING,N/A,
3802930,Ligue 1,2021/2022,Paris Saint-Germain,Troyes,2,2,2,48,5,False,7219.0,Florian Tardieu,Troyes,5597,Keylor Navas Gamboa,lineup,Goal,Right Foot,Normal,0.7835,108.0,40.0,120.0,40.0,1.6,True,2021,TC,GOAL,False,True,1.0,2.0,-1.0,TRAILING,N/A,
3802839,Ligue 1,2021/2022,Nantes,Paris Saint-Germain,3,1,1,50,38,False,3235.0,Ludovic Blas,Nantes,5597,Keylor Navas Gamboa,lineup,Goal,Left Foot,Normal,0.7835,108.1,40.1,120.0,38.8,1.6,True,2021,TC,GOAL,True,False,2.0,0.0,2.0,LEADING,N/A,
3802839,Ligue 1,2021/2022,Nantes,Paris Saint-Germain,3,1,2,58,33,False,4320.0,Neymar da Silva Santos Junior,Paris Saint-Germain,2981,Alban Lafont,lineup,Saved,Right Foot,Normal,0.7835,108.1,40.1,119.5,41.9,0.1,False,2021,BR,SAVED,False,True,1.0,3.0,-2.0,TRAILING,N/A,
3901259,Ligue 1,2015/2016,Troyes,Marseille,1,1,2,81,33,False,9554.0,Steven Fletcher,Marseille,36553,Matthieu Dreyer,lineup,Saved,Left Foot,Normal,0.7835,108.1,40.1,119.0,42.8,0.3,False,2015,BR,SAVED,True,False,1.0,1.0,0.0,LEVEL,N/A,
3900596,Ligue 1,2015/2016,Guingamp,Bastia,1,0,2,93,14,False,4434.0,Thibault Giresse,Guingamp,7282,Jean-Louis Leca,lineup,Goal,Left Foot,Normal,0.7835,108.1,40.1,120.0,37.2,0.2,True,2015,BL,GOAL,True,False,0.0,0.0,0.0,LEVEL,N/A,
3900601,Ligue 1,2015/2016,Gazélec Ajaccio,Montpellier,0,4,1,40,33,False,2950.0,Jonas Martin,Montpellier,401508,Clément Maury,lineup,Goal,Right Foot,Normal,0.7835,108.1,40.1,120.0,36.6,0.6,True,2015,BL,GOAL,False,True,1.0,0.0,1.0,LEADING,N/A,
3901262,Ligue 1,2015/2016,Caen,Bordeaux,1,0,1,13,51,False,3038.0,Andy Delort,Caen,4509,Jérôme Prior,lineup,Goal,Right Foot,Normal,0.7835,108.0,40.0,120.0,36.5,2.4,True,2015,TL,GOAL,False,True,0.0,0.0,0.0,LEVEL,N/A,
3901257,Ligue 1,2015/2016,Saint-Étienne,Lille,0,1,1,40,56,False,15996.0,Éderzito António Macedo Lopes,Lille,4259,Stéphane Ruffier,lineup,Goal,Right Foot,Normal,0.7835,108.0,40.0,120.0,36.7,1.3,True,2015,BL,GOAL,False,True,0.0,0.0,0.0,LEVEL,N/A,
3901256,Ligue 1,2015/2016,AS Monaco,Montpellier,2,0,1,31,21,False,3247.0,Fábio Henrique Tavares,AS Monaco,40645,Laurent Pionnier,lineup,Goal,Right Foot,Normal,0.7835,108.1,40.1,120.0,41.9,0.9,True,2015,BR,GOAL,False,True,1.0,0.0,1.0,LEADING,N/A,
3901255,Ligue 1,2015/2016,Angers,Toulouse,2,3,1,30,11,False,4447.0,Martin Braithwaite Christensen,Toulouse,3432,Alexandre Letellier,freeze_frame,Off T,Right Foot,Normal,0.7835,108.1,40.1,120.0,40.8,4.4,False,2015,OVER,OVER,False,True,0.0,1.0,-1.0,TRAILING,N/A,
3901254,Ligue 1,2015/2016,Stade de Reims,Lyon,4,1,2,55,19,False,7367.0,Grejohn Kyei,Stade de Reims,2947,Anthony Lopes,lineup,Goal,Right Foot,Normal,0.7835,108.0,40.0,120.0,37.3,2.3,True,2015,TL,GOAL,False,True,3.0,0.0,3.0,LEADING,N/A,
3901246,Ligue 1,2015/2016,Nantes,Caen,1,2,1,45,0,False,3038.0,Andy Delort,Caen,25377,Rémy Riou,lineup,Goal,Right Foot,Normal,0.7835,108.1,40.1,120.0,36.7,0.2,True,2015,BL,GOAL,False,True,1.0,0.0,1.0,LEADING,N/A,
3901243,Ligue 1,2015/2016,Bastia,Angers,1,0,2,49,32,False,3185.0,Thomas Mangani,Angers,7282,Jean-Louis Leca,freeze_frame,Post,Left Foot,Normal,0.7835,108.0,40.0,120.0,42.8,2.8,False,2015,POST,POST,True,False,0.0,1.0,-1.0,TRAILING,N/A,
3901237,Ligue 1,2015/2016,Saint-Étienne,Toulouse,0,0,1,4,4,False,6723.0,Wissam Ben Yedder,Toulouse,4259,Stéphane Ruffier,freeze_frame,Saved,Right Foot,Normal,0.7835,108.1,40.1,119.4,37.5,0.2,False,2015,BL,SAVED,False,True,0.0,0.0,0.0,LEVEL,N/A,
3901230,Ligue 1,2015/2016,Gazélec Ajaccio,Bastia,3,2,2,62,39,False,10616.0,Mohamed Larbi,Gazélec Ajaccio,7282,Jean-Louis Leca,lineup,Goal,Right Foot,Normal,0.7835,108.1,40.1,120.0,42.5,0.1,True,2015,BR,GOAL,False,True,2.0,1.0,1.0,LEADING,N/A,
3901224,Ligue 1,2015/2016,OGC Nice,Stade de Reims,2,0,2,55,35,False,16462.0,Hatem Ben Arfa,OGC Nice,7641,Johann Carrasso,lineup,Goal,Left Foot,Normal,0.7835,108.1,40.1,120.0,42.0,0.9,True,2015,BR,GOAL,True,False,1.0,0.0,1.0,LEADING,N/A,
3901217,Ligue 1,2015/2016,Troyes,Stade de Reims,2,1,2,60,21,False,3002.0,Benjamin Nivet,Troyes,7641,Johann Carrasso,lineup,Goal,Right Foot,Normal,0.7835,108.0,40.0,120.0,38.0,0.3,True,2015,BL,GOAL,False,True,1.0,0.0,1.0,LEADING,N/A,
3901213,Ligue 1,2015/2016,OGC Nice,Rennes,3,0,1,32,41,False,16462.0,Hatem Ben Arfa,OGC Nice,3354,Benoît Guy Robert Costil,lineup,Goal,Left Foot,Normal,0.7835,108.1,40.0,120.0,37.7,0.5,True,2015,BL,GOAL,True,False,0.0,0.0,0.0,LEVEL,N/A,
3901208,Ligue 1,2015/2016,Guingamp,Paris Saint-Germain,0,2,2,55,10,False,3745.0,Lucas Rodrigues Moura da Silva,Paris Saint-Germain,3322,Jonas Lössl,lineup,Goal,Right Foot,Normal,0.7835,108.1,40.1,120.0,37.1,0.2,True,2015,BL,GOAL,False,True,0.0,0.0,0.0,LEVEL,N/A,
3901205,Ligue 1,2015/2016,Caen,Lorient,1,2,2,46,20,False,7615.0,Abdul Majeed Waris,Lorient,2963,Rémy Vercoutre,lineup,Goal,Right Foot,Normal,0.7835,108.1,40.1,120.0,41.7,0.4,True,2015,BR,GOAL,False,True,1.0,0.0,1.0,LEADING,N/A,
3901201,Ligue 1,2015/2016,Bastia,Marseille,2,1,2,55,8,False,7349.0,Gaël Danic,Bastia,3543,Steve Mandanda,lineup,Goal,Left Foot,Normal,0.7835,108.1,40.1,120.0,40.3,0.6,True,2015,BC,GOAL,True,False,0.0,0.0,0.0,LEVEL,N/A,
3901194,Ligue 1,2015/2016,AS Monaco,Bordeaux,1,2,2,90,28,False,18953.0,Vágner Silva de Souza,AS Monaco,4509,Jérôme Prior,lineup,Saved,Right Foot,Normal,0.7835,107.9,40.0,117.7,42.4,1.0,False,2015,BR,SAVED,False,True,0.0,2.0,-2.0,TRAILING,N/A,
3901193,Ligue 1,2015/2016,Paris Saint-Germain,AS Monaco,0,2,2,67,40,False,3247.0,Fábio Henrique Tavares,AS Monaco,4440,Kevin Trapp,lineup,Goal,Right Foot,Lob,0.7835,108.1,40.1,120.0,40.3,2.0,True,2015,TC,GOAL,False,True,1.0,0.0,1.0,LEADING,N/A,
3901187,Ligue 1,2015/2016,Angers,Lorient,5,1,2,90,14,False,3185.0,Thomas Mangani,Angers,3008,Benjamin Lecomte,lineup,Goal,Left Foot,Normal,0.7835,108.1,40.1,120.0,40.5,1.3,True,2015,BC,GOAL,True,False,4.0,1.0,3.0,LEADING,N/A,
3901186,Ligue 1,2015/2016,Lyon,Nantes,2,0,2,93,26,False,3451.0,Alexandre Lacazette,Lyon,25377,Rémy Riou,lineup,Goal,Right Foot,Normal,0.7835,108.1,40.1,120.0,42.8,0.5,True,2015,BR,GOAL,False,True,1.0,0.0,1.0,LEADING,N/A,
3901183,Ligue 1,2015/2016,Troyes,Paris Saint-Germain,0,9,2,74,24,False,4319.0,Edinson Roberto Cavani Gómez,Paris Saint-Germain,36553,Matthieu Dreyer,lineup,Saved,Right Foot,Normal,0.7835,108.2,40.1,119.6,38.0,0.0,False,2015,BL,SAVED,False,True,6.0,0.0,6.0,LEADING,N/A,
3901176,Ligue 1,2015/2016,Toulouse,Bordeaux,4,0,2,49,20,False,6723.0,Wissam Ben Yedder,Toulouse,7193,Paul Bernardoni,lineup,Goal,Right Foot,Normal,0.7835,108.1,40.1,120.0,43.4,0.2,True,2015,BR,GOAL,False,True,1.0,0.0,1.0,LEADING,N/A,
3901176,Ligue 1,2015/2016,Toulouse,Bordeaux,4,0,2,85,59,False,4447.0,Martin Braithwaite Christensen,Toulouse,7193,Paul Bernardoni,lineup,Goal,Right Foot,Normal,0.7835,108.1,40.1,120.0,36.4,1.9,True,2015,TL,GOAL,False,True,2.0,0.0,2.0,LEADING,N/A,
3901165,Ligue 1,2015/2016,Bordeaux,Gazélec Ajaccio,1,1,1,37,45,False,7130.0,Cheick Tidiane Diabaté,Bordeaux,401508,Clément Maury,lineup,Goal,Right Foot,Normal,0.7835,108.0,40.0,120.0,37.0,1.0,True,2015,BL,GOAL,False,True,0.0,0.0,0.0,LEVEL,N/A,
3901162,Ligue 1,2015/2016,Caen,AS Monaco,2,2,2,63,13,False,2959.0,Julien Féret,Caen,3444,Danijel Subašić,lineup,Goal,Right Foot,Normal,0.7835,108.1,40.1,120.0,36.6,0.3,True,2015,BL,GOAL,False,True,0.0,1.0,-1.0,TRAILING,N/A,
3901156,Ligue 1,2015/2016,Guingamp,Angers,2,2,2,65,49,False,4434.0,Thibault Giresse,Guingamp,3432,Alexandre Letellier,lineup,Goal,Left Foot,Normal,0.7835,108.0,40.1,120.0,43.3,1.1,True,2015,BR,GOAL,True,False,1.0,1.0,0.0,LEVEL,N/A,
3901156,Ligue 1,2015/2016,Guingamp,Angers,2,2,2,78,2,False,4441.0,Billy Ketkeophomphone,Angers,3322,Jonas Lössl,lineup,Goal,Right Foot,Normal,0.7835,108.0,40.0,120.0,38.6,0.7,True,2015,BL,GOAL,False,True,1.0,2.0,-1.0,TRAILING,N/A,
3900608,Ligue 1,2015/2016,Caen,OGC Nice,2,0,1,40,21,False,3038.0,Andy Delort,Caen,4257,Yoan Cardinale,lineup,Goal,Right Foot,Normal,0.7835,108.0,40.0,120.0,43.7,0.4,True,2015,BR,GOAL,False,True,1.0,0.0,1.0,LEADING,N/A,
3900636,Ligue 1,2015/2016,Nantes,Lorient,2,1,2,78,7,False,33178.0,Benjamin Moukandjo Bilé,Lorient,25377,Rémy Riou,lineup,Goal,Right Foot,Normal,0.7835,108.1,40.1,120.0,36.6,0.3,True,2015,BL,GOAL,False,True,0.0,2.0,-2.0,TRAILING,N/A,
3900628,Ligue 1,2015/2016,Lille,Rennes,1,1,2,88,14,False,5477.0,Ousmane Dembélé,Rennes,40484,Vincent Enyeama,lineup,Goal,Right Foot,Normal,0.7835,108.0,40.0,120.0,43.3,1.3,True,2015,BR,GOAL,False,True,0.0,1.0,-1.0,TRAILING,N/A,
3900627,Ligue 1,2015/2016,Bordeaux,Saint-Étienne,1,4,1,44,34,False,3423.0,Alexander Toft Søderlund,Saint-Étienne,7193,Paul Bernardoni,lineup,Saved to Post,Right Foot,Normal,0.7835,108.0,40.0,119.6,38.9,0.8,False,2015,BC,SAVED,False,True,2.0,1.0,1.0,LEADING,N/A,
3900603,Ligue 1,2015/2016,Toulouse,Guingamp,1,2,2,63,6,False,6723.0,Wissam Ben Yedder,Toulouse,3322,Jonas Lössl,lineup,Goal,Right Foot,Normal,0.7835,108.1,40.1,120.0,36.5,0.2,True,2015,BL,GOAL,False,True,0.0,1.0,-1.0,TRAILING,N/A,
3900603,Ligue 1,2015/2016,Toulouse,Guingamp,1,2,2,88,35,False,6723.0,Wissam Ben Yedder,Toulouse,3322,Jonas Lössl,lineup,Saved,Right Foot,Normal,0.7835,108.1,40.1,119.2,38.3,0.9,False,2015,BL,SAVED,False,True,1.0,2.0,-1.0,TRAILING,N/A,
3900598,Ligue 1,2015/2016,AS Monaco,Toulouse,4,0,1,38,56,False,6723.0,Wissam Ben Yedder,Toulouse,3444,Danijel Subašić,lineup,Saved,Right Foot,Normal,0.7835,108.0,40.0,118.7,36.5,0.1,False,2015,BL,SAVED,False,True,0.0,2.0,-2.0,TRAILING,N/A,
3900593,Ligue 1,2015/2016,Lille,Troyes,1,3,1,24,53,False,3625.0,Sofiane Boufal,Lille,7193,Paul Bernardoni,lineup,Goal,Right Foot,Normal,0.7835,108.0,40.0,120.0,36.7,0.5,True,2015,BL,GOAL,False,True,0.0,0.0,0.0,LEVEL,N/A,
3900583,Ligue 1,2015/2016,Troyes,Rennes,2,4,1,20,38,False,3022.0,Fallou Diagne,Rennes,7193,Paul Bernardoni,lineup,Goal,Right Foot,Normal,0.7835,108.0,40.0,120.0,37.0,0.5,True,2015,BL,GOAL,False,True,0.0,2.0,-2.0,TRAILING,N/A,
3900583,Ligue 1,2015/2016,Troyes,Rennes,2,4,1,38,6,False,3022.0,Fallou Diagne,Rennes,7193,Paul Bernardoni,lineup,Goal,Right Foot,Normal,0.7835,108.0,40.0,120.0,43.0,2.4,True,2015,TR,GOAL,False,True,2.0,2.0,0.0,LEVEL,N/A,
3900549,Ligue 1,2015/2016,Saint-Étienne,Rennes,1,1,2,78,0,False,4254.0,Valentin Eysseric,Saint-Étienne,3354,Benoît Guy Robert Costil,lineup,Goal,Right Foot,Normal,0.7835,108.1,40.1,120.0,43.6,0.2,True,2015,BR,GOAL,False,True,0.0,1.0,-1.0,TRAILING,N/A,
3900540,Ligue 1,2015/2016,OGC Nice,Paris Saint-Germain,0,3,1,43,53,False,3672.0,Zlatan Ibrahimović,Paris Saint-Germain,4257,Yoan Cardinale,lineup,Goal,Right Foot,Normal,0.7835,108.1,40.1,120.0,36.9,0.2,True,2015,BL,GOAL,False,True,1.0,0.0,1.0,LEADING,N/A,
3900529,Ligue 1,2015/2016,Saint-Étienne,Guingamp,3,0,2,86,1,False,4254.0,Valentin Eysseric,Saint-Étienne,3322,Jonas Lössl,lineup,Goal,Right Foot,Normal,0.7835,108.1,40.1,120.0,36.6,0.4,True,2015,BL,GOAL,False,True,1.0,0.0,1.0,LEADING,N/A,
3900522,Ligue 1,2015/2016,Toulouse,OGC Nice,2,0,1,30,40,False,4447.0,Martin Braithwaite Christensen,Toulouse,4257,Yoan Cardinale,lineup,Goal,Right Foot,Normal,0.7835,108.0,40.0,120.0,38.2,0.2,True,2015,BL,GOAL,False,True,0.0,0.0,0.0,LEVEL,N/A,
3900521,Ligue 1,2015/2016,Paris Saint-Germain,Troyes,4,1,2,57,20,False,3672.0,Zlatan Ibrahimović,Paris Saint-Germain,7193,Paul Bernardoni,lineup,Goal,Right Foot,Normal,0.7835,108.0,40.0,120.0,43.2,0.1,True,2015,BR,GOAL,False,True,1.0,0.0,1.0,LEADING,N/A,
3900519,Ligue 1,2015/2016,Rennes,Bordeaux,2,2,2,95,56,False,3018.0,Giovanni-Guy Yann Sio,Rennes,40533,Cédric Carrasso,lineup,Saved,Left Foot,Normal,0.7835,108.1,40.1,118.8,38.6,0.9,False,2015,BL,SAVED,True,False,2.0,2.0,0.0,LEVEL,N/A,
3900514,Ligue 1,2015/2016,Guingamp,Toulouse,2,0,1,41,15,False,3213.0,Jimmy Briand,Guingamp,41385,Ali Nadhoim Ahamada,lineup,Saved,Right Foot,Normal,0.7835,108.0,40.0,118.7,37.1,0.3,False,2015,BL,SAVED,False,True,0.0,0.0,0.0,LEVEL,N/A,
3829495,Ligue 1,2015/2016,Lyon,Stade de Reims,1,0,1,40,6,False,3451.0,Alexandre Lacazette,Lyon,3980,Johny Placide,freeze_frame,Post,Right Foot,Normal,0.7835,108.1,40.1,120.0,38.8,2.8,False,2015,POST,POST,False,True,0.0,0.0,0.0,LEVEL,N/A,
3829496,Ligue 1,2015/2016,Angers,Bastia,1,0,1,42,53,False,3078.0,Abdoul Razzagui Camara,Angers,7282,Jean-Louis Leca,lineup,Saved,Left Foot,Normal,0.7835,108.0,40.0,119.1,36.6,1.4,False,2015,TL,SAVED,True,False,1.0,0.0,1.0,LEADING,N/A,
3829466,Ligue 1,2015/2016,Angers,Troyes,1,0,2,56,54,False,3185.0,Thomas Mangani,Angers,34953,Denis Petrić,lineup,Goal,Left Foot,Normal,0.7835,108.0,40.0,120.0,43.2,2.3,True,2015,TR,GOAL,True,False,0.0,0.0,0.0,LEVEL,N/A,
3900622,Ligue 1,2015/2016,Bastia,Troyes,2,0,2,81,56,False,15689.0,Floyd Ayité,Bastia,36553,Matthieu Dreyer,lineup,Goal,Right Foot,Normal,0.7835,108.0,40.0,120.0,37.2,0.2,True,2015,BL,GOAL,False,True,1.0,0.0,1.0,LEADING,N/A,
3900580,Ligue 1,2015/2016,OGC Nice,Angers,2,1,2,79,34,False,16462.0,Hatem Ben Arfa,OGC Nice,3432,Alexandre Letellier,lineup,Goal,Left Foot,Normal,0.7835,108.1,40.1,120.0,41.6,1.3,True,2015,BR,GOAL,True,False,0.0,1.0,-1.0,TRAILING,N/A,
3900580,Ligue 1,2015/2016,OGC Nice,Angers,2,1,2,83,16,False,16462.0,Hatem Ben Arfa,OGC Nice,3432,Alexandre Letellier,lineup,Goal,Left Foot,Normal,0.7835,108.1,40.1,120.0,37.9,0.2,True,2015,BL,GOAL,True,False,1.0,1.0,0.0,LEVEL,N/A,
3900579,Ligue 1,2015/2016,Nantes,Saint-Étienne,2,1,1,13,36,False,3179.0,Nolan Roux,Saint-Étienne,25377,Rémy Riou,lineup,Goal,Right Foot,Normal,0.7835,108.0,40.0,120.0,43.0,0.8,True,2015,BR,GOAL,False,True,0.0,0.0,0.0,LEVEL,N/A,
3900572,Ligue 1,2015/2016,AS Monaco,Gazélec Ajaccio,2,2,2,50,17,False,3247.0,Fábio Henrique Tavares,AS Monaco,401508,Clément Maury,lineup,Goal,Right Foot,Normal,0.7835,108.1,40.1,120.0,36.7,0.5,True,2015,BL,GOAL,False,True,0.0,2.0,-2.0,TRAILING,N/A,
3900564,Ligue 1,2015/2016,Troyes,AS Monaco,0,0,1,4,16,False,3553.0,Lacina Traoré,AS Monaco,7193,Paul Bernardoni,freeze_frame,Saved,Left Foot,Normal,0.7835,108.0,40.0,119.0,42.7,0.0,False,2015,BR,SAVED,True,False,0.0,0.0,0.0,LEVEL,N/A,
3900562,Ligue 1,2015/2016,Caen,Paris Saint-Germain,0,3,2,84,9,False,3038.0,Andy Delort,Caen,4440,Kevin Trapp,lineup,Saved,Right Foot,Normal,0.7835,108.0,40.0,118.3,38.2,0.4,False,2015,BL,SAVED,False,True,0.0,3.0,-3.0,TRAILING,N/A,
3900559,Ligue 1,2015/2016,Marseille,Gazélec Ajaccio,1,1,1,18,51,False,401505.0,Jacques Zoua Daogari,Gazélec Ajaccio,3543,Steve Mandanda,lineup,Goal,Right Foot,Normal,0.7835,108.2,40.1,120.0,43.5,0.2,True,2015,BR,GOAL,False,True,0.0,0.0,0.0,LEVEL,N/A,
3900558,Ligue 1,2015/2016,AS Monaco,Saint-Étienne,1,0,2,81,46,False,3247.0,Fábio Henrique Tavares,AS Monaco,4259,Stéphane Ruffier,lineup,Goal,Right Foot,Normal,0.7835,108.1,40.1,120.0,36.3,2.0,True,2015,TL,GOAL,False,True,0.0,0.0,0.0,LEVEL,N/A,
3900557,Ligue 1,2015/2016,Paris Saint-Germain,Lyon,5,1,2,76,42,False,3672.0,Zlatan Ibrahimović,Paris Saint-Germain,2947,Anthony Lopes,lineup,Goal,Right Foot,Normal,0.7835,108.0,40.0,120.0,36.6,0.2,True,2015,BL,GOAL,False,True,3.0,1.0,2.0,LEADING,N/A,
3900553,Ligue 1,2015/2016,Stade de Reims,OGC Nice,1,1,2,77,51,False,7363.0,Diego Rigonato Rodrigues,Stade de Reims,4257,Yoan Cardinale,lineup,Goal,Left Foot,Normal,0.7835,108.1,40.1,120.0,42.4,2.0,True,2015,TR,GOAL,True,False,0.0,1.0,-1.0,TRAILING,N/A,
3900542,Ligue 1,2015/2016,Caen,Lille,1,2,2,69,43,False,3038.0,Andy Delort,Caen,40484,Vincent Enyeama,lineup,Goal,Right Foot,Normal,0.7835,108.0,40.0,120.0,43.7,2.4,True,2015,TR,GOAL,False,True,0.0,2.0,-2.0,TRAILING,N/A,
3900524,Ligue 1,2015/2016,Gazélec Ajaccio,Lorient,1,1,1,30,31,False,33178.0,Benjamin Moukandjo Bilé,Lorient,7515,Jules Goda,lineup,Goal,Right Foot,Normal,0.7835,108.0,40.0,120.0,39.0,2.3,True,2015,TC,GOAL,False,True,0.0,1.0,-1.0,TRAILING,N/A,
3900502,Ligue 1,2015/2016,Lorient,Troyes,4,1,2,61,55,False,3002.0,Benjamin Nivet,Troyes,3008,Benjamin Lecomte,lineup,Goal,Right Foot,Normal,0.7835,108.0,40.0,120.0,37.4,1.5,True,2015,TL,GOAL,False,True,0.0,2.0,-2.0,TRAILING,N/A,
3900502,Ligue 1,2015/2016,Lorient,Troyes,4,1,2,91,13,False,33178.0,Benjamin Moukandjo Bilé,Lorient,7193,Paul Bernardoni,lineup,Goal,Right Foot,Normal,0.7835,108.1,40.1,120.0,42.4,1.5,True,2015,TR,GOAL,False,True,3.0,1.0,2.0,LEADING,N/A,
3900500,Ligue 1,2015/2016,Angers,Rennes,0,2,2,82,5,False,3185.0,Thomas Mangani,Angers,3354,Benoît Guy Robert Costil,lineup,Saved,Left Foot,Normal,0.7835,108.1,40.1,118.8,37.3,0.0,False,2015,BL,SAVED,True,False,0.0,2.0,-2.0,TRAILING,N/A,
3900493,Ligue 1,2015/2016,Troyes,Lyon,0,1,2,77,30,False,6600.0,Claudio Beauvue,Lyon,7193,Paul Bernardoni,lineup,Goal,Right Foot,Normal,0.7835,108.1,40.1,120.0,42.6,1.1,True,2015,BR,GOAL,False,True,0.0,0.0,0.0,LEVEL,N/A,
3900492,Ligue 1,2015/2016,Guingamp,Lorient,2,2,2,63,3,False,33178.0,Benjamin Moukandjo Bilé,Lorient,3322,Jonas Lössl,lineup,Goal,Right Foot,Normal,0.7835,108.0,40.0,120.0,43.7,2.2,True,2015,TR,GOAL,False,True,0.0,1.0,-1.0,TRAILING,N/A,
3829509,Ligue 1,2015/2016,Marseille,Lorient,1,1,1,20,50,False,3457.0,Michy Batshuayi Tunga,Marseille,3008,Benjamin Lecomte,lineup,Goal,Right Foot,Normal,0.7835,108.0,40.0,120.0,42.6,1.1,True,2015,BR,GOAL,False,True,0.0,0.0,0.0,LEVEL,N/A,
3829501,Ligue 1,2015/2016,AS Monaco,Rennes,1,1,2,64,25,False,16503.0,Pedro Henrique Konzen Medina da Silva,Rennes,3444,Danijel Subašić,lineup,Saved,Right Foot,Normal,0.7835,108.1,40.0,119.1,37.3,0.2,False,2015,BL,SAVED,False,True,1.0,1.0,0.0,LEVEL,N/A,
3829500,Ligue 1,2015/2016,Paris Saint-Germain,Marseille,2,1,1,40,42,False,3672.0,Zlatan Ibrahimović,Paris Saint-Germain,3543,Steve Mandanda,lineup,Goal,Right Foot,Normal,0.7835,108.1,40.1,120.0,38.1,1.1,True,2015,BL,GOAL,False,True,0.0,1.0,-1.0,TRAILING,N/A,
3829500,Ligue 1,2015/2016,Paris Saint-Germain,Marseille,2,1,1,43,42,False,3672.0,Zlatan Ibrahimović,Paris Saint-Germain,3543,Steve Mandanda,lineup,Goal,Right Foot,Normal,0.7835,108.1,40.1,120.0,38.0,0.3,True,2015,BL,GOAL,False,True,1.0,1.0,0.0,LEVEL,N/A,
3829500,Ligue 1,2015/2016,Paris Saint-Germain,Marseille,2,1,2,54,45,False,23933.0,Abdelaziz Barrada,Marseille,4440,Kevin Trapp,lineup,Saved,Right Foot,Normal,0.7835,108.1,40.1,118.1,38.0,1.3,False,2015,BL,SAVED,False,True,1.0,2.0,-1.0,TRAILING,N/A,
3829498,Ligue 1,2015/2016,Lorient,Bordeaux,3,2,2,63,45,False,7615.0,Abdul Majeed Waris,Lorient,40533,Cédric Carrasso,lineup,Goal,Right Foot,Normal,0.7835,108.1,40.1,120.0,37.9,0.3,True,2015,BL,GOAL,False,True,1.0,1.0,0.0,LEVEL,N/A,
3829493,Ligue 1,2015/2016,Lille,Montpellier,2,0,1,42,23,False,3625.0,Sofiane Boufal,Lille,40645,Laurent Pionnier,lineup,Goal,Right Foot,Normal,0.7835,108.1,40.1,120.0,37.0,0.5,True,2015,BL,GOAL,False,True,0.0,0.0,0.0,LEVEL,N/A,
3829493,Ligue 1,2015/2016,Lille,Montpellier,2,0,2,71,46,False,6661.0,Ryad Boudebouz,Montpellier,3761,Mike Maignan,freeze_frame,Post,Left Foot,Normal,0.7835,108.1,40.1,120.0,36.1,2.5,False,2015,POST,POST,True,False,0.0,2.0,-2.0,TRAILING,N/A,
3829491,Ligue 1,2015/2016,Marseille,Angers,1,2,1,37,27,False,3185.0,Thomas Mangani,Angers,3543,Steve Mandanda,lineup,Goal,Left Foot,Normal,0.7835,108.0,40.0,120.0,40.1,2.2,True,2015,TC,GOAL,True,False,0.0,0.0,0.0,LEVEL,N/A,
3829491,Ligue 1,2015/2016,Marseille,Angers,1,2,2,78,14,False,3457.0,Michy Batshuayi Tunga,Marseille,4547,Ludovic Butelle,lineup,Goal,Right Foot,Normal,0.7835,108.0,40.0,120.0,36.6,0.5,True,2015,BL,GOAL,False,True,0.0,2.0,-2.0,TRAILING,N/A,
3829490,Ligue 1,2015/2016,Saint-Étienne,OGC Nice,1,4,2,82,50,False,8469.0,Jean-Christophe Bahebeck,Saint-Étienne,5653,Mouez Hassen,freeze_frame,Off T,Right Foot,Normal,0.7835,108.1,40.1,120.0,38.3,4.0,False,2015,OVER,OVER,False,True,1.0,4.0,-3.0,TRAILING,N/A,
3829482,Ligue 1,2015/2016,Stade de Reims,Lille,1,0,1,19,29,False,401453.0,"David N""Gog",Stade de Reims,3761,Mike Maignan,lineup,Saved,Right Foot,Normal,0.7835,108.0,40.0,119.4,37.5,0.2,False,2015,BL,SAVED,False,True,0.0,0.0,0.0,LEVEL,N/A,
3829481,Ligue 1,2015/2016,Montpellier,AS Monaco,2,3,2,94,6,False,3247.0,Fábio Henrique Tavares,AS Monaco,42428,Jonathan Ligali,lineup,Goal,Right Foot,Normal,0.7835,108.0,40.0,120.0,36.5,0.2,True,2015,BL,GOAL,False,True,2.0,1.0,1.0,LEADING,N/A,
3829473,Ligue 1,2015/2016,Paris Saint-Germain,Guingamp,3,0,2,86,3,False,3672.0,Zlatan Ibrahimović,Paris Saint-Germain,3322,Jonas Lössl,lineup,Saved,Right Foot,Normal,0.7835,108.1,40.1,119.5,37.6,0.2,False,2015,BL,SAVED,False,True,3.0,0.0,3.0,LEADING,N/A,
3829472,Ligue 1,2015/2016,Marseille,Lyon,1,1,1,24,11,False,3451.0,Alexandre Lacazette,Lyon,3543,Steve Mandanda,lineup,Goal,Right Foot,Normal,0.7835,108.0,40.0,120.0,36.5,0.2,True,2015,BL,GOAL,False,True,0.0,0.0,0.0,LEVEL,N/A,
3829467,Ligue 1,2015/2016,Caen,Montpellier,2,1,1,31,53,False,2950.0,Jonas Martin,Montpellier,2963,Rémy Vercoutre,lineup,Goal,Right Foot,Normal,0.7835,107.9,40.0,120.0,43.8,0.5,True,2015,BR,GOAL,False,True,0.0,1.0,-1.0,TRAILING,N/A,
3829463,Ligue 1,2015/2016,Rennes,Lille,1,1,2,72,32,False,4900.0,Paul-Georges Ntep de Madiba,Rennes,3761,Mike Maignan,lineup,Saved,Right Foot,Normal,0.7835,108.0,40.0,120.0,37.9,0.3,False,2015,BL,SAVED,False,True,0.0,1.0,-1.0,TRAILING,N/A,
3829462,Ligue 1,2015/2016,Gazélec Ajaccio,AS Monaco,0,1,1,16,27,False,3247.0,Fábio Henrique Tavares,AS Monaco,401508,Clément Maury,lineup,Goal,Right Foot,Normal,0.7835,108.1,40.1,120.0,37.1,0.0,True,2015,BL,GOAL,False,True,0.0,0.0,0.0,LEVEL,N/A,
3829452,Ligue 1,2015/2016,Bordeaux,Nantes,2,0,1,39,54,False,3196.0,Wahbi Khazri,Bordeaux,25377,Rémy Riou,lineup,Saved,Right Foot,Normal,0.7835,108.0,40.0,118.9,38.0,0.7,False,2015,BL,SAVED,False,True,0.0,0.0,0.0,LEVEL,N/A,
3829449,Ligue 1,2015/2016,Rennes,Toulouse,3,1,2,66,55,False,40699.0,Sylvain Armand,Rennes,22130,Mauro Daniel Goicoechea Furia,lineup,Saved,Left Foot,Normal,0.7835,108.1,40.1,119.0,37.9,0.2,False,2015,BL,SAVED,True,False,0.0,1.0,-1.0,TRAILING,N/A,
3829443,Ligue 1,2015/2016,Guingamp,Marseille,2,0,1,2,15,False,4799.0,Sloan Privat,Guingamp,3543,Steve Mandanda,lineup,Saved,Left Foot,Normal,0.7835,108.0,40.0,119.4,37.1,0.3,False,2015,BL,SAVED,True,False,0.0,0.0,0.0,LEVEL,N/A,
3829431,Ligue 1,2015/2016,Lorient,Bastia,1,1,2,90,23,False,33178.0,Benjamin Moukandjo Bilé,Lorient,28357,Thomas Vincensini,lineup,Goal,Right Foot,Normal,0.7835,108.1,40.1,120.0,43.2,0.2,True,2015,BR,GOAL,False,True,0.0,1.0,-1.0,TRAILING,N/A,
3829427,Ligue 1,2015/2016,Troyes,OGC Nice,3,3,1,5,9,False,16462.0,Hatem Ben Arfa,OGC Nice,34953,Denis Petrić,lineup,Goal,Left Foot,Normal,0.7835,108.0,40.0,120.0,36.4,0.1,True,2015,BL,GOAL,True,False,0.0,1.0,-1.0,TRAILING,N/A,
3829417,Ligue 1,2015/2016,Troyes,Gazélec Ajaccio,0,0,1,44,59,False,10616.0,Mohamed Larbi,Gazélec Ajaccio,7193,Paul Bernardoni,freeze_frame,Off T,Right Foot,Normal,0.7835,108.0,40.0,120.0,42.7,4.2,False,2015,OVER,OVER,False,True,0.0,0.0,0.0,LEVEL,N/A,
3754058,Premier League,2015/2016,Leicester City,AFC Bournemouth,0,0,2,58,11,False,3814.0,Riyad Mahrez,Leicester City,20074,Artur Boruc,lineup,Saved,Left Foot,Normal,0.7835,108.4,40.2,118.9,43.0,0.9,False,2015,BR,SAVED,True,False,0.0,0.0,0.0,LEVEL,N/A,
3754039,Premier League,2015/2016,Crystal Palace,Watford,1,2,1,15,11,False,3454.0,Troy Deeney,Watford,3488,Wayne Hennessey,lineup,Goal,Right Foot,Normal,0.7835,107.4,40.1,120.0,37.9,0.2,True,2015,BL,GOAL,False,True,0.0,0.0,0.0,LEVEL,N/A,
3754146,Premier League,2015/2016,Stoke City,Leicester City,2,2,2,50,43,False,3814.0,Riyad Mahrez,Leicester City,3537,Jack Butland,lineup,Goal,Left Foot,Normal,0.7835,108.0,40.0,120.0,43.5,0.0,True,2015,BR,GOAL,True,False,0.0,2.0,-2.0,TRAILING,N/A,
3754278,Premier League,2015/2016,AFC Bournemouth,Watford,1,1,2,84,4,False,3085.0,Glenn Murray,AFC Bournemouth,3522,Heurelho da Silva Gomes,freeze_frame,Saved,Right Foot,Normal,0.7835,108.0,40.1,119.4,43.0,0.9,False,2015,BR,SAVED,False,True,1.0,1.0,0.0,LEVEL,N/A,
3753972,Premier League,2015/2016,Swansea City,AFC Bournemouth,2,2,1,38,17,False,3057.0,Jonjo Shelvey,Swansea City,24888,Adam Federici,lineup,Goal,Right Foot,Normal,0.7835,108.1,40.1,120.0,43.8,0.2,True,2015,BR,GOAL,False,True,1.0,2.0,-1.0,TRAILING,N/A,
3753978,Premier League,2015/2016,Southampton,Swansea City,3,1,2,82,53,False,3944.0,Gylfi Þór Sigurðsson,Swansea City,20201,Maarten Stekelenburg,freeze_frame,Goal,Right Foot,Normal,0.7835,108.1,40.2,120.0,39.5,1.4,True,2015,TC,GOAL,False,True,0.0,2.0,-2.0,TRAILING,N/A,
3754006,Premier League,2015/2016,West Bromwich Albion,Leicester City,2,3,2,83,34,False,40124.0,Rickie Lambert,West Bromwich Albion,3815,Kasper Schmeichel,lineup,Goal,Right Foot,Normal,0.7835,108.0,40.0,120.0,43.5,0.4,True,2015,BR,GOAL,False,True,1.0,3.0,-2.0,TRAILING,N/A,
3754023,Premier League,2015/2016,AFC Bournemouth,Leicester City,1,1,2,85,45,False,10960.0,Jamie Vardy,Leicester City,20074,Artur Boruc,lineup,Goal,Right Foot,Normal,0.7835,108.1,40.1,120.0,42.5,2.0,True,2015,TR,GOAL,False,True,0.0,1.0,-1.0,TRAILING,N/A,
3754025,Premier League,2015/2016,Chelsea,Sunderland,3,1,2,49,16,False,40122.0,Oscar dos Santos Emboaba Júnior,Chelsea,6871,Costel Fane Pantilimon,lineup,Goal,Right Foot,Normal,0.7835,108.0,40.2,120.0,42.7,0.5,True,2015,BR,GOAL,False,True,2.0,0.0,2.0,LEADING,N/A,
3754056,Premier League,2015/2016,Everton,Stoke City,3,4,2,90,33,False,3325.0,Marko Arnautović,Stoke City,13042,Tim Howard,lineup,Goal,Right Foot,Normal,0.7835,108.1,40.1,120.0,39.5,1.5,True,2015,TC,GOAL,False,True,3.0,3.0,0.0,LEVEL,N/A,
3754067,Premier League,2015/2016,Crystal Palace,West Ham United,1,3,1,24,44,False,3277.0,Yohan Cabaye,Crystal Palace,3623,Adrián San Miguel del Castillo,lineup,Goal,Right Foot,Normal,0.7835,108.5,40.2,120.0,36.7,2.3,True,2015,TL,GOAL,False,True,0.0,1.0,-1.0,TRAILING,N/A,
3754047,Premier League,2015/2016,Liverpool,Swansea City,1,0,2,61,59,False,3473.0,James Philip Milner,Liverpool,3262,Łukasz Fabiański,lineup,Goal,Right Foot,Normal,0.7835,108.3,39.6,120.0,39.9,2.1,True,2015,TC,GOAL,False,True,0.0,0.0,0.0,LEVEL,N/A,
3754099,Premier League,2015/2016,Crystal Palace,West Bromwich Albion,2,0,2,88,3,False,3277.0,Yohan Cabaye,Crystal Palace,5108,Glyn Oliver Myhill,lineup,Goal,Right Foot,Normal,0.7835,108.2,40.1,120.0,42.4,2.3,True,2015,TR,GOAL,False,True,1.0,0.0,1.0,LEADING,N/A,
3754057,Premier League,2015/2016,Tottenham Hotspur,Norwich City,3,0,1,25,52,False,10955.0,Harry Kane,Tottenham Hotspur,9014,Declan Rudd,lineup,Goal,Right Foot,Normal,0.7835,108.1,40.1,120.0,39.4,1.5,True,2015,TC,GOAL,False,True,0.0,0.0,0.0,LEVEL,N/A,
3754117,Premier League,2015/2016,Aston Villa,Arsenal,0,2,1,7,30,False,3604.0,Olivier Giroud,Arsenal,12608,Bradley Guzan,lineup,Goal,Left Foot,Normal,0.7835,108.3,40.2,120.0,42.9,0.0,True,2015,BR,GOAL,True,False,0.0,0.0,0.0,LEVEL,N/A,
3754054,Premier League,2015/2016,Manchester City,Sunderland,4,1,2,68,34,False,3598.0,Wilfried Guemiand Bony,Manchester City,9539,Vito Mannone,freeze_frame,Off T,Right Foot,Normal,0.7835,108.3,40.0,120.0,42.9,4.2,False,2015,OVER,OVER,False,True,4.0,1.0,3.0,LEADING,N/A,
3754185,Premier League,2015/2016,Watford,Manchester United,1,2,2,86,18,False,3454.0,Troy Deeney,Watford,3333,David de Gea Quintana,lineup,Goal,Right Foot,Normal,0.7835,108.1,40.1,120.0,38.2,2.0,True,2015,TL,GOAL,False,True,0.0,1.0,-1.0,TRAILING,N/A,
3754119,Premier League,2015/2016,Sunderland,Newcastle United,3,0,1,47,17,False,42902.0,Adam Johnson,Sunderland,3096,Rob Elliot,lineup,Goal,Left Foot,Normal,0.7835,108.1,40.2,120.0,43.2,0.2,True,2015,BR,GOAL,True,False,0.0,0.0,0.0,LEVEL,N/A,
3754167,Premier League,2015/2016,Manchester City,Norwich City,2,1,2,88,5,False,3087.0,Gnégnéri Yaya Touré,Manchester City,23635,John Ruddy,lineup,Goal,Right Foot,Normal,0.7835,108.1,40.0,120.0,36.9,0.4,True,2015,BL,GOAL,False,True,1.0,1.0,0.0,LEVEL,N/A,
3754167,Premier League,2015/2016,Manchester City,Norwich City,2,1,2,96,44,False,5596.0,Aleksandar Kolarov,Manchester City,23635,John Ruddy,freeze_frame,Off T,Left Foot,Normal,0.7835,108.2,40.1,120.0,45.5,0.4,False,2015,WIDE,WIDE,True,False,2.0,1.0,1.0,LEADING,N/A,
3754153,Premier League,2015/2016,Stoke City,Crystal Palace,1,2,1,45,57,False,20641.0,Connor Wickham,Crystal Palace,3537,Jack Butland,lineup,Goal,Right Foot,Normal,0.7835,108.1,40.1,120.0,40.8,0.7,True,2015,BC,GOAL,False,True,0.0,0.0,0.0,LEVEL,N/A,
3754153,Premier League,2015/2016,Stoke City,Crystal Palace,1,2,2,75,36,False,4913.0,Bojan Krkíc Pérez,Stoke City,3488,Wayne Hennessey,lineup,Goal,Right Foot,Normal,0.7835,108.1,40.1,119.9,37.1,1.6,True,2015,TL,GOAL,False,True,0.0,1.0,-1.0,TRAILING,N/A,
3754166,Premier League,2015/2016,Everton,Leicester City,2,3,1,26,55,False,3814.0,Riyad Mahrez,Leicester City,13042,Tim Howard,freeze_frame,Goal,Left Foot,Normal,0.7835,108.0,40.0,120.0,36.3,0.2,True,2015,BL,GOAL,True,False,0.0,0.0,0.0,LEVEL,N/A,
3754166,Premier League,2015/2016,Everton,Leicester City,2,3,2,64,24,False,3814.0,Riyad Mahrez,Leicester City,13042,Tim Howard,lineup,Goal,Left Foot,Normal,0.7835,108.1,39.7,120.0,43.0,0.2,True,2015,BR,GOAL,True,False,1.0,1.0,0.0,LEVEL,N/A,
3754204,Premier League,2015/2016,Aston Villa,Sunderland,2,2,1,11,0,False,11117.0,Scott Sinclair,Aston Villa,6871,Costel Fane Pantilimon,lineup,Goal,Right Foot,Normal,0.7835,107.9,40.1,120.0,36.8,0.2,True,2015,BL,GOAL,False,True,0.0,1.0,-1.0,TRAILING,N/A,
3754219,Premier League,2015/2016,West Bromwich Albion,AFC Bournemouth,1,2,2,86,36,False,3345.0,Charlie Daniels,AFC Bournemouth,5108,Glyn Oliver Myhill,lineup,Goal,Left Foot,Normal,0.7835,108.0,40.0,120.0,42.4,2.1,True,2015,TR,GOAL,True,False,1.0,1.0,0.0,LEVEL,N/A,
3754285,Premier League,2015/2016,Aston Villa,West Ham United,1,1,2,61,54,False,3450.0,Jordan Ayew,Aston Villa,3623,Adrián San Miguel del Castillo,lineup,Goal,Right Foot,Normal,0.7835,108.1,40.1,119.9,39.4,2.0,True,2015,TC,GOAL,False,True,0.0,1.0,-1.0,TRAILING,N/A,
3754270,Premier League,2015/2016,Tottenham Hotspur,Stoke City,2,2,2,77,44,False,3325.0,Marko Arnautović,Stoke City,3099,Hugo Lloris,lineup,Goal,Right Foot,Normal,0.7835,108.1,40.1,120.0,37.4,0.0,True,2015,BL,GOAL,False,True,0.0,2.0,-2.0,TRAILING,N/A,
3754237,Premier League,2015/2016,Leicester City,Sunderland,4,2,1,24,29,False,3814.0,Riyad Mahrez,Leicester City,6871,Costel Fane Pantilimon,lineup,Goal,Left Foot,Normal,0.7835,108.0,40.0,120.0,42.8,0.0,True,2015,BR,GOAL,True,False,2.0,0.0,2.0,LEADING,N/A,
3754266,Premier League,2015/2016,Watford,Crystal Palace,0,1,2,70,32,False,3277.0,Yohan Cabaye,Crystal Palace,3522,Heurelho da Silva Gomes,lineup,Goal,Right Foot,Normal,0.7835,108.3,40.1,120.0,38.0,1.9,True,2015,TL,GOAL,False,True,0.0,0.0,0.0,LEVEL,N/A,
3754269,Premier League,2015/2016,Swansea City,Stoke City,0,1,1,3,18,False,4913.0,Bojan Krkíc Pérez,Stoke City,3262,Łukasz Fabiański,lineup,Goal,Right Foot,Normal,0.7835,107.6,40.0,120.0,43.3,1.6,True,2015,TR,GOAL,False,True,0.0,0.0,0.0,LEVEL,N/A,
3754234,Premier League,2015/2016,AFC Bournemouth,Tottenham Hotspur,1,5,1,8,29,False,10955.0,Harry Kane,Tottenham Hotspur,20074,Artur Boruc,lineup,Goal,Right Foot,Normal,0.7835,107.9,40.0,120.0,42.5,0.2,True,2015,BR,GOAL,False,True,0.0,1.0,-1.0,TRAILING,N/A,
3754286,Premier League,2015/2016,Watford,Norwich City,2,0,1,29,57,False,3454.0,Troy Deeney,Watford,9014,Declan Rudd,lineup,Goal,Right Foot,Normal,0.7835,107.7,40.0,120.0,42.0,1.3,True,2015,BR,GOAL,False,True,0.0,0.0,0.0,LEVEL,N/A,
3754287,Premier League,2015/2016,Chelsea,Watford,2,2,1,41,40,False,3454.0,Troy Deeney,Watford,3509,Thibaut Courtois,lineup,Goal,Right Foot,Normal,0.7835,108.0,40.0,120.0,43.1,0.1,True,2015,BR,GOAL,False,True,0.0,1.0,-1.0,TRAILING,N/A,
3754287,Premier League,2015/2016,Chelsea,Watford,2,2,2,79,31,False,40122.0,Oscar dos Santos Emboaba Júnior,Chelsea,3522,Heurelho da Silva Gomes,freeze_frame,Off T,Right Foot,Normal,0.7835,108.0,40.0,120.0,40.1,4.9,False,2015,OVER,OVER,False,True,2.0,1.0,1.0,LEADING,N/A,
3754335,Premier League,2015/2016,Norwich City,Leicester City,1,2,1,27,13,False,10960.0,Jamie Vardy,Leicester City,23635,John Ruddy,lineup,Goal,Right Foot,Normal,0.7835,108.1,40.1,120.0,38.2,1.3,True,2015,BL,GOAL,False,True,0.0,0.0,0.0,LEVEL,N/A,
3754297,Premier League,2015/2016,Manchester United,West Bromwich Albion,2,0,2,90,53,False,3294.0,Juan Manuel Mata García,Manchester United,5108,Glyn Oliver Myhill,lineup,Goal,Left Foot,Normal,0.7835,108.2,40.1,120.0,40.0,1.5,True,2015,TC,GOAL,True,False,1.0,0.0,1.0,LEADING,N/A,
3754301,Premier League,2015/2016,West Bromwich Albion,Arsenal,2,1,2,83,38,False,11386.0,Santiago Cazorla González,Arsenal,5108,Glyn Oliver Myhill,freeze_frame,Wayward,Right Foot,Normal,0.7835,107.9,40.1,120.0,42.8,,False,2015,WAYWARD,WAYWARD,False,True,1.0,1.0,0.0,LEVEL,N/A,
3754156,Premier League,2015/2016,Leicester City,Watford,2,1,2,64,58,False,10960.0,Jamie Vardy,Leicester City,3522,Heurelho da Silva Gomes,lineup,Goal,Right Foot,Normal,0.7835,108.0,40.1,120.0,39.6,2.1,True,2015,TC,GOAL,False,True,1.0,0.0,1.0,LEADING,N/A,
3754156,Premier League,2015/2016,Leicester City,Watford,2,1,2,74,55,False,3454.0,Troy Deeney,Watford,3815,Kasper Schmeichel,lineup,Goal,Right Foot,Normal,0.7835,108.0,40.0,119.9,37.8,0.2,True,2015,BL,GOAL,False,True,0.0,2.0,-2.0,TRAILING,N/A,
3754000,Premier League,2015/2016,Sunderland,Southampton,0,1,2,68,48,False,3831.0,Dušan Tadić,Southampton,6871,Costel Fane Pantilimon,lineup,Goal,Left Foot,Normal,0.7835,108.3,40.1,120.0,43.2,0.4,True,2015,BR,GOAL,True,False,0.0,0.0,0.0,LEVEL,N/A,
3754003,Premier League,2015/2016,Manchester United,Liverpool,3,1,2,69,46,False,3606.0,Ander Herrera Agüera,Manchester United,3539,Simon Mignolet,lineup,Goal,Right Foot,Normal,0.7835,108.3,40.2,120.0,37.8,2.3,True,2015,TL,GOAL,False,True,1.0,0.0,1.0,LEADING,N/A,
3754131,Premier League,2015/2016,West Ham United,AFC Bournemouth,3,4,2,47,5,False,3874.0,Mark Noble,West Ham United,20074,Artur Boruc,lineup,Goal,Right Foot,Normal,0.7835,108.0,40.0,120.0,37.7,1.2,True,2015,BL,GOAL,False,True,0.0,2.0,-2.0,TRAILING,N/A,
3754131,Premier League,2015/2016,West Ham United,AFC Bournemouth,3,4,2,78,57,False,3616.0,Callum Wilson,AFC Bournemouth,20066,Darren Randolph,lineup,Goal,Right Foot,Normal,0.7835,108.1,40.1,120.0,43.3,0.2,True,2015,BR,GOAL,False,True,3.0,2.0,1.0,LEADING,N/A,
3754059,Premier League,2015/2016,West Bromwich Albion,Chelsea,2,3,1,13,6,False,3490.0,James Morrison,West Bromwich Albion,3509,Thibaut Courtois,lineup,Saved,Right Foot,Normal,0.7835,107.9,40.0,119.6,40.1,0.4,False,2015,BC,SAVED,False,True,0.0,0.0,0.0,LEVEL,N/A,
3754064,Premier League,2015/2016,Southampton,Liverpool,3,2,2,49,0,False,3629.0,Sadio Mané,Southampton,3539,Simon Mignolet,freeze_frame,Saved,Right Foot,Normal,0.7835,108.0,40.0,119.1,36.8,1.3,False,2015,BL,SAVED,False,True,0.0,2.0,-2.0,TRAILING,N/A,
3753973,Premier League,2015/2016,Chelsea,West Ham United,2,2,2,88,23,False,3478.0,Francesc Fàbregas i Soler,Chelsea,3623,Adrián San Miguel del Castillo,lineup,Goal,Right Foot,Normal,0.7835,108.0,39.7,120.0,43.3,1.3,True,2015,BR,GOAL,False,True,1.0,2.0,-1.0,TRAILING,N/A,
3753994,Premier League,2015/2016,Southampton,Crystal Palace,4,1,2,74,38,False,20045.0,Ryan Bertrand,Southampton,3487,Julián Speroni,lineup,Goal,Left Foot,Normal,0.7835,107.1,40.0,120.0,37.2,1.8,True,2015,TL,GOAL,True,False,2.0,1.0,1.0,LEADING,N/A,
3754004,Premier League,2015/2016,AFC Bournemouth,Norwich City,3,0,2,53,27,False,3345.0,Charlie Daniels,AFC Bournemouth,9014,Declan Rudd,lineup,Goal,Left Foot,Normal,0.7835,108.0,40.0,120.0,43.2,0.4,True,2015,BR,GOAL,True,False,1.0,0.0,1.0,LEADING,N/A,
3754027,Premier League,2015/2016,Tottenham Hotspur,Sunderland,4,1,2,78,41,False,10955.0,Harry Kane,Tottenham Hotspur,3468,Jordan Pickford,lineup,Goal,Right Foot,Normal,0.7835,108.0,40.3,120.0,36.4,0.2,True,2015,BL,GOAL,False,True,3.0,1.0,2.0,LEADING,N/A,
3754033,Premier League,2015/2016,Leicester City,Everton,3,1,2,64,49,False,10960.0,Jamie Vardy,Leicester City,16309,Joel Robles Blázquez,lineup,Goal,Right Foot,Normal,0.7835,108.1,40.1,120.0,36.6,0.0,True,2015,BL,GOAL,False,True,2.0,0.0,2.0,LEADING,N/A,
3754033,Premier League,2015/2016,Leicester City,Everton,3,1,2,71,11,False,10960.0,Jamie Vardy,Leicester City,16309,Joel Robles Blázquez,freeze_frame,Off T,Right Foot,Normal,0.7835,108.1,40.1,120.0,40.1,4.5,False,2015,OVER,OVER,False,True,3.0,0.0,3.0,LEADING,N/A,
3754035,Premier League,2015/2016,Manchester City,West Bromwich Albion,2,1,1,18,10,False,3237.0,Sergio Leonel Agüero del Castillo,Manchester City,4053,Ben Foster,lineup,Goal,Right Foot,Normal,0.7835,108.0,40.0,120.0,43.3,0.7,True,2015,BR,GOAL,False,True,0.0,1.0,-1.0,TRAILING,N/A,
3754071,Premier League,2015/2016,Swansea City,Sunderland,2,4,1,20,40,False,3944.0,Gylfi Þór Sigurðsson,Swansea City,9539,Vito Mannone,lineup,Goal,Right Foot,Normal,0.7835,108.1,40.1,120.0,37.5,1.0,True,2015,BL,GOAL,False,True,0.0,1.0,-1.0,TRAILING,N/A,
3754075,Premier League,2015/2016,Aston Villa,Chelsea,0,4,1,47,20,False,25351.0,Alexandre Rodrigues da Silva,Chelsea,12608,Bradley Guzan,lineup,Goal,Right Foot,Normal,0.7835,108.0,40.1,120.0,36.6,2.2,True,2015,TL,GOAL,False,True,1.0,0.0,1.0,LEADING,N/A,
3754086,Premier League,2015/2016,West Ham United,Watford,3,1,1,44,31,False,3874.0,Mark Noble,West Ham United,3522,Heurelho da Silva Gomes,lineup,Goal,Right Foot,Normal,0.7835,108.1,40.3,120.0,42.5,0.2,True,2015,BR,GOAL,False,True,1.0,0.0,1.0,LEADING,N/A,
3754086,Premier League,2015/2016,West Ham United,Watford,3,1,2,52,40,False,3874.0,Mark Noble,West Ham United,3522,Heurelho da Silva Gomes,lineup,Goal,Right Foot,Normal,0.7835,107.8,40.0,120.0,39.8,1.1,True,2015,BC,GOAL,False,True,2.0,0.0,2.0,LEADING,N/A,
3754086,Premier League,2015/2016,West Ham United,Watford,3,1,2,91,16,False,3454.0,Troy Deeney,Watford,3623,Adrián San Miguel del Castillo,freeze_frame,Saved,Right Foot,Normal,0.7835,108.4,40.2,118.7,39.8,0.5,False,2015,BC,SAVED,False,True,1.0,3.0,-2.0,TRAILING,N/A,
3754088,Premier League,2015/2016,Newcastle United,Manchester United,3,3,1,8,57,False,3538.0,Wayne Mark Rooney,Manchester United,3096,Rob Elliot,lineup,Goal,Right Foot,Normal,0.7835,108.0,39.9,119.9,42.0,0.2,True,2015,BR,GOAL,False,True,0.0,0.0,0.0,LEVEL,N/A,
3754088,Premier League,2015/2016,Newcastle United,Manchester United,3,3,2,66,4,False,4269.0,Aleksandar Mitrović,Newcastle United,3333,David de Gea Quintana,lineup,Goal,Right Foot,Normal,0.7835,107.8,39.8,120.0,42.5,0.2,True,2015,BR,GOAL,False,True,1.0,2.0,-1.0,TRAILING,N/A,
3754110,Premier League,2015/2016,West Ham United,Manchester City,2,2,1,8,47,False,3237.0,Sergio Leonel Agüero del Castillo,Manchester City,3623,Adrián San Miguel del Castillo,freeze_frame,Goal,Right Foot,Normal,0.7835,107.8,39.9,120.0,37.0,0.0,True,2015,BL,GOAL,False,True,0.0,1.0,-1.0,TRAILING,N/A,
3754123,Premier League,2015/2016,Everton,Norwich City,3,0,1,43,58,False,3518.0,Leighton Baines,Everton,23635,John Ruddy,lineup,Goal,Left Foot,Normal,0.7835,108.2,40.2,120.0,39.7,0.9,True,2015,BC,GOAL,True,False,1.0,0.0,1.0,LEADING,N/A,
3754127,Premier League,2015/2016,Stoke City,Everton,0,3,1,10,44,False,3289.0,Romelu Lukaku Menama,Everton,3537,Jack Butland,freeze_frame,Goal,Left Foot,Normal,0.7835,108.2,40.1,120.0,40.1,0.2,True,2015,BC,GOAL,True,False,0.0,0.0,0.0,LEVEL,N/A,
3754132,Premier League,2015/2016,Stoke City,Sunderland,1,1,2,93,32,False,3337.0,Jermain Defoe,Sunderland,41185,Jakob Haugaard,lineup,Goal,Right Foot,Normal,0.7835,107.9,39.9,120.0,42.4,0.5,True,2015,BR,GOAL,False,True,0.0,1.0,-1.0,TRAILING,N/A,
3754147,Premier League,2015/2016,Manchester City,Tottenham Hotspur,1,2,2,52,58,False,10955.0,Harry Kane,Tottenham Hotspur,3291,Joe Hart,lineup,Goal,Right Foot,Normal,0.7835,108.0,40.0,119.9,42.1,1.4,True,2015,TR,GOAL,False,True,0.0,0.0,0.0,LEVEL,N/A,
3754155,Premier League,2015/2016,West Bromwich Albion,Watford,0,1,2,66,53,False,4630.0,Saido Berahino,West Bromwich Albion,3522,Heurelho da Silva Gomes,freeze_frame,Saved,Right Foot,Normal,0.7835,108.0,40.1,119.0,38.2,0.2,False,2015,BL,SAVED,False,True,0.0,1.0,-1.0,TRAILING,N/A,
3754155,Premier League,2015/2016,West Bromwich Albion,Watford,0,1,2,86,13,False,4630.0,Saido Berahino,West Bromwich Albion,3522,Heurelho da Silva Gomes,freeze_frame,Saved,Right Foot,Normal,0.7835,108.2,40.2,119.8,43.4,0.2,False,2015,BR,SAVED,False,True,0.0,1.0,-1.0,TRAILING,N/A,
3754163,Premier League,2015/2016,Everton,Swansea City,1,2,1,16,45,False,3944.0,Gylfi Þór Sigurðsson,Swansea City,13042,Tim Howard,lineup,Goal,Right Foot,Normal,0.7835,107.9,40.2,120.0,36.4,2.0,True,2015,TL,GOAL,False,True,0.0,0.0,0.0,LEVEL,N/A,
3754168,Premier League,2015/2016,Southampton,West Bromwich Albion,3,0,1,34,8,False,3328.0,James Ward-Prowse,Southampton,5108,Glyn Oliver Myhill,lineup,Goal,Right Foot,Normal,0.7835,108.1,39.9,120.0,36.7,0.2,True,2015,BL,GOAL,False,True,1.0,0.0,1.0,LEADING,N/A,
3754170,Premier League,2015/2016,Newcastle United,Crystal Palace,1,0,2,69,43,False,3277.0,Yohan Cabaye,Crystal Palace,3649,Karl Darlow,freeze_frame,Saved,Right Foot,Normal,0.7835,108.0,40.0,119.1,42.3,0.9,False,2015,BR,SAVED,False,True,0.0,1.0,-1.0,TRAILING,N/A,
3754172,Premier League,2015/2016,Norwich City,Sunderland,0,3,1,40,28,False,7171.0,Fabio Borini,Sunderland,23635,John Ruddy,lineup,Goal,Right Foot,Normal,0.7835,108.2,40.1,120.0,36.5,0.4,True,2015,BL,GOAL,False,True,0.0,0.0,0.0,LEVEL,N/A,
3754220,Premier League,2015/2016,Crystal Palace,Liverpool,1,2,2,95,11,False,3380.0,Christian Benteke Liolo,Liverpool,3619,Alex McCarthy,lineup,Goal,Right Foot,Normal,0.7835,107.7,40.1,120.0,43.4,0.2,True,2015,BR,GOAL,False,True,1.0,1.0,0.0,LEVEL,N/A,
3754225,Premier League,2015/2016,AFC Bournemouth,West Bromwich Albion,1,1,1,42,41,False,9485.0,Craig Gardner,West Bromwich Albion,20074,Artur Boruc,freeze_frame,Saved to Post,Right Foot,Normal,0.7835,108.2,40.1,119.1,36.5,1.4,False,2015,TL,SAVED,False,True,1.0,0.0,1.0,LEADING,N/A,
3754227,Premier League,2015/2016,Leicester City,West Ham United,2,2,2,83,31,False,4271.0,Andy Carroll,West Ham United,3815,Kasper Schmeichel,lineup,Goal,Left Foot,Normal,0.7835,108.0,40.0,120.0,43.2,0.2,True,2015,BR,GOAL,True,False,0.0,1.0,-1.0,TRAILING,N/A,
3754227,Premier League,2015/2016,Leicester City,West Ham United,2,2,2,94,45,False,3671.0,José Leonardo Ulloa,Leicester City,3623,Adrián San Miguel del Castillo,lineup,Goal,Right Foot,Normal,0.7835,108.1,40.1,120.0,43.5,0.9,True,2015,BR,GOAL,False,True,1.0,2.0,-1.0,TRAILING,N/A,
3754229,Premier League,2015/2016,Chelsea,Leicester City,1,1,2,65,15,False,3478.0,Francesc Fàbregas i Soler,Chelsea,3815,Kasper Schmeichel,lineup,Goal,Right Foot,Normal,0.7835,108.1,40.0,120.0,36.8,0.0,True,2015,BL,GOAL,False,True,0.0,0.0,0.0,LEVEL,N/A,
3754243,Premier League,2015/2016,Norwich City,Newcastle United,3,2,2,85,55,False,4269.0,Aleksandar Mitrović,Newcastle United,23635,John Ruddy,lineup,Goal,Right Foot,Normal,0.7835,108.0,39.9,120.0,43.5,0.5,True,2015,BR,GOAL,False,True,1.0,2.0,-1.0,TRAILING,N/A,
3754249,Premier League,2015/2016,Manchester City,Aston Villa,4,0,2,72,28,False,3237.0,Sergio Leonel Agüero del Castillo,Manchester City,12608,Bradley Guzan,lineup,Post,Right Foot,Normal,0.7835,108.2,40.2,120.0,44.1,0.4,False,2015,POST,POST,False,True,4.0,0.0,4.0,LEADING,N/A,
3754250,Premier League,2015/2016,Aston Villa,Leicester City,1,1,1,32,36,False,3814.0,Riyad Mahrez,Leicester City,18672,Mark Bunn,lineup,Saved,Left Foot,Normal,0.7835,108.2,40.1,119.7,38.4,1.0,False,2015,BL,SAVED,True,False,1.0,0.0,1.0,LEADING,N/A,
3754252,Premier League,2015/2016,Everton,Newcastle United,3,0,2,87,20,False,4275.0,Ross Barkley,Everton,3096,Rob Elliot,lineup,Goal,Right Foot,Normal,0.7835,108.2,40.1,120.0,37.5,0.3,True,2015,BL,GOAL,False,True,1.0,0.0,1.0,LEADING,N/A,
3754252,Premier League,2015/2016,Everton,Newcastle United,3,0,2,93,28,False,4275.0,Ross Barkley,Everton,3096,Rob Elliot,lineup,Goal,Right Foot,Normal,0.7835,108.0,40.1,120.0,40.0,2.4,True,2015,TC,GOAL,False,True,2.0,0.0,2.0,LEADING,N/A,
3754261,Premier League,2015/2016,Arsenal,Leicester City,2,1,1,44,20,False,10960.0,Jamie Vardy,Leicester City,3461,Petr Čech,lineup,Goal,Right Foot,Normal,0.7835,108.1,40.1,120.0,42.0,1.2,True,2015,BR,GOAL,False,True,0.0,0.0,0.0,LEVEL,N/A,
3754277,Premier League,2015/2016,Everton,West Ham United,2,3,2,68,12,False,3289.0,Romelu Lukaku Menama,Everton,3623,Adrián San Miguel del Castillo,freeze_frame,Saved,Left Foot,Normal,0.7835,108.1,40.2,118.5,38.1,1.3,False,2015,BL,SAVED,True,False,2.0,0.0,2.0,LEADING,N/A,
3754307,Premier League,2015/2016,Manchester City,Stoke City,4,0,1,42,24,False,3237.0,Sergio Leonel Agüero del Castillo,Manchester City,20446,Shay Given,lineup,Goal,Right Foot,Normal,0.7835,108.0,40.0,120.0,37.2,1.5,True,2015,TL,GOAL,False,True,1.0,0.0,1.0,LEADING,N/A,
3754308,Premier League,2015/2016,Watford,Sunderland,2,2,2,60,12,False,3454.0,Troy Deeney,Watford,3468,Jordan Pickford,lineup,Goal,Right Foot,Normal,0.7835,108.0,40.0,120.0,42.8,0.8,True,2015,BR,GOAL,False,True,1.0,2.0,-1.0,TRAILING,N/A,
3754317,Premier League,2015/2016,Norwich City,Tottenham Hotspur,0,3,1,29,34,False,10955.0,Harry Kane,Tottenham Hotspur,9014,Declan Rudd,lineup,Goal,Right Foot,Normal,0.7835,108.1,40.1,120.0,42.6,0.3,True,2015,BR,GOAL,False,True,1.0,0.0,1.0,LEADING,N/A,
3754321,Premier League,2015/2016,Stoke City,Aston Villa,2,1,2,50,25,False,3325.0,Marko Arnautović,Stoke City,18672,Mark Bunn,freeze_frame,Goal,Right Foot,Normal,0.7835,107.7,39.9,120.0,38.8,2.2,True,2015,TC,GOAL,False,True,0.0,0.0,0.0,LEVEL,N/A,
3754322,Premier League,2015/2016,Chelsea,Manchester City,0,3,2,79,51,False,3237.0,Sergio Leonel Agüero del Castillo,Manchester City,3339,Asmir Begović,lineup,Goal,Right Foot,Normal,0.7835,108.3,39.9,120.0,36.7,0.5,True,2015,BL,GOAL,False,True,2.0,0.0,2.0,LEADING,N/A,
3754333,Premier League,2015/2016,Newcastle United,Tottenham Hotspur,5,1,2,72,48,False,3567.0,Georginio Wijnaldum,Newcastle United,3099,Hugo Lloris,lineup,Goal,Right Foot,Normal,0.7835,108.0,40.0,120.0,43.1,0.2,True,2015,BR,GOAL,False,True,2.0,1.0,1.0,LEADING,N/A,
3754348,Premier League,2015/2016,Norwich City,Liverpool,4,5,2,53,7,False,10966.0,Wes Hoolahan,Norwich City,3539,Simon Mignolet,lineup,Goal,Left Foot,Normal,0.7835,108.0,40.0,120.0,41.8,0.9,True,2015,BR,GOAL,True,False,2.0,1.0,1.0,LEADING,N/A,
3754078,Premier League,2015/2016,Chelsea,Swansea City,2,2,2,54,5,False,20521.0,Bafétimbi Gomis,Swansea City,3339,Asmir Begović,lineup,Goal,Right Foot,Normal,0.7835,108.1,40.1,120.0,42.5,0.3,True,2015,BR,GOAL,False,True,1.0,1.0,0.0,LEVEL,N/A,
3749257,Premier League,2003/2004,Arsenal,Leicester City,2,1,2,46,45,False,15516.0,Thierry Henry,Arsenal,40236,Ian Walker,lineup,Goal,Right Foot,Normal,0.7835,108.3,40.1,120.0,37.4,0.3,True,2003,BL,GOAL,False,True,0.0,1.0,-1.0,TRAILING,N/A,
3749133,Premier League,2003/2004,Aston Villa,Arsenal,0,2,2,52,34,False,15516.0,Thierry Henry,Arsenal,20145,Thomas Løvendahl Sørensen,freeze_frame,Goal,Right Foot,Normal,0.7835,108.1,40.1,120.0,43.1,1.5,True,2003,TR,GOAL,False,True,1.0,0.0,1.0,LEADING,N/A,
3749528,Premier League,2003/2004,Arsenal,Newcastle United,3,2,2,79,11,False,15516.0,Thierry Henry,Arsenal,20446,Shay Given,lineup,Goal,Right Foot,Lob,0.7835,108.1,40.3,120.0,39.6,0.5,True,2003,BC,GOAL,False,True,2.0,2.0,0.0,LEVEL,N/A,
3749552,Premier League,2003/2004,Manchester United,Arsenal,0,0,2,93,5,False,19729.0,Ruud van Nistelrooy,Manchester United,20015,Jens Lehmann,freeze_frame,Post,Right Foot,Normal,0.7835,108.2,40.1,120.0,37.5,2.9,False,2003,POST,POST,False,True,0.0,0.0,0.0,LEVEL,N/A,
3749296,Premier League,2003/2004,Arsenal,Portsmouth,1,1,1,38,56,False,15516.0,Thierry Henry,Arsenal,38403,Shaka Hislop,freeze_frame,Goal,Right Foot,Normal,0.7835,107.7,40.0,120.0,41.8,0.7,True,2003,BR,GOAL,False,True,0.0,1.0,-1.0,TRAILING,N/A,
3749068,Premier League,2003/2004,Tottenham Hotspur,Arsenal,2,2,2,93,58,False,11348.0,Robbie Keane,Tottenham Hotspur,20015,Jens Lehmann,lineup,Goal,Right Foot,Normal,0.7835,108.0,40.1,120.0,43.1,1.5,True,2003,TR,GOAL,False,True,1.0,2.0,-1.0,TRAILING,N/A,
3749493,Premier League,2003/2004,Arsenal,Everton,2,1,1,34,19,False,15516.0,Thierry Henry,Arsenal,40280,Richard Wright,freeze_frame,Goal,Right Foot,Normal,0.7835,107.9,39.7,120.0,38.1,0.2,True,2003,BL,GOAL,False,True,0.0,0.0,0.0,LEVEL,N/A,
3749453,Premier League,2003/2004,Arsenal,Leeds United,5,0,1,32,20,False,15516.0,Thierry Henry,Arsenal,40132,Paul Robinson,lineup,Goal,Right Foot,Lob,0.7835,107.8,40.0,120.0,40.9,1.7,True,2003,TC,GOAL,False,True,2.0,0.0,2.0,LEADING,N/A,
3749153,Premier League,2003/2004,Arsenal,Middlesbrough,4,1,1,37,22,False,15516.0,Thierry Henry,Arsenal,40322,Mark Schwarzer,lineup,Goal,Right Foot,Normal,0.7835,108.0,40.1,120.0,42.6,0.1,True,2003,BR,GOAL,False,True,0.0,0.0,0.0,LEVEL,N/A,
3749153,Premier League,2003/2004,Arsenal,Middlesbrough,4,1,2,85,3,False,40252.0,Massimo Maccarone,Middlesbrough,20015,Jens Lehmann,lineup,Goal,Right Foot,Normal,0.7835,108.0,40.1,120.0,37.3,1.8,True,2003,TL,GOAL,False,True,0.0,3.0,-3.0,TRAILING,N/A,
3749526,Premier League,2003/2004,Charlton Athletic,Arsenal,1,1,1,26,45,False,40375.0,Paolo Di Canio,Charlton Athletic,20015,Jens Lehmann,freeze_frame,Goal,Right Foot,Lob,0.7835,107.9,40.1,120.0,39.2,1.7,True,2003,TC,GOAL,False,True,0.0,0.0,0.0,LEVEL,N/A,
3879863,Serie A,2015/2016,Atalanta,Udinese,1,1,1,18,36,False,386607.0,Gianpaolo Bellini,Atalanta,3742,Orestis Karnezis,lineup,Goal,Right Foot,Normal,0.7835,108.1,40.1,120.0,37.1,1.2,True,2015,BL,GOAL,False,True,0.0,1.0,-1.0,TRAILING,N/A,
3879825,Serie A,2015/2016,Lazio,Empoli,2,0,1,5,57,False,7776.0,Antonio Candreva,Lazio,40332,Alberto Pelagotti,lineup,Goal,Right Foot,Normal,0.7835,108.0,40.0,120.0,43.3,0.5,True,2015,BR,GOAL,False,True,0.0,0.0,0.0,LEVEL,N/A,
3879628,Serie A,2015/2016,AC Milan,Sampdoria,4,1,1,37,25,False,5661.0,M''Baye Babacar Niang,AC Milan,7018,Emiliano Viviano,lineup,Goal,Right Foot,Normal,0.7835,108.0,40.0,120.0,39.1,2.4,True,2015,TC,GOAL,False,True,1.0,0.0,1.0,LEADING,N/A,
3879628,Serie A,2015/2016,AC Milan,Sampdoria,4,1,2,86,30,False,7000.0,Eder Citadin Martins,Sampdoria,7036,Gianluigi Donnarumma,lineup,Goal,Right Foot,Normal,0.7835,108.0,40.0,120.0,42.8,0.4,True,2015,BR,GOAL,False,True,0.0,4.0,-4.0,TRAILING,N/A,
3879699,Serie A,2015/2016,Sampdoria,Napoli,2,4,1,17,47,False,7037.0,Lorenzo Insigne,Napoli,7018,Emiliano Viviano,lineup,Goal,Right Foot,Normal,0.7835,108.0,40.0,120.0,37.0,0.5,True,2015,BL,GOAL,False,True,1.0,0.0,1.0,LEADING,N/A,
3879703,Serie A,2015/2016,Lazio,Chievo,4,1,2,65,30,False,7776.0,Antonio Candreva,Lazio,7803,Albano Benjamín Bizzarri,lineup,Goal,Right Foot,Normal,0.7835,108.1,40.1,120.0,37.1,0.1,True,2015,BL,GOAL,False,True,0.0,1.0,-1.0,TRAILING,N/A,
3879703,Serie A,2015/2016,Lazio,Chievo,4,1,2,83,12,False,6950.0,Alberto Paloschi,Chievo,6991,Etrit Berisha,lineup,Saved,Right Foot,Normal,0.7835,108.0,40.0,119.7,36.5,0.9,False,2015,BL,SAVED,False,True,1.0,3.0,-2.0,TRAILING,N/A,
3879653,Serie A,2015/2016,Juventus,Fiorentina,3,1,1,2,14,False,7139.0,Josip Iličić,Fiorentina,6949,Gianluigi Buffon,lineup,Goal,Left Foot,Normal,0.7835,108.0,40.0,120.0,43.3,1.6,True,2015,TR,GOAL,True,False,0.0,0.0,0.0,LEVEL,N/A,
3879632,Serie A,2015/2016,AS Roma,Atalanta,0,2,2,81,13,False,49439.0,Germán Gustavo Denis,Atalanta,40529,Morgan De Sanctis,lineup,Goal,Right Foot,Normal,0.7835,108.1,40.1,120.0,41.7,2.1,True,2015,TR,GOAL,False,True,1.0,0.0,1.0,LEADING,N/A,
3879566,Serie A,2015/2016,Udinese,Genoa,1,1,2,75,23,False,7456.0,Diego Perotti,Genoa,3742,Orestis Karnezis,lineup,Goal,Right Foot,Normal,0.7835,108.0,40.0,120.0,42.8,0.2,True,2015,BR,GOAL,False,True,0.0,1.0,-1.0,TRAILING,N/A,
3879585,Serie A,2015/2016,AC Milan,Sassuolo,2,1,1,30,55,False,5688.0,Carlos Arturo Bacca Ahumada,AC Milan,7123,Gianluca Pegolo,lineup,Goal,Right Foot,Normal,0.7835,108.0,40.0,120.0,37.0,1.2,True,2015,BL,GOAL,False,True,0.0,0.0,0.0,LEVEL,N/A,
3879838,Serie A,2015/2016,Sampdoria,Lazio,2,1,1,43,51,False,7776.0,Antonio Candreva,Lazio,7018,Emiliano Viviano,lineup,Saved,Right Foot,Normal,0.7835,108.0,40.0,119.0,38.2,0.8,False,2015,BL,SAVED,False,True,1.0,1.0,0.0,LEVEL,N/A,
3879839,Serie A,2015/2016,Fiorentina,Juventus,1,2,2,89,40,False,7033.0,Nikola Kalinić,Fiorentina,6949,Gianluigi Buffon,lineup,Saved,Right Foot,Normal,0.7835,108.1,40.1,119.1,42.9,0.5,False,2015,BR,SAVED,False,True,1.0,2.0,-1.0,TRAILING,N/A,
3879833,Serie A,2015/2016,Juventus,Lazio,3,0,2,51,12,False,5743.0,Paulo Bruno Exequiel Dybala,Juventus,12491,Federico Marchetti,lineup,Goal,Left Foot,Normal,0.7835,108.0,40.0,120.0,36.8,1.1,True,2015,BL,GOAL,True,False,1.0,0.0,1.0,LEADING,N/A,
3879828,Serie A,2015/2016,AS Roma,Torino,3,2,1,34,9,False,7471.0,Andrea Belotti,Torino,5669,Wojciech Szczęsny,lineup,Goal,Right Foot,Normal,0.7835,108.0,40.0,120.0,43.2,0.8,True,2015,BR,GOAL,False,True,0.0,0.0,0.0,LEVEL,N/A,
3879828,Serie A,2015/2016,AS Roma,Torino,3,2,2,88,8,False,15780.0,Francesco Totti,AS Roma,34881,Daniele Padelli,lineup,Goal,Right Foot,Normal,0.7835,108.0,40.0,120.0,36.7,0.4,True,2015,BL,GOAL,False,True,2.0,2.0,0.0,LEVEL,N/A,
3879832,Serie A,2015/2016,Palermo,Atalanta,2,2,1,1,24,False,6719.0,Franco Damián Vázquez,Palermo,7157,Marco Sportiello,lineup,Goal,Left Foot,Normal,0.7835,108.0,40.0,120.0,43.4,1.4,True,2015,TR,GOAL,True,False,0.0,0.0,0.0,LEVEL,N/A,
3879832,Serie A,2015/2016,Palermo,Atalanta,2,2,1,10,40,False,8871.0,Marco Borriello,Atalanta,7055,Stefano Sorrentino,lineup,Goal,Left Foot,Normal,0.7835,108.1,40.1,120.0,37.3,0.4,True,2015,BL,GOAL,True,False,0.0,1.0,-1.0,TRAILING,N/A,
3879792,Serie A,2015/2016,Sampdoria,Chievo,0,1,1,29,44,False,7045.0,Valter Birsa,Chievo,7018,Emiliano Viviano,lineup,Saved,Left Foot,Normal,0.7835,108.0,40.0,118.8,38.2,0.2,False,2015,BL,SAVED,True,False,1.0,0.0,1.0,LEADING,N/A,
3879794,Serie A,2015/2016,Atalanta,Bologna,2,0,2,76,50,False,36770.0,Mauricio Ricardo Pinilla Ferreira,Atalanta,7174,Antonio Mirante,lineup,Saved,Right Foot,Normal,0.7835,108.0,40.0,119.6,37.0,0.9,False,2015,BL,SAVED,False,True,2.0,0.0,2.0,LEADING,N/A,
3879786,Serie A,2015/2016,Palermo,Napoli,0,1,1,22,0,False,5497.0,Gonzalo Gerardo Higuaín,Napoli,7055,Stefano Sorrentino,lineup,Goal,Right Foot,Normal,0.7835,108.1,40.1,120.0,43.0,1.7,True,2015,TR,GOAL,False,True,0.0,0.0,0.0,LEVEL,N/A,
3879784,Serie A,2015/2016,Genoa,Torino,3,2,1,19,17,False,7702.0,Alessio Cerci,Genoa,34881,Daniele Padelli,lineup,Goal,Left Foot,Normal,0.7835,108.1,40.1,120.0,40.2,1.3,True,2015,BC,GOAL,True,False,0.0,2.0,-2.0,TRAILING,N/A,
3879784,Serie A,2015/2016,Genoa,Torino,3,2,1,46,22,False,7702.0,Alessio Cerci,Genoa,34881,Daniele Padelli,lineup,Goal,Left Foot,Normal,0.7835,108.1,40.1,120.0,43.3,2.4,True,2015,TR,GOAL,True,False,1.0,2.0,-1.0,TRAILING,N/A,
3879782,Serie A,2015/2016,Carpi,Frosinone,2,1,2,89,6,False,8675.0,Jonathan de Guzmán,Carpi,32037,Nicola Leali,lineup,Goal,Right Foot,Normal,0.7835,108.1,40.1,120.0,43.3,0.2,True,2015,BR,GOAL,False,True,1.0,1.0,0.0,LEVEL,N/A,
3879772,Serie A,2015/2016,Torino,Lazio,1,1,1,21,17,False,7788.0,Ciro Immobile,Torino,12491,Federico Marchetti,freeze_frame,Off T,Right Foot,Normal,0.7835,108.0,40.0,120.0,43.5,3.8,False,2015,OVER,OVER,False,True,1.0,0.0,1.0,LEADING,N/A,
3879772,Serie A,2015/2016,Torino,Lazio,1,1,2,77,44,False,5510.0,Lucas Rodrigo Biglia,Lazio,34881,Daniele Padelli,lineup,Goal,Right Foot,Normal,0.7835,108.0,40.0,120.0,36.7,0.9,True,2015,BL,GOAL,False,True,0.0,1.0,-1.0,TRAILING,N/A,
3879754,Serie A,2015/2016,Torino,Carpi,0,0,2,76,59,False,8193.0,Maximiliano Gastón López,Torino,8662,Vid Belec,lineup,Saved,Right Foot,Normal,0.7835,108.1,40.1,119.3,43.4,0.4,False,2015,BR,SAVED,False,True,0.0,0.0,0.0,LEVEL,N/A,
3879748,Serie A,2015/2016,Hellas Verona,Chievo,3,1,1,28,44,False,20252.0,Luca Toni,Hellas Verona,7803,Albano Benjamín Bizzarri,lineup,Saved,Right Foot,Normal,0.7835,108.0,40.0,119.3,37.4,0.2,False,2015,BL,SAVED,False,True,0.0,0.0,0.0,LEVEL,N/A,
3879748,Serie A,2015/2016,Hellas Verona,Chievo,3,1,2,70,54,False,8644.0,Sergio Pellissier,Chievo,8274,Pierluigi Gollini,lineup,Goal,Right Foot,Normal,0.7835,108.1,40.0,120.0,43.4,0.2,True,2015,BR,GOAL,False,True,0.0,2.0,-2.0,TRAILING,N/A,
3879745,Serie A,2015/2016,Palermo,Torino,1,3,1,18,37,False,7788.0,Ciro Immobile,Torino,7055,Stefano Sorrentino,lineup,Goal,Right Foot,Normal,0.7835,108.0,40.0,120.0,36.7,0.0,True,2015,BL,GOAL,False,True,0.0,1.0,-1.0,TRAILING,N/A,
3879741,Serie A,2015/2016,Chievo,Sassuolo,1,1,1,28,26,False,7045.0,Valter Birsa,Chievo,7132,Andrea Consigli,lineup,Goal,Left Foot,Normal,0.7835,108.1,40.1,120.0,37.9,0.2,True,2015,BL,GOAL,True,False,0.0,0.0,0.0,LEVEL,N/A,
3879740,Serie A,2015/2016,Empoli,Frosinone,1,2,2,72,8,False,13613.0,Daniel Ciofani,Frosinone,11508,Łukasz Skorupski,lineup,Goal,Right Foot,Normal,0.7835,108.0,40.0,120.0,38.0,0.0,True,2015,BL,GOAL,False,True,1.0,1.0,0.0,LEVEL,N/A,
3879737,Serie A,2015/2016,Lazio,Hellas Verona,5,2,2,89,39,False,7776.0,Antonio Candreva,Lazio,8274,Pierluigi Gollini,lineup,Goal,Right Foot,Normal,0.7835,108.1,40.1,120.0,36.5,0.7,True,2015,BL,GOAL,False,True,4.0,2.0,2.0,LEADING,N/A,
3879732,Serie A,2015/2016,Torino,Chievo,1,2,2,71,9,False,7045.0,Valter Birsa,Chievo,34881,Daniele Padelli,lineup,Goal,Left Foot,Normal,0.7835,108.0,40.0,120.0,37.7,0.2,True,2015,BL,GOAL,True,False,0.0,1.0,-1.0,TRAILING,N/A,
3878559,Serie A,2015/2016,Atalanta,Frosinone,2,0,1,8,35,False,36770.0,Mauricio Ricardo Pinilla Ferreira,Atalanta,32037,Nicola Leali,lineup,Saved,Right Foot,Normal,0.7835,108.0,40.0,119.2,37.6,0.5,False,2015,BL,SAVED,False,True,0.0,0.0,0.0,LEVEL,N/A,
3879624,Serie A,2015/2016,Lazio,Palermo,1,1,2,69,10,False,7776.0,Antonio Candreva,Lazio,7055,Stefano Sorrentino,lineup,Goal,Right Foot,Normal,0.7835,108.1,40.1,120.0,36.9,0.2,True,2015,BL,GOAL,False,True,0.0,1.0,-1.0,TRAILING,N/A,
3879874,Serie A,2015/2016,Lazio,Fiorentina,2,4,2,73,13,False,19286.0,Miroslav Klose,Lazio,30830,Luca Lezzerini,lineup,Goal,Right Foot,Normal,0.7835,108.1,40.1,120.0,43.4,2.1,True,2015,TR,GOAL,False,True,1.0,4.0,-3.0,TRAILING,N/A,
3879871,Serie A,2015/2016,Udinese,Carpi,1,2,1,35,39,False,7170.0,Simone Verdi,Carpi,3742,Orestis Karnezis,lineup,Goal,Right Foot,Normal,0.7835,108.0,40.0,120.0,43.3,0.3,True,2015,BR,GOAL,False,True,0.0,0.0,0.0,LEVEL,N/A,
3879871,Serie A,2015/2016,Udinese,Carpi,1,2,2,78,52,False,19846.0,Antonio Di Natale,Udinese,34315,Simone Colombi,lineup,Goal,Right Foot,Normal,0.7835,108.0,40.0,120.0,36.9,0.3,True,2015,BL,GOAL,False,True,0.0,2.0,-2.0,TRAILING,N/A,
3879870,Serie A,2015/2016,Juventus,Sampdoria,5,0,1,14,31,False,5743.0,Paulo Bruno Exequiel Dybala,Juventus,7804,Alberto Brignoli,lineup,Goal,Left Foot,Normal,0.7835,108.0,40.0,120.0,36.3,0.2,True,2015,BL,GOAL,True,False,1.0,0.0,1.0,LEADING,N/A,
3879864,Serie A,2015/2016,Hellas Verona,Juventus,2,1,1,42,48,False,20252.0,Luca Toni,Hellas Verona,6590,Norberto Murara Neto,lineup,Goal,Right Foot,Lob,0.7835,108.0,40.0,120.0,38.5,1.6,True,2015,TL,GOAL,False,True,0.0,0.0,0.0,LEVEL,N/A,
3879864,Serie A,2015/2016,Hellas Verona,Juventus,2,1,2,93,56,False,5743.0,Paulo Bruno Exequiel Dybala,Juventus,8274,Pierluigi Gollini,lineup,Goal,Left Foot,Normal,0.7835,108.0,40.0,120.0,37.4,0.7,True,2015,BL,GOAL,True,False,0.0,2.0,-2.0,TRAILING,N/A,
3879859,Serie A,2015/2016,Carpi,Lazio,1,3,1,11,20,False,32608.0,Jerry Uche Mbakogu,Carpi,12491,Federico Marchetti,lineup,Saved,Right Foot,Normal,0.7835,108.1,40.1,119.6,43.6,1.3,False,2015,BR,SAVED,False,True,0.0,0.0,0.0,LEVEL,N/A,
3879859,Serie A,2015/2016,Carpi,Lazio,1,3,1,40,37,False,32608.0,Jerry Uche Mbakogu,Carpi,12491,Federico Marchetti,lineup,Saved,Right Foot,Normal,0.7835,108.1,40.1,119.2,42.9,0.2,False,2015,BR,SAVED,False,True,0.0,2.0,-2.0,TRAILING,N/A,
3879858,Serie A,2015/2016,Bologna,AC Milan,0,1,1,39,37,False,5688.0,Carlos Arturo Bacca Ahumada,AC Milan,12475,Angelo Esmael da Costa Júnior,lineup,Goal,Right Foot,Normal,0.7835,108.0,40.0,120.0,36.9,1.7,True,2015,TL,GOAL,False,True,0.0,0.0,0.0,LEVEL,N/A,
3879853,Serie A,2015/2016,Lazio,Inter Milan,2,0,2,83,34,False,7776.0,Antonio Candreva,Lazio,7001,Samir Handanovič,lineup,Goal,Right Foot,Normal,0.7835,108.1,40.1,120.0,37.2,2.0,True,2015,TL,GOAL,False,True,1.0,0.0,1.0,LEADING,N/A,
3879851,Serie A,2015/2016,AC Milan,Frosinone,3,3,2,47,48,False,3371.0,Mario Barwuah Balotelli,AC Milan,13614,Francesco Bardi,lineup,Saved,Right Foot,Normal,0.7835,108.0,40.0,119.1,37.6,0.2,False,2015,BL,SAVED,False,True,0.0,2.0,-2.0,TRAILING,N/A,
3879851,Serie A,2015/2016,AC Milan,Frosinone,3,3,2,91,22,False,20300.0,Jérémy Ménez,AC Milan,13614,Francesco Bardi,lineup,Goal,Right Foot,Normal,0.7835,108.0,40.0,120.0,36.3,0.2,True,2015,BL,GOAL,False,True,2.0,3.0,-1.0,TRAILING,N/A,
3879846,Serie A,2015/2016,Hellas Verona,AC Milan,2,1,2,71,15,False,6686.0,Giampaolo Pazzini,Hellas Verona,7036,Gianluigi Donnarumma,lineup,Goal,Right Foot,Normal,0.7835,108.1,40.1,120.0,43.8,0.8,True,2015,BR,GOAL,False,True,0.0,1.0,-1.0,TRAILING,N/A,
3879835,Serie A,2015/2016,Chievo,Frosinone,5,1,2,46,33,False,8644.0,Sergio Pellissier,Chievo,32037,Nicola Leali,lineup,Goal,Right Foot,Normal,0.7835,108.1,40.1,120.0,37.8,1.4,True,2015,TL,GOAL,False,True,1.0,1.0,0.0,LEVEL,N/A,
3879831,Serie A,2015/2016,Sassuolo,Sampdoria,0,0,2,88,12,False,7131.0,Domenico Berardi,Sassuolo,7018,Emiliano Viviano,lineup,Saved,Left Foot,Normal,0.7835,108.1,40.1,119.5,43.6,0.3,False,2015,BR,SAVED,True,False,0.0,0.0,0.0,LEVEL,N/A,
3879827,Serie A,2015/2016,Napoli,Bologna,6,0,1,34,8,False,3949.0,Manolo Gabbiadini,Napoli,7174,Antonio Mirante,lineup,Goal,Left Foot,Normal,0.7835,108.0,40.0,120.0,36.7,0.2,True,2015,BL,GOAL,True,False,1.0,0.0,1.0,LEADING,N/A,
3879818,Serie A,2015/2016,Bologna,Torino,0,1,2,92,41,False,7471.0,Andrea Belotti,Torino,7174,Antonio Mirante,lineup,Goal,Right Foot,Normal,0.7835,108.0,40.0,120.0,36.5,0.3,True,2015,BL,GOAL,False,True,0.0,0.0,0.0,LEVEL,N/A,
3879811,Serie A,2015/2016,Napoli,Hellas Verona,3,0,1,46,51,False,7037.0,Lorenzo Insigne,Napoli,8274,Pierluigi Gollini,lineup,Goal,Right Foot,Normal,0.7835,108.0,40.0,120.0,36.3,0.6,True,2015,BL,GOAL,False,True,1.0,0.0,1.0,LEADING,N/A,
3879805,Serie A,2015/2016,Atalanta,AC Milan,2,1,1,4,15,False,21272.0,Luiz Adriano de Souza da Silva,AC Milan,7157,Marco Sportiello,lineup,Goal,Right Foot,Normal,0.7835,108.0,40.0,120.0,43.6,1.3,True,2015,BR,GOAL,False,True,0.0,0.0,0.0,LEVEL,N/A,
3879803,Serie A,2015/2016,Udinese,Napoli,3,1,1,13,9,False,5204.0,Bruno Miguel Borges Fernandes,Udinese,30767,Gabriel Vasconelos Ferreira,lineup,Goal,Right Foot,Normal,0.7835,108.0,40.0,120.0,42.6,0.3,True,2015,BR,GOAL,False,True,0.0,0.0,0.0,LEVEL,N/A,
3879803,Serie A,2015/2016,Udinese,Napoli,3,1,1,25,52,False,5204.0,Bruno Miguel Borges Fernandes,Udinese,30767,Gabriel Vasconelos Ferreira,lineup,Saved,Right Foot,Normal,0.7835,108.0,40.0,119.3,38.0,0.4,False,2015,BL,SAVED,False,True,1.0,1.0,0.0,LEVEL,N/A,
3879801,Serie A,2015/2016,Inter Milan,Torino,1,2,1,16,44,False,6987.0,Mauro Emanuel Icardi Rivero,Inter Milan,34881,Daniele Padelli,lineup,Goal,Right Foot,Normal,0.7835,108.0,40.0,120.0,43.1,1.3,True,2015,BR,GOAL,False,True,0.0,0.0,0.0,LEVEL,N/A,
3879801,Serie A,2015/2016,Inter Milan,Torino,1,2,2,72,41,False,7471.0,Andrea Belotti,Torino,7001,Samir Handanovič,lineup,Goal,Right Foot,Normal,0.7835,108.0,40.0,120.0,37.0,0.2,True,2015,BL,GOAL,False,True,1.0,1.0,0.0,LEVEL,N/A,
3879790,Serie A,2015/2016,Torino,Juventus,1,4,2,47,25,False,7471.0,Andrea Belotti,Torino,6949,Gianluigi Buffon,lineup,Goal,Right Foot,Normal,0.7835,108.1,40.1,120.0,37.6,0.2,True,2015,BL,GOAL,False,True,0.0,2.0,-2.0,TRAILING,N/A,
3879767,Serie A,2015/2016,AS Roma,Fiorentina,4,1,1,47,3,False,7139.0,Josip Iličić,Fiorentina,5669,Wojciech Szczęsny,lineup,Goal,Left Foot,Normal,0.7835,108.0,40.0,120.0,43.5,1.2,True,2015,BR,GOAL,True,False,0.0,3.0,-3.0,TRAILING,N/A,
3879766,Serie A,2015/2016,Lazio,Sassuolo,0,2,1,40,32,False,7131.0,Domenico Berardi,Sassuolo,6991,Etrit Berisha,lineup,Goal,Left Foot,Normal,0.7835,108.1,40.1,120.0,41.4,1.2,True,2015,BR,GOAL,True,False,0.0,0.0,0.0,LEVEL,N/A,
3879761,Serie A,2015/2016,Carpi,Atalanta,1,1,2,74,50,False,7170.0,Simone Verdi,Carpi,7157,Marco Sportiello,lineup,Goal,Right Foot,Normal,0.7835,108.1,40.1,120.0,43.3,0.5,True,2015,BR,GOAL,False,True,0.0,1.0,-1.0,TRAILING,N/A,
3879759,Serie A,2015/2016,Juventus,Inter Milan,2,0,2,83,35,False,3477.0,Álvaro Borja Morata Martín,Juventus,7001,Samir Handanovič,lineup,Goal,Right Foot,Normal,0.7835,108.0,40.0,120.0,43.4,1.6,True,2015,TR,GOAL,False,True,1.0,0.0,1.0,LEADING,N/A,
3879753,Serie A,2015/2016,Sassuolo,Empoli,3,2,2,69,19,False,40252.0,Massimo Maccarone,Empoli,7132,Andrea Consigli,lineup,Goal,Right Foot,Normal,0.7835,108.1,40.1,120.0,43.2,0.3,True,2015,BR,GOAL,False,True,1.0,3.0,-2.0,TRAILING,N/A,
3879752,Serie A,2015/2016,Genoa,Udinese,2,1,2,56,38,False,7702.0,Alessio Cerci,Genoa,3742,Orestis Karnezis,lineup,Goal,Left Foot,Normal,0.7835,108.0,40.0,120.0,36.4,2.1,True,2015,TL,GOAL,True,False,0.0,1.0,-1.0,TRAILING,N/A,
3879752,Serie A,2015/2016,Genoa,Udinese,2,1,2,89,9,False,19846.0,Antonio Di Natale,Udinese,7148,Mattia Perin,lineup,Saved,Right Foot,Normal,0.7835,108.1,40.1,118.4,42.1,0.9,False,2015,BR,SAVED,False,True,1.0,2.0,-1.0,TRAILING,N/A,
3879731,Serie A,2015/2016,Napoli,Carpi,1,0,2,68,38,False,5497.0,Gonzalo Gerardo Higuaín,Napoli,8662,Vid Belec,lineup,Goal,Right Foot,Normal,0.7835,108.0,40.1,120.0,37.3,0.8,True,2015,BL,GOAL,False,True,0.0,0.0,0.0,LEVEL,N/A,
3879725,Serie A,2015/2016,Frosinone,Bologna,1,0,2,76,14,False,24235.0,Federico Dionisi,Frosinone,7174,Antonio Mirante,lineup,Goal,Right Foot,Normal,0.7835,108.1,40.1,120.0,43.7,0.3,True,2015,BR,GOAL,False,True,0.0,0.0,0.0,LEVEL,N/A,
3879721,Serie A,2015/2016,Palermo,AC Milan,0,2,1,32,31,False,5661.0,M''Baye Babacar Niang,AC Milan,7055,Stefano Sorrentino,lineup,Goal,Right Foot,Normal,0.7835,108.0,40.0,120.0,43.6,1.6,True,2015,TR,GOAL,False,True,1.0,0.0,1.0,LEADING,N/A,
3879718,Serie A,2015/2016,Empoli,Udinese,1,1,2,66,30,False,7150.0,Riccardo Saponara,Empoli,3742,Orestis Karnezis,lineup,Saved,Right Foot,Normal,0.7835,108.1,40.1,118.5,39.2,0.2,False,2015,BC,SAVED,False,True,0.0,1.0,-1.0,TRAILING,N/A,
3879717,Serie A,2015/2016,Sassuolo,AS Roma,0,2,2,87,18,False,7131.0,Domenico Berardi,Sassuolo,5669,Wojciech Szczęsny,freeze_frame,Post,Left Foot,Normal,0.7835,108.1,40.1,120.0,40.9,3.0,False,2015,POST,POST,True,False,0.0,1.0,-1.0,TRAILING,N/A,
3879712,Serie A,2015/2016,AC Milan,Inter Milan,3,0,2,69,18,False,6987.0,Mauro Emanuel Icardi Rivero,Inter Milan,7036,Gianluigi Donnarumma,freeze_frame,Post,Right Foot,Normal,0.7835,108.1,40.1,120.0,44.2,1.3,False,2015,POST,POST,False,True,0.0,1.0,-1.0,TRAILING,N/A,
3879710,Serie A,2015/2016,Bologna,Sampdoria,3,2,2,86,43,False,8103.0,Mattia Destro,Bologna,7018,Emiliano Viviano,lineup,Goal,Right Foot,Normal,0.7835,108.1,40.1,120.0,37.4,0.5,True,2015,BL,GOAL,False,True,2.0,2.0,0.0,LEVEL,N/A,
3879709,Serie A,2015/2016,Carpi,Palermo,1,1,2,73,44,False,15415.0,Matteo Mancosu,Carpi,7055,Stefano Sorrentino,lineup,Goal,Right Foot,Normal,0.7835,108.0,40.0,120.0,37.8,1.2,True,2015,BL,GOAL,False,True,0.0,1.0,-1.0,TRAILING,N/A,
3879708,Serie A,2015/2016,Atalanta,Sassuolo,1,1,1,31,14,False,49439.0,Germán Gustavo Denis,Atalanta,7132,Andrea Consigli,lineup,Saved,Right Foot,Normal,0.7835,108.0,40.0,119.2,42.0,0.2,False,2015,BR,SAVED,False,True,0.0,1.0,-1.0,TRAILING,N/A,
3879694,Serie A,2015/2016,Bologna,Lazio,2,2,2,70,3,False,7776.0,Antonio Candreva,Lazio,7174,Antonio Mirante,lineup,Goal,Right Foot,Normal,0.7835,108.0,40.0,120.0,37.6,1.2,True,2015,BL,GOAL,False,True,0.0,2.0,-2.0,TRAILING,N/A,
3879693,Serie A,2015/2016,Udinese,Juventus,0,4,1,25,29,False,5743.0,Paulo Bruno Exequiel Dybala,Juventus,3742,Orestis Karnezis,lineup,Goal,Right Foot,Normal,0.7835,108.2,40.0,120.0,37.0,0.2,True,2015,BL,GOAL,False,True,2.0,0.0,2.0,LEADING,N/A,
3879691,Serie A,2015/2016,AS Roma,Hellas Verona,1,1,2,60,53,False,6686.0,Giampaolo Pazzini,Hellas Verona,5669,Wojciech Szczęsny,lineup,Goal,Right Foot,Normal,0.7835,108.1,40.1,120.0,43.0,2.3,True,2015,TR,GOAL,False,True,0.0,1.0,-1.0,TRAILING,N/A,
3879689,Serie A,2015/2016,Carpi,Sampdoria,2,1,2,54,31,False,32608.0,Jerry Uche Mbakogu,Carpi,7018,Emiliano Viviano,lineup,Goal,Right Foot,Normal,0.7835,108.1,40.1,120.0,37.1,0.0,True,2015,BL,GOAL,False,True,1.0,1.0,0.0,LEVEL,N/A,
3879687,Serie A,2015/2016,Torino,Frosinone,4,2,1,8,15,False,7788.0,Ciro Immobile,Torino,32037,Nicola Leali,lineup,Goal,Right Foot,Normal,0.7835,108.0,40.0,120.0,37.0,0.0,True,2015,BL,GOAL,False,True,0.0,0.0,0.0,LEVEL,N/A,
3879686,Serie A,2015/2016,Napoli,Sassuolo,3,1,1,2,16,False,8093.0,Diego Falcinelli,Sassuolo,7028,José Manuel Reina Páez,lineup,Goal,Left Foot,Normal,0.7835,108.1,40.1,120.0,37.7,1.1,True,2015,BL,GOAL,True,False,0.0,0.0,0.0,LEVEL,N/A,
3879681,Serie A,2015/2016,Inter Milan,Sassuolo,0,1,2,94,47,False,7131.0,Domenico Berardi,Sassuolo,7001,Samir Handanovič,lineup,Goal,Left Foot,Normal,0.7835,108.1,40.1,120.0,43.5,0.3,True,2015,BR,GOAL,True,False,0.0,0.0,0.0,LEVEL,N/A,
3879680,Serie A,2015/2016,Bologna,Chievo,0,1,1,36,41,False,8103.0,Mattia Destro,Bologna,7803,Albano Benjamín Bizzarri,lineup,Saved,Right Foot,Normal,0.7835,108.1,40.1,119.3,40.7,0.5,False,2015,BC,SAVED,False,True,0.0,0.0,0.0,LEVEL,N/A,
3879679,Serie A,2015/2016,Frosinone,Napoli,1,5,1,29,37,False,5497.0,Gonzalo Gerardo Higuaín,Napoli,386510,Massimo Zenildo Zappino,lineup,Goal,Right Foot,Normal,0.7835,108.1,40.1,120.0,38.8,0.9,True,2015,BC,GOAL,False,True,1.0,0.0,1.0,LEADING,N/A,
3879669,Serie A,2015/2016,Napoli,Torino,2,1,1,32,30,False,7011.0,Fabio Quagliarella,Torino,7028,José Manuel Reina Páez,lineup,Goal,Right Foot,Normal,0.7835,108.1,40.1,120.0,36.6,0.7,True,2015,BL,GOAL,False,True,0.0,1.0,-1.0,TRAILING,N/A,
3879661,Serie A,2015/2016,Atalanta,Napoli,1,3,2,51,37,False,7025.0,Marek Hamšík,Napoli,41067,Davide Bassi,lineup,Goal,Right Foot,Normal,0.7835,108.0,40.0,120.0,43.1,2.4,True,2015,TR,GOAL,False,True,0.0,0.0,0.0,LEVEL,N/A,
3879661,Serie A,2015/2016,Atalanta,Napoli,1,3,2,90,37,False,7025.0,Marek Hamšík,Napoli,41067,Davide Bassi,freeze_frame,Off T,Right Foot,Normal,0.7835,108.0,40.0,120.0,37.0,4.5,False,2015,OVER,OVER,False,True,3.0,1.0,2.0,LEADING,N/A,
3879659,Serie A,2015/2016,Inter Milan,Lazio,1,2,2,86,15,False,7776.0,Antonio Candreva,Lazio,7001,Samir Handanovič,lineup,Saved,Right Foot,Normal,0.7835,108.0,40.0,119.3,37.5,0.5,False,2015,BL,SAVED,False,True,1.0,1.0,0.0,LEVEL,N/A,
3879654,Serie A,2015/2016,Chievo,Atalanta,1,0,2,67,14,False,6950.0,Alberto Paloschi,Chievo,7157,Marco Sportiello,lineup,Saved,Right Foot,Normal,0.7835,108.1,40.1,119.6,42.4,1.0,False,2015,BR,SAVED,False,True,0.0,0.0,0.0,LEVEL,N/A,
3879652,Serie A,2015/2016,AC Milan,Hellas Verona,1,1,2,56,8,False,20252.0,Luca Toni,Hellas Verona,7036,Gianluigi Donnarumma,lineup,Goal,Right Foot,Normal,0.7835,108.1,40.1,120.0,39.3,2.1,True,2015,TC,GOAL,False,True,0.0,1.0,-1.0,TRAILING,N/A,
3879646,Serie A,2015/2016,Fiorentina,Udinese,3,0,2,61,27,False,7139.0,Josip Iličić,Fiorentina,3742,Orestis Karnezis,lineup,Goal,Left Foot,Normal,0.7835,108.1,40.1,120.0,36.4,2.1,True,2015,TL,GOAL,True,False,1.0,0.0,1.0,LEADING,N/A,
3879640,Serie A,2015/2016,Frosinone,Chievo,0,2,2,88,58,False,6950.0,Alberto Paloschi,Chievo,32037,Nicola Leali,lineup,Goal,Right Foot,Normal,0.7835,108.0,40.0,120.0,37.0,1.1,True,2015,BL,GOAL,False,True,0.0,0.0,0.0,LEVEL,N/A,
3879639,Serie A,2015/2016,Torino,AS Roma,1,1,2,93,47,False,8193.0,Maximiliano Gastón López,Torino,5669,Wojciech Szczęsny,lineup,Goal,Right Foot,Normal,0.7835,108.1,40.1,120.0,36.6,0.2,True,2015,BL,GOAL,False,True,0.0,1.0,-1.0,TRAILING,N/A,
3879629,Serie A,2015/2016,Frosinone,Hellas Verona,3,2,1,21,27,False,13613.0,Daniel Ciofani,Frosinone,8274,Pierluigi Gollini,lineup,Goal,Right Foot,Normal,0.7835,108.0,40.0,120.0,36.6,1.0,True,2015,BL,GOAL,False,True,0.0,0.0,0.0,LEVEL,N/A,
3879617,Serie A,2015/2016,Bologna,AS Roma,2,2,2,51,25,False,6947.0,Miralem Pjanić,AS Roma,7174,Antonio Mirante,lineup,Goal,Right Foot,Normal,0.7835,108.0,40.0,120.0,37.3,0.2,True,2015,BL,GOAL,False,True,0.0,1.0,-1.0,TRAILING,N/A,
3879617,Serie A,2015/2016,Bologna,AS Roma,2,2,2,71,36,False,6973.0,Edin Džeko,AS Roma,7174,Antonio Mirante,lineup,Goal,Right Foot,Normal,0.7835,108.0,40.0,120.0,37.0,0.3,True,2015,BL,GOAL,False,True,1.0,1.0,0.0,LEVEL,N/A,
3879617,Serie A,2015/2016,Bologna,AS Roma,2,2,2,86,28,False,8103.0,Mattia Destro,Bologna,5669,Wojciech Szczęsny,lineup,Goal,Right Foot,Normal,0.7835,108.1,40.1,120.0,43.1,1.4,True,2015,TR,GOAL,False,True,1.0,2.0,-1.0,TRAILING,N/A,
3879616,Serie A,2015/2016,Sampdoria,Fiorentina,0,2,1,9,11,False,7139.0,Josip Iličić,Fiorentina,7018,Emiliano Viviano,lineup,Goal,Left Foot,Normal,0.7835,108.1,40.1,120.0,43.2,0.3,True,2015,BR,GOAL,True,False,0.0,0.0,0.0,LEVEL,N/A,
3879610,Serie A,2015/2016,AS Roma,Lazio,2,0,1,9,21,False,6973.0,Edin Džeko,AS Roma,12491,Federico Marchetti,lineup,Goal,Right Foot,Normal,0.7835,108.1,40.1,120.0,39.3,0.6,True,2015,BC,GOAL,False,True,0.0,0.0,0.0,LEVEL,N/A,
3879602,Serie A,2015/2016,Fiorentina,Frosinone,4,1,1,30,47,False,7125.0,Khouma El Hadji Babacar,Fiorentina,386510,Massimo Zenildo Zappino,lineup,Goal,Right Foot,Normal,0.7835,108.0,40.0,120.0,41.5,1.4,True,2015,TR,GOAL,False,True,2.0,0.0,2.0,LEADING,N/A,
3879580,Serie A,2015/2016,Juventus,Atalanta,2,0,2,78,18,False,20004.0,Paul Pogba,Juventus,7157,Marco Sportiello,lineup,Saved,Right Foot,Normal,0.7835,108.1,40.1,119.0,37.8,0.9,False,2015,BL,SAVED,False,True,2.0,0.0,2.0,LEADING,N/A,
3879575,Serie A,2015/2016,Hellas Verona,Udinese,1,1,1,40,41,False,6686.0,Giampaolo Pazzini,Hellas Verona,3742,Orestis Karnezis,lineup,Goal,Right Foot,Normal,0.7835,108.0,40.0,120.0,37.8,2.1,True,2015,TL,GOAL,False,True,0.0,0.0,0.0,LEVEL,N/A,
3879573,Serie A,2015/2016,Sassuolo,Lazio,2,1,1,6,50,False,7131.0,Domenico Berardi,Sassuolo,12491,Federico Marchetti,lineup,Goal,Left Foot,Normal,0.7835,108.0,40.0,120.0,43.4,2.4,True,2015,TR,GOAL,True,False,0.0,0.0,0.0,LEVEL,N/A,
3879571,Serie A,2015/2016,Atalanta,Carpi,3,0,2,62,52,False,8420.0,Luca Cigarini,Atalanta,8662,Vid Belec,lineup,Goal,Right Foot,Normal,0.7835,108.2,40.1,120.0,36.9,1.1,True,2015,BL,GOAL,False,True,2.0,0.0,2.0,LEADING,N/A,
3879561,Serie A,2015/2016,Fiorentina,Atalanta,3,0,1,5,14,False,7139.0,Josip Iličić,Fiorentina,7157,Marco Sportiello,lineup,Goal,Left Foot,Normal,0.7835,108.1,40.1,120.0,36.7,0.6,True,2015,BL,GOAL,True,False,0.0,0.0,0.0,LEVEL,N/A,
3879559,Serie A,2015/2016,Juventus,Bologna,3,1,2,51,58,False,5743.0,Paulo Bruno Exequiel Dybala,Juventus,7174,Antonio Mirante,lineup,Goal,Left Foot,Normal,0.7835,108.2,40.1,120.0,37.1,0.3,True,2015,BL,GOAL,True,False,1.0,1.0,0.0,LEVEL,N/A,
3879558,Serie A,2015/2016,Carpi,Torino,2,1,2,74,6,False,8193.0,Maximiliano Gastón López,Torino,8662,Vid Belec,lineup,Goal,Right Foot,Normal,0.7835,108.1,40.1,120.0,43.1,1.1,True,2015,BR,GOAL,False,True,0.0,1.0,-1.0,TRAILING,N/A,
3879551,Serie A,2015/2016,Hellas Verona,Lazio,1,2,2,62,48,False,5510.0,Lucas Rodrigo Biglia,Lazio,9887,Rafael de Andrade Bittencourt Pinheiro,lineup,Goal,Right Foot,Normal,0.7835,108.1,40.1,120.0,40.7,2.0,True,2015,TC,GOAL,False,True,0.0,1.0,-1.0,TRAILING,N/A,
3879550,Serie A,2015/2016,Inter Milan,Fiorentina,1,4,1,3,22,False,7139.0,Josip Iličić,Fiorentina,7001,Samir Handanovič,lineup,Goal,Left Foot,Normal,0.7835,108.0,40.0,120.0,43.0,2.0,True,2015,TR,GOAL,True,False,0.0,0.0,0.0,LEVEL,N/A,
3879547,Serie A,2015/2016,AS Roma,Carpi,5,1,2,76,0,False,7696.0,Ryder Matos Santos,Carpi,40529,Morgan De Sanctis,lineup,Saved,Right Foot,Normal,0.7835,108.0,40.0,119.3,42.2,0.3,False,2015,BR,SAVED,False,True,1.0,5.0,-4.0,TRAILING,N/A,
3878609,Serie A,2015/2016,Genoa,Juventus,0,2,2,59,35,False,20004.0,Paul Pogba,Juventus,38312,Eugenio Lamanna,lineup,Goal,Right Foot,Normal,0.7835,108.1,40.1,120.0,37.7,0.1,True,2015,BL,GOAL,False,True,0.0,0.0,0.0,LEVEL,N/A,
3878599,Serie A,2015/2016,Sassuolo,Atalanta,2,2,1,6,18,False,6859.0,Nicola Sansone,Sassuolo,7157,Marco Sportiello,lineup,Saved,Right Foot,Normal,0.7835,108.1,40.1,118.7,42.7,1.0,False,2015,BR,SAVED,False,True,0.0,0.0,0.0,LEVEL,N/A,
3878599,Serie A,2015/2016,Sassuolo,Atalanta,2,2,2,85,7,False,12759.0,Maximiliano Nicol Moralez,Atalanta,7132,Andrea Consigli,lineup,Saved,Right Foot,Normal,0.7835,108.1,40.1,118.7,42.4,0.5,False,2015,BR,SAVED,False,True,2.0,2.0,0.0,LEVEL,N/A,
3878596,Serie A,2015/2016,Hellas Verona,Torino,2,2,2,48,19,False,20252.0,Luca Toni,Hellas Verona,34881,Daniele Padelli,lineup,Goal,Right Foot,Normal,0.7835,108.0,40.0,120.0,38.5,2.0,True,2015,TL,GOAL,False,True,0.0,0.0,0.0,LEVEL,N/A,
3878594,Serie A,2015/2016,Juventus,Chievo,1,1,2,82,46,False,5743.0,Paulo Bruno Exequiel Dybala,Juventus,7803,Albano Benjamín Bizzarri,lineup,Goal,Left Foot,Normal,0.7835,108.2,40.1,120.0,42.9,2.0,True,2015,TR,GOAL,True,False,0.0,1.0,-1.0,TRAILING,N/A,
3878558,Serie A,2015/2016,Napoli,Sampdoria,2,2,2,56,56,False,7000.0,Eder Citadin Martins,Sampdoria,7028,José Manuel Reina Páez,lineup,Goal,Right Foot,Normal,0.7835,108.1,40.1,120.0,36.5,0.2,True,2015,BL,GOAL,False,True,0.0,2.0,-2.0,TRAILING,N/A,
3878552,Serie A,2015/2016,Carpi,Inter Milan,1,2,2,88,35,False,3434.0,Stevan Jovetić,Inter Milan,57655,Željko Brkić,lineup,Goal,Right Foot,Normal,0.7835,108.1,40.1,120.0,43.1,0.2,True,2015,BR,GOAL,False,True,1.0,1.0,0.0,LEVEL,N/A,
3878545,Serie A,2015/2016,Sampdoria,Carpi,5,2,1,13,48,False,7000.0,Eder Citadin Martins,Sampdoria,57655,Željko Brkić,lineup,Goal,Right Foot,Normal,0.7835,108.1,40.1,120.0,41.2,0.3,True,2015,BC,GOAL,False,True,0.0,0.0,0.0,LEVEL,N/A,
3878545,Serie A,2015/2016,Sampdoria,Carpi,5,2,2,92,45,False,387475.0,Andrea Lazzari,Carpi,7018,Emiliano Viviano,lineup,Saved,Left Foot,Normal,0.7835,108.1,40.1,119.1,37.9,0.5,False,2015,BL,SAVED,True,False,2.0,5.0,-3.0,TRAILING,N/A,
3878542,Serie A,2015/2016,Fiorentina,AC Milan,2,0,2,55,23,False,7139.0,Josip Iličić,Fiorentina,6768,Diego López Rodríguez,lineup,Goal,Left Foot,Normal,0.7835,108.1,40.1,120.0,43.7,0.6,True,2015,BR,GOAL,True,False,1.0,0.0,1.0,LEADING,N/A,
3942819,UEFA Euro,2024,Netherlands,England,1,2,1,17,34,False,10955.0,Harry Kane,England,37274,Bart Verbruggen,lineup,Goal,Right Foot,Normal,0.7835,108.1,40.0,120.0,36.5,0.2,True,2024,BL,GOAL,False,True,0.0,1.0,-1.0,TRAILING,N/A,
3942349,UEFA Euro,2024,Portugal,France,0,0,5,120,3,True,5477.0,Ousmane Dembélé,France,32975,Diogo Meireles Costa,lineup,Goal,Right Foot,Normal,0.7835,108.1,40.1,120.0,42.7,0.2,True,2024,BR,GOAL,False,True,0.0,0.0,0.0,SHOOTOUT,STANDARD,1.0
3942349,UEFA Euro,2024,Portugal,France,0,0,5,120,59,True,5207.0,Cristiano Ronaldo dos Santos Aveiro,Portugal,3761,Mike Maignan,lineup,Goal,Right Foot,Normal,0.7835,108.1,40.1,120.0,37.1,0.7,True,2024,BL,GOAL,False,True,0.0,1.0,-1.0,SHOOTOUT,STANDARD,1.0
3942349,UEFA Euro,2024,Portugal,France,0,0,5,121,51,True,11990.0,Youssouf Fofana,France,32975,Diogo Meireles Costa,lineup,Goal,Right Foot,Normal,0.7835,108.1,40.1,120.0,39.5,0.2,True,2024,BC,GOAL,False,True,1.0,1.0,0.0,SHOOTOUT,STANDARD,2.0
3942349,UEFA Euro,2024,Portugal,France,0,0,5,122,34,True,3193.0,Bernardo Mota Veiga de Carvalho e Silva,Portugal,3761,Mike Maignan,lineup,Goal,Left Foot,Normal,0.7835,108.1,40.1,120.0,43.0,2.1,True,2024,TR,GOAL,True,False,1.0,2.0,-1.0,SHOOTOUT,STANDARD,2.0
3942349,UEFA Euro,2024,Portugal,France,0,0,5,123,25,True,4445.0,Jules Koundé,France,32975,Diogo Meireles Costa,lineup,Goal,Right Foot,Normal,0.7835,108.1,40.1,120.0,36.6,2.0,True,2024,TL,GOAL,False,True,2.0,2.0,0.0,SHOOTOUT,STANDARD,3.0
3942349,UEFA Euro,2024,Portugal,France,0,0,5,124,20,True,12041.0,João Félix Sequeira,Portugal,3761,Mike Maignan,freeze_frame,Post,Right Foot,Normal,0.7835,108.1,40.1,120.0,36.0,0.2,False,2024,POST,POST,False,True,2.0,3.0,-1.0,SHOOTOUT,STANDARD,3.0
3942349,UEFA Euro,2024,Portugal,France,0,0,5,125,22,True,39420.0,Bradley Barcola,France,32975,Diogo Meireles Costa,lineup,Goal,Right Foot,Normal,0.7835,108.1,40.1,120.0,37.9,1.3,True,2024,BL,GOAL,False,True,3.0,2.0,1.0,SHOOTOUT,CAN_WIN,4.0
3942349,UEFA Euro,2024,Portugal,France,0,0,5,126,22,True,41092.0,Nuno Mendes,Portugal,3761,Mike Maignan,lineup,Goal,Left Foot,Normal,0.7835,108.1,40.1,120.0,43.4,2.4,True,2024,TR,GOAL,True,False,2.0,4.0,-2.0,SHOOTOUT,MUST_SCORE,4.0
3942349,UEFA Euro,2024,Portugal,France,0,0,5,127,16,True,6704.0,Theo Bernard François Hernández,France,32975,Diogo Meireles Costa,lineup,Goal,Left Foot,Normal,0.7835,108.1,40.1,120.0,36.6,2.0,True,2024,TL,GOAL,True,False,4.0,3.0,1.0,SHOOTOUT,CAN_WIN,5.0
3942227,UEFA Euro,2024,England,Switzerland,1,1,5,120,1,True,39461.0,Cole Palmer,England,5550,Yann Sommer,lineup,Goal,Left Foot,Normal,0.7835,108.1,40.1,120.0,37.3,1.1,True,2024,BL,GOAL,True,False,0.0,0.0,0.0,SHOOTOUT,STANDARD,1.0
3942227,UEFA Euro,2024,England,Switzerland,1,1,5,121,3,True,5549.0,Manuel Obafemi Akanji,Switzerland,3468,Jordan Pickford,lineup,Saved,Right Foot,Normal,0.7835,108.1,40.1,119.4,42.0,0.2,False,2024,BR,SAVED,False,True,0.0,1.0,-1.0,SHOOTOUT,STANDARD,1.0
3942227,UEFA Euro,2024,England,Switzerland,1,1,5,121,59,True,30714.0,Jude Bellingham,England,5550,Yann Sommer,lineup,Goal,Right Foot,Normal,0.7835,108.1,40.1,120.0,43.4,0.3,True,2024,BR,GOAL,False,True,1.0,0.0,1.0,SHOOTOUT,STANDARD,2.0
3942227,UEFA Euro,2024,England,Switzerland,1,1,5,122,52,True,5537.0,Fabian Lukas Schär,Switzerland,3468,Jordan Pickford,lineup,Goal,Right Foot,Normal,0.7835,108.1,40.1,120.0,42.6,0.3,True,2024,BR,GOAL,False,True,0.0,2.0,-2.0,SHOOTOUT,MUST_SCORE,2.0
3942227,UEFA Euro,2024,England,Switzerland,1,1,5,123,53,True,22084.0,Bukayo Saka,England,5550,Yann Sommer,lineup,Goal,Left Foot,Normal,0.7835,108.1,40.1,120.0,43.8,0.2,True,2024,BR,GOAL,True,False,2.0,1.0,1.0,SHOOTOUT,STANDARD,3.0
3942227,UEFA Euro,2024,England,Switzerland,1,1,5,124,38,True,3533.0,Xherdan Shaqiri,Switzerland,3468,Jordan Pickford,lineup,Goal,Left Foot,Normal,0.7835,108.1,40.1,120.0,43.8,0.9,True,2024,BR,GOAL,True,False,1.0,3.0,-2.0,SHOOTOUT,MUST_SCORE,3.0
3942227,UEFA Euro,2024,England,Switzerland,1,1,5,125,30,True,3834.0,Ivan Toney,England,5550,Yann Sommer,lineup,Goal,Right Foot,Normal,0.7835,108.1,40.1,120.0,37.3,0.2,True,2024,BL,GOAL,False,True,3.0,2.0,1.0,SHOOTOUT,CAN_WIN,4.0
3942227,UEFA Euro,2024,England,Switzerland,1,1,5,126,25,True,48335.0,Mohamed Zeki Amdouni,Switzerland,3468,Jordan Pickford,lineup,Goal,Right Foot,Normal,0.7835,108.1,40.1,120.0,39.7,0.2,True,2024,BC,GOAL,False,True,2.0,4.0,-2.0,SHOOTOUT,MUST_SCORE,4.0
3942227,UEFA Euro,2024,England,Switzerland,1,1,5,127,21,True,3664.0,Trent Alexander-Arnold,England,5550,Yann Sommer,lineup,Goal,Right Foot,Normal,0.7835,108.1,40.1,120.0,36.9,1.6,True,2024,TL,GOAL,False,True,4.0,3.0,1.0,SHOOTOUT,CAN_WIN,5.0
3941020,UEFA Euro,2024,Portugal,Slovenia,0,0,3,104,50,False,5207.0,Cristiano Ronaldo dos Santos Aveiro,Portugal,6378,Jan Oblak,lineup,Saved to Post,Right Foot,Normal,0.7835,108.1,40.1,119.7,43.1,0.9,False,2024,BR,SAVED,False,True,0.0,0.0,0.0,LEVEL,N/A,
3941020,UEFA Euro,2024,Portugal,Slovenia,0,0,5,120,8,True,7139.0,Josip Iličić,Slovenia,32975,Diogo Meireles Costa,lineup,Saved,Left Foot,Normal,0.7835,108.1,40.1,119.5,42.8,1.4,False,2024,TR,SAVED,True,False,0.0,0.0,0.0,SHOOTOUT,STANDARD,1.0
3941020,UEFA Euro,2024,Portugal,Slovenia,0,0,5,120,58,True,5207.0,Cristiano Ronaldo dos Santos Aveiro,Portugal,6378,Jan Oblak,lineup,Goal,Right Foot,Normal,0.7835,108.1,40.1,120.0,36.6,0.6,True,2024,BL,GOAL,False,True,0.0,0.0,0.0,SHOOTOUT,STANDARD,1.0
3941020,UEFA Euro,2024,Portugal,Slovenia,0,0,5,121,40,True,30940.0,Jure Balkovec,Slovenia,32975,Diogo Meireles Costa,lineup,Saved,Left Foot,Normal,0.7835,108.1,40.1,119.5,37.3,1.1,False,2024,BL,SAVED,True,False,0.0,1.0,-1.0,SHOOTOUT,STANDARD,2.0
3941020,UEFA Euro,2024,Portugal,Slovenia,0,0,5,122,34,True,5204.0,Bruno Miguel Borges Fernandes,Portugal,6378,Jan Oblak,lineup,Goal,Right Foot,Normal,0.7835,108.2,40.1,120.0,37.1,0.2,True,2024,BL,GOAL,False,True,1.0,0.0,1.0,SHOOTOUT,STANDARD,2.0
3941020,UEFA Euro,2024,Portugal,Slovenia,0,0,5,123,21,True,16510.0,Benjamin Verbič,Slovenia,32975,Diogo Meireles Costa,lineup,Saved,Right Foot,Normal,0.7835,108.1,40.1,119.7,37.1,1.1,False,2024,BL,SAVED,False,True,0.0,2.0,-2.0,SHOOTOUT,MUST_SCORE,3.0
3941020,UEFA Euro,2024,Portugal,Slovenia,0,0,5,124,13,True,3193.0,Bernardo Mota Veiga de Carvalho e Silva,Portugal,6378,Jan Oblak,lineup,Goal,Left Foot,Normal,0.7835,108.1,40.1,120.0,43.8,1.0,True,2024,BR,GOAL,True,False,2.0,0.0,2.0,SHOOTOUT,STANDARD,3.0
3940983,UEFA Euro,2024,Germany,Denmark,2,0,2,52,58,False,8966.0,Kai Havertz,Germany,3815,Kasper Schmeichel,lineup,Goal,Left Foot,Normal,0.7835,108.0,40.0,120.0,43.7,0.2,True,2024,BR,GOAL,True,False,0.0,0.0,0.0,LEVEL,N/A,
3938642,UEFA Euro,2024,Georgia,Czech Republic,1,1,1,48,20,False,33234.0,Georges Mikautadze,Georgia,28040,Jindřich Staněk,lineup,Goal,Right Foot,Normal,0.7835,108.1,40.1,120.0,43.1,1.5,True,2024,TR,GOAL,False,True,0.0,0.0,0.0,LEVEL,N/A,
3938641,UEFA Euro,2024,Poland,Austria,1,3,2,77,50,False,3325.0,Marko Arnautović,Austria,5669,Wojciech Szczęsny,lineup,Goal,Right Foot,Normal,0.7835,108.0,40.0,120.0,42.6,0.2,True,2024,BR,GOAL,False,True,2.0,1.0,1.0,LEADING,N/A,
3938644,UEFA Euro,2024,Georgia,Portugal,2,0,2,56,13,False,33234.0,Georges Mikautadze,Georgia,32975,Diogo Meireles Costa,lineup,Goal,Right Foot,Normal,0.7835,108.1,40.1,120.0,43.7,0.2,True,2024,BR,GOAL,False,True,1.0,0.0,1.0,LEADING,N/A,
3938643,UEFA Euro,2024,France,Poland,1,1,2,55,37,False,3009.0,Kylian Mbappé Lottin,France,11508,Łukasz Skorupski,lineup,Goal,Right Foot,Normal,0.7835,108.1,40.1,120.0,43.0,0.8,True,2024,BR,GOAL,False,True,0.0,0.0,0.0,LEVEL,N/A,
3938643,UEFA Euro,2024,France,Poland,1,1,2,78,13,False,5668.0,Robert Lewandowski,Poland,3761,Mike Maignan,lineup,Goal,Right Foot,Normal,0.7835,108.0,40.0,120.0,36.1,0.2,True,2024,BL,GOAL,False,True,0.0,1.0,-1.0,TRAILING,N/A,
3930183,UEFA Euro,2024,Slovakia,Romania,1,1,1,36,18,False,16344.0,Răzvan Gabriel Marin,Romania,3711,Martin Dúbravka,lineup,Goal,Right Foot,Normal,0.7835,108.1,40.1,120.0,37.0,2.4,True,2024,TL,GOAL,False,True,0.0,1.0,-1.0,TRAILING,N/A,
3930178,UEFA Euro,2024,Croatia,Italy,1,1,2,53,45,False,5463.0,Luka Modrić,Croatia,7036,Gianluigi Donnarumma,lineup,Saved,Right Foot,Normal,0.7835,108.0,40.0,118.8,42.3,0.2,False,2024,BR,SAVED,False,True,0.0,0.0,0.0,LEVEL,N/A,
3930160,UEFA Euro,2024,Spain,Croatia,3,0,2,79,3,False,7693.0,Bruno Petković,Croatia,11748,Unai Simón Mendibil,lineup,Saved,Right Foot,Normal,0.7835,108.0,40.0,119.0,37.1,1.0,False,2024,BL,SAVED,False,True,0.0,3.0,-3.0,TRAILING,N/A,
3930158,UEFA Euro,2024,Germany,Scotland,5,1,1,45,35,False,8966.0,Kai Havertz,Germany,22379,Angus Gunn,lineup,Goal,Left Foot,Normal,0.7835,108.1,40.1,120.0,38.3,0.9,True,2024,BL,GOAL,True,False,2.0,0.0,2.0,LEADING,N/A,
3795108,UEFA Euro,2020,Switzerland,Spain,1,1,5,120,26,True,5203.0,Sergio Busquets i Burgos,Spain,5550,Yann Sommer,freeze_frame,Post,Right Foot,Normal,0.7835,108.0,40.0,120.0,36.1,0.2,False,2020,POST,POST,False,True,0.0,0.0,0.0,SHOOTOUT,STANDARD,1.0
3795108,UEFA Euro,2020,Switzerland,Spain,1,1,5,121,13,True,5834.0,Mario Gavranović,Switzerland,11748,Unai Simón Mendibil,freeze_frame,Goal,Right Foot,Normal,0.7835,108.0,40.0,120.0,36.6,1.7,True,2020,TL,GOAL,False,True,0.0,0.0,0.0,SHOOTOUT,STANDARD,1.0
3795108,UEFA Euro,2020,Switzerland,Spain,1,1,5,121,53,True,16532.0,Daniel Olmo Carvajal,Spain,5550,Yann Sommer,freeze_frame,Goal,Right Foot,Normal,0.7835,108.0,40.0,120.0,36.6,2.4,True,2020,TL,GOAL,False,True,0.0,1.0,-1.0,SHOOTOUT,STANDARD,2.0
3795108,UEFA Euro,2020,Switzerland,Spain,1,1,5,122,42,True,5537.0,Fabian Lukas Schär,Switzerland,11748,Unai Simón Mendibil,freeze_frame,Saved,Right Foot,Normal,0.7835,108.0,40.0,118.4,37.3,0.6,False,2020,BL,SAVED,False,True,1.0,1.0,0.0,SHOOTOUT,STANDARD,2.0
3795108,UEFA Euro,2020,Switzerland,Spain,1,1,5,123,21,True,6765.0,Rodrigo Hernández Cascante,Spain,5550,Yann Sommer,freeze_frame,Saved,Right Foot,Normal,0.7835,108.0,40.0,119.4,42.4,0.8,False,2020,BR,SAVED,False,True,1.0,1.0,0.0,SHOOTOUT,STANDARD,3.0
3795108,UEFA Euro,2020,Switzerland,Spain,1,1,5,124,25,True,5549.0,Manuel Obafemi Akanji,Switzerland,11748,Unai Simón Mendibil,freeze_frame,Saved,Right Foot,Normal,0.7835,108.0,40.0,119.0,37.4,0.4,False,2020,BL,SAVED,False,True,1.0,1.0,0.0,SHOOTOUT,STANDARD,3.0
3795108,UEFA Euro,2020,Switzerland,Spain,1,1,5,125,7,True,6766.0,Gerard Moreno Balaguero,Spain,5550,Yann Sommer,freeze_frame,Goal,Left Foot,Normal,0.7835,108.0,40.0,120.0,43.5,2.3,True,2020,TR,GOAL,True,False,1.0,1.0,0.0,SHOOTOUT,STANDARD,4.0
3795108,UEFA Euro,2020,Switzerland,Spain,1,1,5,125,54,True,30401.0,Ruben Vargas,Switzerland,11748,Unai Simón Mendibil,freeze_frame,Off T,Right Foot,Normal,0.7835,108.0,40.0,120.0,38.7,3.9,False,2020,OVER,OVER,False,True,1.0,2.0,-1.0,SHOOTOUT,MUST_SCORE,4.0
3795108,UEFA Euro,2020,Switzerland,Spain,1,1,5,127,4,True,6685.0,Mikel Oyarzabal Ugarte,Spain,5550,Yann Sommer,freeze_frame,Goal,Left Foot,Normal,0.7835,108.0,40.0,120.0,43.3,0.4,True,2020,BR,GOAL,True,False,2.0,1.0,1.0,SHOOTOUT,CAN_WIN,5.0
3788769,UEFA Euro,2020,Russia,Denmark,1,4,2,69,15,False,5195.0,Artem Dzyuba,Russia,3815,Kasper Schmeichel,lineup,Goal,Right Foot,Normal,0.7835,108.1,40.1,120.0,40.3,1.6,True,2020,TC,GOAL,False,True,0.0,2.0,-2.0,TRAILING,N/A,
3795220,UEFA Euro,2020,Italy,Spain,1,1,5,120,1,True,7038.0,Manuel Locatelli,Italy,11748,Unai Simón Mendibil,lineup,Saved,Right Foot,Normal,0.7835,107.9,40.0,119.1,37.4,0.0,False,2020,BL,SAVED,False,True,0.0,0.0,0.0,SHOOTOUT,STANDARD,1.0
3795220,UEFA Euro,2020,Italy,Spain,1,1,5,120,52,True,16532.0,Daniel Olmo Carvajal,Spain,7036,Gianluigi Donnarumma,freeze_frame,Off T,Right Foot,Normal,0.7835,108.0,40.0,120.0,36.7,4.5,False,2020,OVER,OVER,False,True,0.0,0.0,0.0,SHOOTOUT,STANDARD,1.0
3795220,UEFA Euro,2020,Italy,Spain,1,1,5,121,41,True,7471.0,Andrea Belotti,Italy,11748,Unai Simón Mendibil,lineup,Goal,Right Foot,Normal,0.7835,107.9,39.8,120.0,36.9,0.6,True,2020,BL,GOAL,False,True,0.0,0.0,0.0,SHOOTOUT,STANDARD,2.0
3795220,UEFA Euro,2020,Italy,Spain,1,1,5,122,23,True,6766.0,Gerard Moreno Balaguero,Spain,7036,Gianluigi Donnarumma,lineup,Goal,Left Foot,Normal,0.7835,107.9,39.9,120.0,42.8,1.7,True,2020,TR,GOAL,True,False,0.0,1.0,-1.0,SHOOTOUT,STANDARD,2.0
3795220,UEFA Euro,2020,Italy,Spain,1,1,5,123,6,True,7173.0,Leonardo Bonucci,Italy,11748,Unai Simón Mendibil,lineup,Goal,Right Foot,Normal,0.7835,108.1,40.1,120.0,42.9,0.8,True,2020,BR,GOAL,False,True,1.0,1.0,0.0,SHOOTOUT,STANDARD,3.0
3795220,UEFA Euro,2020,Italy,Spain,1,1,5,123,43,True,5208.0,Thiago Alcântara do Nascimento,Spain,7036,Gianluigi Donnarumma,lineup,Goal,Right Foot,Normal,0.7835,108.0,40.1,120.0,36.8,0.2,True,2020,BL,GOAL,False,True,1.0,2.0,-1.0,SHOOTOUT,STANDARD,3.0
3795220,UEFA Euro,2020,Italy,Spain,1,1,5,124,24,True,7777.0,Federico Bernardeschi,Italy,11748,Unai Simón Mendibil,lineup,Goal,Left Foot,Normal,0.7835,107.9,39.9,120.0,43.2,2.2,True,2020,TR,GOAL,True,False,2.0,2.0,0.0,SHOOTOUT,STANDARD,4.0
3795220,UEFA Euro,2020,Italy,Spain,1,1,5,125,2,True,3477.0,Álvaro Borja Morata Martín,Spain,7036,Gianluigi Donnarumma,lineup,Saved,Right Foot,Normal,0.7835,108.0,40.0,119.0,42.3,0.2,False,2020,BR,SAVED,False,True,2.0,3.0,-1.0,SHOOTOUT,MUST_SCORE,4.0
3795220,UEFA Euro,2020,Italy,Spain,1,1,5,126,0,True,7024.0,Jorge Luiz Frello Filho,Italy,11748,Unai Simón Mendibil,lineup,Goal,Right Foot,Normal,0.7835,107.8,39.9,120.0,43.2,0.2,True,2020,BR,GOAL,False,True,3.0,2.0,1.0,SHOOTOUT,CAN_WIN,5.0
3788761,UEFA Euro,2020,Sweden,Slovakia,1,0,2,76,34,False,5625.0,Emil Peter Forsberg,Sweden,3711,Martin Dúbravka,lineup,Goal,Right Foot,Normal,0.7835,108.1,40.1,120.0,42.6,1.2,True,2020,BR,GOAL,False,True,0.0,0.0,0.0,LEVEL,N/A,
3788773,UEFA Euro,2020,Portugal,France,2,2,1,30,1,False,5207.0,Cristiano Ronaldo dos Santos Aveiro,Portugal,3099,Hugo Lloris,lineup,Goal,Right Foot,Normal,0.7835,108.1,40.1,120.0,38.4,0.9,True,2020,BL,GOAL,False,True,0.0,0.0,0.0,LEVEL,N/A,
3788773,UEFA Euro,2020,Portugal,France,2,2,1,46,44,False,19677.0,Karim Benzema,France,5205,Rui Pedro dos Santos Patrício,lineup,Goal,Right Foot,Normal,0.7835,108.0,40.0,120.0,37.5,1.6,True,2020,TL,GOAL,False,True,0.0,1.0,-1.0,TRAILING,N/A,
3788773,UEFA Euro,2020,Portugal,France,2,2,2,59,31,False,5207.0,Cristiano Ronaldo dos Santos Aveiro,Portugal,3099,Hugo Lloris,lineup,Goal,Right Foot,Normal,0.7835,107.9,40.0,120.0,36.8,0.2,True,2020,BL,GOAL,False,True,1.0,2.0,-1.0,TRAILING,N/A,
3788755,UEFA Euro,2020,Turkey,Wales,0,2,2,60,46,False,6399.0,Gareth Frank Bale,Wales,30357,Uğurcan Çakır,freeze_frame,Off T,Left Foot,Normal,0.7835,108.0,40.0,120.0,35.6,5.4,False,2020,OVER,OVER,True,False,1.0,0.0,1.0,LEADING,N/A,
3788762,UEFA Euro,2020,Spain,Poland,1,1,2,57,29,False,6766.0,Gerard Moreno Balaguero,Spain,5669,Wojciech Szczęsny,freeze_frame,Post,Left Foot,Normal,0.7835,108.1,40.5,120.0,36.0,0.4,False,2020,POST,POST,True,False,1.0,1.0,0.0,LEVEL,N/A,
3788760,UEFA Euro,2020,Croatia,Czech Republic,1,1,1,36,51,False,7044.0,Patrik Schick,Czech Republic,16531,Dominik Livaković,lineup,Goal,Left Foot,Normal,0.7835,108.0,40.0,120.0,36.4,0.3,True,2020,BL,GOAL,True,False,0.0,0.0,0.0,LEVEL,N/A,
3795506,UEFA Euro,2020,Italy,England,1,1,5,120,1,True,7131.0,Domenico Berardi,Italy,3468,Jordan Pickford,lineup,Goal,Left Foot,Normal,0.7835,107.8,39.8,120.0,37.2,0.4,True,2020,BL,GOAL,True,False,0.0,0.0,0.0,SHOOTOUT,STANDARD,1.0
3795506,UEFA Euro,2020,Italy,England,1,1,5,120,43,True,10955.0,Harry Kane,England,7036,Gianluigi Donnarumma,lineup,Goal,Right Foot,Normal,0.7835,108.0,40.0,120.0,36.6,0.9,True,2020,BL,GOAL,False,True,0.0,1.0,-1.0,SHOOTOUT,STANDARD,1.0
3795506,UEFA Euro,2020,Italy,England,1,1,5,121,36,True,7471.0,Andrea Belotti,Italy,3468,Jordan Pickford,lineup,Saved,Right Foot,Normal,0.7835,107.9,40.0,118.8,42.1,0.5,False,2020,BR,SAVED,False,True,1.0,1.0,0.0,SHOOTOUT,STANDARD,2.0
3795506,UEFA Euro,2020,Italy,England,1,1,5,122,26,True,3336.0,Harry Maguire,England,7036,Gianluigi Donnarumma,lineup,Goal,Right Foot,Normal,0.7835,108.1,40.0,120.0,43.2,2.4,True,2020,TR,GOAL,False,True,1.0,1.0,0.0,SHOOTOUT,STANDARD,2.0
3795506,UEFA Euro,2020,Italy,England,1,1,5,123,17,True,7173.0,Leonardo Bonucci,Italy,3468,Jordan Pickford,lineup,Goal,Right Foot,Normal,0.7835,107.8,40.0,120.0,37.6,1.6,True,2020,TL,GOAL,False,True,1.0,2.0,-1.0,SHOOTOUT,STANDARD,3.0
3795506,UEFA Euro,2020,Italy,England,1,1,5,124,11,True,3318.0,Marcus Rashford,England,7036,Gianluigi Donnarumma,freeze_frame,Post,Right Foot,Normal,0.7835,108.0,39.9,120.0,35.8,0.2,False,2020,POST,POST,False,True,2.0,2.0,0.0,SHOOTOUT,STANDARD,3.0
3795506,UEFA Euro,2020,Italy,England,1,1,5,125,2,True,7777.0,Federico Bernardeschi,Italy,3468,Jordan Pickford,lineup,Goal,Left Foot,Normal,0.7835,107.9,40.2,120.0,40.1,0.3,True,2020,BC,GOAL,True,False,2.0,2.0,0.0,SHOOTOUT,STANDARD,4.0
3795506,UEFA Euro,2020,Italy,England,1,1,5,125,47,True,12423.0,Jadon Sancho,England,7036,Gianluigi Donnarumma,lineup,Saved,Right Foot,Normal,0.7835,107.8,40.0,118.6,42.5,0.8,False,2020,BR,SAVED,False,True,2.0,3.0,-1.0,SHOOTOUT,MUST_SCORE,4.0
3795506,UEFA Euro,2020,Italy,England,1,1,5,126,57,True,7024.0,Jorge Luiz Frello Filho,Italy,3468,Jordan Pickford,lineup,Saved to Post,Right Foot,Normal,0.7835,108.1,40.1,119.3,37.9,0.2,False,2020,BL,SAVED,False,True,3.0,2.0,1.0,SHOOTOUT,CAN_WIN,5.0
3795506,UEFA Euro,2020,Italy,England,1,1,5,127,43,True,22084.0,Bukayo Saka,England,7036,Gianluigi Donnarumma,lineup,Saved,Left Foot,Normal,0.7835,108.1,40.0,119.3,42.0,0.9,False,2020,BR,SAVED,True,False,2.0,3.0,-1.0,SHOOTOUT,MUST_SCORE,5.0
3788758,UEFA Euro,2020,Ukraine,North Macedonia,2,1,2,56,11,False,4713.0,Ezgjan Alioski,North Macedonia,22243,Heorhii Bushchan,lineup,Saved,Left Foot,Normal,0.7835,108.0,40.0,119.1,42.3,0.7,False,2020,BR,SAVED,True,False,0.0,2.0,-2.0,TRAILING,N/A,
3788758,UEFA Euro,2020,Ukraine,North Macedonia,2,1,2,83,32,False,16557.0,Ruslan Malinovskiy,Ukraine,21397,Stole Dimitrievski,lineup,Saved,Left Foot,Normal,0.7835,108.3,40.1,119.2,37.6,0.7,False,2020,BL,SAVED,True,False,2.0,1.0,1.0,LEADING,N/A,
3795107,UEFA Euro,2020,Belgium,Italy,1,2,1,46,43,False,3289.0,Romelu Lukaku Menama,Belgium,7036,Gianluigi Donnarumma,lineup,Goal,Left Foot,Normal,0.7835,107.9,40.0,120.0,41.8,0.5,True,2020,BR,GOAL,True,False,0.0,2.0,-2.0,TRAILING,N/A,
3795221,UEFA Euro,2020,England,Denmark,2,1,3,103,41,False,10955.0,Harry Kane,England,3815,Kasper Schmeichel,lineup,Saved,Right Foot,Normal,0.7835,108.1,40.1,119.2,42.7,0.3,False,2020,BR,SAVED,False,True,0.0,1.0,-1.0,TRAILING,N/A,
3794691,UEFA Euro,2020,France,Switzerland,3,3,2,54,6,False,5544.0,Ricardo Iván Rodríguez Araya,Switzerland,3099,Hugo Lloris,lineup,Saved,Left Foot,Normal,0.7835,108.0,40.0,119.2,37.2,0.2,False,2020,BL,SAVED,True,False,1.0,0.0,1.0,LEADING,N/A,
3794691,UEFA Euro,2020,France,Switzerland,3,3,5,120,57,True,5834.0,Mario Gavranović,Switzerland,3099,Hugo Lloris,lineup,Goal,Right Foot,Normal,0.7835,108.0,40.0,120.0,37.4,1.9,True,2020,TL,GOAL,False,True,0.0,0.0,0.0,SHOOTOUT,STANDARD,1.0
3794691,UEFA Euro,2020,France,Switzerland,3,3,5,121,52,True,20004.0,Paul Pogba,France,5550,Yann Sommer,lineup,Goal,Right Foot,Normal,0.7835,108.0,40.0,120.0,36.7,2.2,True,2020,TL,GOAL,False,True,0.0,1.0,-1.0,SHOOTOUT,STANDARD,1.0
3794691,UEFA Euro,2020,France,Switzerland,3,3,5,122,36,True,5537.0,Fabian Lukas Schär,Switzerland,3099,Hugo Lloris,lineup,Goal,Right Foot,Normal,0.7835,107.9,40.0,120.0,43.1,1.7,True,2020,TR,GOAL,False,True,1.0,1.0,0.0,SHOOTOUT,STANDARD,2.0
3794691,UEFA Euro,2020,France,Switzerland,3,3,5,123,26,True,3604.0,Olivier Giroud,France,5550,Yann Sommer,lineup,Goal,Left Foot,Normal,0.7835,108.0,40.0,120.0,42.8,0.9,True,2020,BR,GOAL,True,False,1.0,2.0,-1.0,SHOOTOUT,STANDARD,2.0
3794691,UEFA Euro,2020,France,Switzerland,3,3,5,124,16,True,5549.0,Manuel Obafemi Akanji,Switzerland,3099,Hugo Lloris,lineup,Goal,Right Foot,Normal,0.7835,107.9,40.0,120.0,36.4,0.2,True,2020,BL,GOAL,False,True,2.0,2.0,0.0,SHOOTOUT,STANDARD,3.0
3794691,UEFA Euro,2020,France,Switzerland,3,3,5,125,6,True,2972.0,Marcus Thuram,France,5550,Yann Sommer,lineup,Goal,Right Foot,Normal,0.7835,107.9,40.0,120.0,36.6,0.9,True,2020,BL,GOAL,False,True,2.0,3.0,-1.0,SHOOTOUT,STANDARD,3.0
3794691,UEFA Euro,2020,France,Switzerland,3,3,5,125,56,True,30401.0,Ruben Vargas,Switzerland,3099,Hugo Lloris,lineup,Goal,Right Foot,Normal,0.7835,107.9,40.0,120.0,37.1,0.5,True,2020,BL,GOAL,False,True,3.0,3.0,0.0,SHOOTOUT,STANDARD,4.0
3794691,UEFA Euro,2020,France,Switzerland,3,3,5,126,55,True,2999.0,Presnel Kimpembe,France,5550,Yann Sommer,lineup,Goal,Left Foot,Normal,0.7835,108.0,40.0,120.0,43.2,2.1,True,2020,TR,GOAL,True,False,3.0,4.0,-1.0,SHOOTOUT,MUST_SCORE,4.0
3794691,UEFA Euro,2020,France,Switzerland,3,3,5,127,39,True,8219.0,Admir Mehmedi,Switzerland,3099,Hugo Lloris,lineup,Goal,Right Foot,Normal,0.7835,108.0,40.0,120.0,43.5,0.5,True,2020,BR,GOAL,False,True,4.0,4.0,0.0,SHOOTOUT,STANDARD,5.0
3794691,UEFA Euro,2020,France,Switzerland,3,3,5,128,30,True,3009.0,Kylian Mbappé Lottin,France,5550,Yann Sommer,lineup,Saved,Right Foot,Normal,0.7835,107.9,40.0,119.3,37.6,1.6,False,2020,TL,SAVED,False,True,4.0,5.0,-1.0,SHOOTOUT,MUST_SCORE,5.0
3788756,UEFA Euro,2020,Netherlands,Austria,2,0,1,10,21,False,2988.0,Memphis Depay,Netherlands,21532,Daniel Bachmann,lineup,Goal,Right Foot,Normal,0.7835,108.1,40.0,120.0,37.1,0.2,True,2020,BL,GOAL,False,True,0.0,0.0,0.0,LEVEL,N/A,
3788752,UEFA Euro,2020,Hungary,Portugal,0,3,2,86,41,False,5207.0,Cristiano Ronaldo dos Santos Aveiro,Portugal,8524,Péter Gulácsi,lineup,Goal,Right Foot,Normal,0.7835,108.0,40.0,120.0,42.7,0.9,True,2020,BR,GOAL,False,True,1.0,0.0,1.0,LEADING,N/A,
3788742,UEFA Euro,2020,Denmark,Finland,0,1,2,73,49,False,3570.0,Pierre-Emile Højbjerg,Denmark,8667,Lukáš Hrádecký,lineup,Saved,Right Foot,Normal,0.7835,108.1,40.1,118.7,42.6,0.2,False,2020,BR,SAVED,False,True,0.0,1.0,-1.0,TRAILING,N/A,
3788775,UEFA Euro,2020,Slovakia,Spain,0,5,1,11,5,False,3477.0,Álvaro Borja Morata Martín,Spain,3711,Martin Dúbravka,lineup,Saved,Right Foot,Normal,0.7835,108.1,40.1,120.0,38.0,1.1,False,2020,BL,SAVED,False,True,0.0,0.0,0.0,LEVEL,N/A,
3887188,UEFA Europa League,1988/1989,Napoli,VfB Stuttgart,2,1,2,68,16,False,38641.0,Diego Armando Maradona,Napoli,398823,Eike Immel,lineup,Goal,Left Foot,Normal,0.7835,108.1,40.1,120.0,37.4,0.9,True,1988,BL,GOAL,True,False,0.0,1.0,-1.0,TRAILING,N/A,
3750245,UEFA Europa League,1988/1989,Napoli,Juventus,3,0,1,9,58,False,38641.0,Diego Armando Maradona,Napoli,39825,Stefano Tacconi,lineup,Goal,Left Foot,Normal,0.7835,108.0,39.9,120.0,43.3,0.2,True,1988,BR,GOAL,True,False,0.0,0.0,0.0,LEVEL,N/A,
