taker_id,taker_name,last_team,total_penalties,first_year,last_year,reliability,raw_conversion_rate,conversion_rate,save_rate_against,zone_TL_prob,zone_TL_raw_count,zone_TC_prob,zone_TC_raw_count,zone_TR_prob,zone_TR_raw_count,zone_BL_prob,zone_BL_raw_count,zone_BC_prob,zone_BC_raw_count,zone_BR_prob,zone_BR_raw_count,right_foot_pct,left_foot_pct,preferred_foot,shootout_count,in_game_count,shootout_conversion_rate,in_game_conversion_rate,must_score_count,must_score_conversion_rate
5503.0,Lionel Andrés Messi Cuccittini,Argentina,83,2007,2024,high,0.7951807228915663,0.7899439648644556,0.15937200262506943,0.05550948069210757,4,0.0389338907760648,3,0.21372172549732452,18,0.27764965178764156,21,0.07480033173901683,6,0.3393849195078447,27,0.0,1.0,Left,3,80,0.6848450057405281,0.7961522375575073,0,
5207.0,Cristiano Ronaldo dos Santos Aveiro,Portugal,23,2010,2024,high,0.782608695652174,0.7716602646180112,0.1461089770948926,0.0625917348902443,1,0.015003750937734433,0,0.09745914739554454,2,0.3777683551322613,8,0.021200952412016045,0,0.42597605923219933,10,1.0,0.0,Right,3,20,0.7617680826636051,0.7551233793391887,0,
25879.0,Ronaldo de Assis Moreira,Barcelona,16,2004,2007,high,0.8125,0.787107258938245,0.1469844709281329,0.15761375126390292,3,0.018604651162790697,0,0.04084934277047523,0,0.308432760364004,4,0.0662891809908999,1,0.40821031344792713,7,1.0,0.0,Right,0,16,0.6902985074626866,0.7943731300067562,0,
4320.0,Neymar da Silva Santos Junior,Paris Saint-Germain,15,2014,2022,high,0.8,0.7785915492957747,0.11286384976525822,0.04088451224337276,0,0.020222446916076844,0,0.04440145953312525,0,0.5091660438739174,8,0.028575196729239017,0,0.35675034070426864,5,1.0,0.0,Right,0,15,0.6902985074626866,0.7861480552070265,0,
10955.0,Harry Kane,England,14,2015,2024,high,0.8571428571428571,0.8110328638497654,0.11756651017214398,0.1713192948520684,3,0.10717896865520728,2,0.08787972040269047,1,0.3352530003956566,4,0.028575196729239017,0,0.26979381896513827,3,1.0,0.0,Right,2,12,0.7419154228855721,0.8024409718261665,0,
3009.0,Kylian Mbappé Lottin,France,12,2020,2024,high,0.75,0.7483994878361077,0.2191634656423389,0.13365199007261697,2,0.021141649048625793,0,0.046419707693721855,0,0.39594631859545915,5,0.02987406930784079,0,0.3729662652817354,5,1.0,0.0,Right,2,10,0.6585820895522388,0.782685069008783,2,0.5
5246.0,Luis Alberto Suárez Díaz,Uruguay,10,2015,2024,high,0.8,0.7732394366197183,0.19107981220657277,0.04701718907987867,0,0.07325581395348837,1,0.15106167846309404,2,0.385540950455005,4,0.08286147623862487,1,0.26026289180990897,2,1.0,0.0,Right,1,9,0.7184531886024423,0.7712474410618768,0,
5487.0,Antoine Griezmann,Barcelona,9,2015,2020,medium,0.6666666666666666,0.7086730911786508,0.20113664442797133,0.05224132119986519,0,0.025839793281653745,0,0.11229075384788227,1,0.4283788338388945,4,0.036512751376249854,0,0.34473654645545443,3,0.0,1.0,Left,1,8,0.7184531886024423,0.7029834100097588,1,0.5454545454545454
7776.0,Antonio Candreva,Lazio,8,2015,2015,medium,0.75,0.7480438184663537,0.21231090245174752,0.10779687675542074,1,0.025839793281653745,0,0.05673519829232671,0,0.5394899449500056,6,0.036512751376249854,0,0.23362543534434332,1,1.0,0.0,Right,0,8,0.6902985074626866,0.7585389655653144,0,
40464.0,Moritz Hartmann,Ingolstadt,8,2015,2015,medium,1.0,0.8591549295774648,0.10119979134063642,0.05224132119986519,0,0.0813953488372093,1,0.05673519829232671,0,0.48393438939445005,5,0.036512751376249854,0,0.28918099089989885,2,1.0,0.0,Right,0,8,0.6902985074626866,0.8696500766764256,0,
7139.0,Josip Iličić,Slovenia,8,2015,2024,medium,0.875,0.8035993740219092,0.15675534689619197,0.10779687675542074,1,0.025839793281653745,0,0.2234018649589934,3,0.26171216717222784,1,0.036512751376249854,0,0.34473654645545443,3,0.0,1.0,Left,1,7,0.6275440976933514,0.86198243412798,0,
15516.0,Thierry Henry,Arsenal,7,2003,2003,medium,1.0,0.8508699254349628,0.1071527202430268,0.0553143400939749,0,0.08618331053351573,1,0.1188960923095224,1,0.33593052994706474,2,0.09748408969249986,1,0.3061916374234223,2,1.0,0.0,Right,0,7,0.6902985074626866,0.86198243412798,0,
5743.0,Paulo Bruno Exequiel Dybala,Argentina,7,2015,2022,medium,1.0,0.8508699254349628,0.1071527202430268,0.0553143400939749,0,0.027359781121751026,0,0.1188960923095224,1,0.5124011181823589,5,0.09748408969249986,1,0.18854457859989293,0,0.14285714285714285,0.8571428571428571,Left,1,6,0.7184531886024423,0.8533563362609787,0,
27109.0,Youssef El-Arabi,Granada,7,2015,2015,medium,1.0,0.8508699254349628,0.1071527202430268,0.0553143400939749,0,0.027359781121751026,0,0.0600725628977577,0,0.33593052994706474,2,0.03866056028073514,0,0.4826622256587164,5,1.0,0.0,Right,0,7,0.6902985074626866,0.86198243412798,0,
3672.0,Zlatan Ibrahimović,Paris Saint-Germain,7,2009,2015,medium,0.8571428571428571,0.792046396023198,0.1659762496547915,0.0553143400939749,0,0.027359781121751026,0,0.0600725628977577,0,0.5712246475941236,6,0.03866056028073514,0,0.24736810801165762,1,1.0,0.0,Right,0,7,0.6902985074626866,0.8031589047162153,0,
3454.0,Troy Deeney,Watford,7,2015,2015,medium,0.8571428571428571,0.792046396023198,0.1659762496547915,0.1141378695057396,1,0.027359781121751026,0,0.0600725628977577,0,0.33593052994706474,2,0.09748408969249986,1,0.36501516683518703,3,1.0,0.0,Right,0,7,0.6902985074626866,0.8031589047162153,0,
3247.0,Fábio Henrique Tavares,AS Monaco,6,2015,2015,medium,1.0,0.8415492957746479,0.11384976525821597,0.12127148634984833,1,0.09156976744186046,1,0.06382709807886755,0,0.4194261880687563,3,0.04107684529828109,0,0.2628286147623862,1,1.0,0.0,Right,0,6,0.6902985074626866,0.8533563362609787,0,
7471.0,Andrea Belotti,Italy,6,2015,2020,medium,0.8333333333333334,0.7790492957746479,0.17634976525821597,0.058771486349848336,0,0.029069767441860465,0,0.06382709807886755,0,0.4819261880687563,4,0.04107684529828109,0,0.3253286147623862,2,1.0,0.0,Right,2,4,0.6585820895522388,0.8324072414411186,0,
3814.0,Riyad Mahrez,Leicester City,6,2015,2015,medium,0.6666666666666666,0.7165492957746479,0.23884976525821597,0.058771486349848336,0,0.029069767441860465,0,0.06382709807886755,0,0.3569261880687563,2,0.04107684529828109,0,0.4503286147623862,4,0.0,1.0,Left,0,6,0.6902985074626866,0.7283563362609787,0,
10960.0,Jamie Vardy,Leicester City,6,2015,2015,medium,0.8333333333333334,0.7790492957746479,0.11384976525821597,0.06268958543983823,0,0.09767441860465116,1,0.13474890461745873,1,0.38072126727334005,2,0.04381530165149983,0,0.28035052241321196,1,1.0,0.0,Right,0,6,0.6902985074626866,0.7908563362609787,0,
8237.0,Paul Verhaegh,Augsburg,6,2015,2015,medium,1.0,0.8415492957746479,0.11384976525821597,0.12127148634984833,1,0.029069767441860465,0,0.06382709807886755,0,0.4819261880687563,4,0.04107684529828109,0,0.2628286147623862,1,1.0,0.0,Right,0,6,0.6902985074626866,0.8533563362609787,0,
11132.0,Claudio Miguel Pizarro Bossio,Werder Bremen,6,2015,2015,medium,0.8333333333333334,0.7790492957746479,0.17634976525821597,0.058771486349848336,0,0.029069767441860465,0,0.06382709807886755,0,0.4819261880687563,4,0.04107684529828109,0,0.3253286147623862,2,1.0,0.0,Right,0,6,0.6902985074626866,0.7908563362609787,0,
7131.0,Domenico Berardi,Italy,6,2015,2020,medium,0.6666666666666666,0.7165492957746479,0.17634976525821597,0.06268958543983823,0,0.031007751937984496,0,0.13474890461745873,1,0.3140546006066734,1,0.04381530165149983,0,0.4136838557465453,3,0.0,1.0,Left,1,5,0.7184531886024423,0.7102467586783773,0,
5463.0,Luka Modrić,Croatia,6,2018,2024,medium,0.6666666666666666,0.7165492957746479,0.23884976525821597,0.058771486349848336,0,0.029069767441860465,0,0.06382709807886755,0,0.4194261880687563,3,0.1035768452982811,1,0.3253286147623862,2,1.0,0.0,Right,3,3,0.7617680826636051,0.6656693369365893,0,
5562.0,Thomas Müller,Bayern Munich,6,2015,2015,medium,0.8333333333333334,0.7790492957746479,0.11384976525821597,0.1293562521065049,1,0.031007751937984496,0,0.06808223795079206,0,0.24738793394000674,0,0.1104819683181665,1,0.4136838557465453,3,1.0,0.0,Right,0,6,0.6902985074626866,0.7908563362609787,0,
19298.0,Samuel Eto''o Fils,Barcelona,5,2005,2008,medium,0.6,0.6976525821596244,0.25477308294209705,0.1293562521065049,1,0.031007751937984496,0,0.06808223795079206,0,0.44738793394000675,3,0.04381530165149983,0,0.28035052241321196,1,1.0,0.0,Right,0,5,0.6902985074626866,0.7102467586783773,0,
3237.0,Sergio Leonel Agüero del Castillo,Manchester City,5,2015,2015,medium,0.8,0.7643192488262911,0.1214397496087637,0.13859598439982665,1,0.03322259136212625,0,0.0729452549472772,0,0.4079156435071501,2,0.04694496605517839,0,0.3003755597284414,1,1.0,0.0,Right,0,5,0.6902985074626866,0.7769134253450439,0,
3185.0,Thomas Mangani,Angers,5,2015,2015,medium,0.6,0.6976525821596244,0.18810641627543037,0.06716741297125524,0,0.10465116279069767,1,0.14437382637584864,1,0.33648707207857864,1,0.11837353748374982,1,0.22894698829986998,0,0.0,1.0,Left,0,5,0.6902985074626866,0.7102467586783773,0,
16462.0,Hatem Ben Arfa,OGC Nice,5,2015,2015,medium,1.0,0.8309859154929577,0.1214397496087637,0.06268958543983823,0,0.031007751937984496,0,0.06808223795079206,0,0.44738793394000675,3,0.04381530165149983,0,0.34701718907987866,2,0.0,1.0,Left,0,5,0.6902985074626866,0.8435800920117107,0,
6595.0,Daniel Parejo Muñoz,Valencia,5,2014,2018,medium,0.8,0.7643192488262911,0.18810641627543037,0.1293562521065049,1,0.031007751937984496,0,0.06808223795079206,0,0.3140546006066734,1,0.1104819683181665,1,0.34701718907987866,2,1.0,0.0,Right,0,5,0.6902985074626866,0.7769134253450439,0,
6401.0,Kevin Gameiro,Sevilla,5,2015,2015,medium,0.8,0.7643192488262911,0.18810641627543037,0.06268958543983823,0,0.031007751937984496,0,0.06808223795079206,0,0.5807212672733401,5,0.04381530165149983,0,0.2136838557465453,0,1.0,0.0,Right,0,5,0.6902985074626866,0.7769134253450439,0,
3038.0,Andy Delort,Caen,5,2015,2015,medium,0.8,0.7643192488262911,0.18810641627543037,0.1293562521065049,1,0.031007751937984496,0,0.13474890461745873,1,0.38072126727334005,2,0.04381530165149983,0,0.28035052241321196,1,1.0,0.0,Right,0,5,0.6902985074626866,0.7769134253450439,0,
5668.0,Robert Lewandowski,Poland,5,2015,2024,medium,0.8,0.7643192488262911,0.18810641627543037,0.06268958543983823,0,0.031007751937984496,0,0.13474890461745873,1,0.38072126727334005,2,0.04381530165149983,0,0.34701718907987866,2,1.0,0.0,Right,0,5,0.6902985074626866,0.7769134253450439,0,
6394.0,Aritz Aduriz Zubeldia,Athletic Club,5,2015,2015,medium,0.6,0.6976525821596244,0.18810641627543037,0.06716741297125524,0,0.10465116279069767,1,0.0729452549472772,0,0.33648707207857864,1,0.04694496605517839,0,0.37180413115701283,2,1.0,0.0,Right,0,5,0.6902985074626866,0.7102467586783773,0,
6723.0,Wissam Ben Yedder,Toulouse,5,2015,2015,medium,0.4,0.6309859154929577,0.3214397496087637,0.06268958543983823,0,0.031007751937984496,0,0.06808223795079206,0,0.5140546006066734,4,0.04381530165149983,0,0.28035052241321196,1,1.0,0.0,Right,0,5,0.6902985074626866,0.6435800920117106,0,
3944.0,Gylfi Þór Sigurðsson,Iceland,5,2015,2018,medium,0.8,0.7643192488262911,0.1214397496087637,0.13859598439982665,1,0.1760797342192691,2,0.0729452549472772,0,0.33648707207857864,1,0.04694496605517839,0,0.22894698829986998,0,1.0,0.0,Right,0,5,0.6902985074626866,0.7769134253450439,0,
10755.0,Jonathan Viera Ramos,Las Palmas,5,2015,2015,medium,0.8,0.7643192488262911,0.18810641627543037,0.06268958543983823,0,0.031007751937984496,0,0.13474890461745873,1,0.38072126727334005,2,0.04381530165149983,0,0.34701718907987866,2,1.0,0.0,Right,0,5,0.6902985074626866,0.7769134253450439,0,
33178.0,Benjamin Moukandjo Bilé,Lorient,5,2015,2015,medium,1.0,0.8309859154929577,0.1214397496087637,0.06268958543983823,0,0.09767441860465116,1,0.20141557128412538,2,0.3140546006066734,1,0.04381530165149983,0,0.28035052241321196,1,1.0,0.0,Right,0,5,0.6902985074626866,0.8435800920117107,0,
9723.0,Sandro Wagner,Darmstadt 98,4,2015,2015,medium,0.5,0.676056338028169,0.20154258886653253,0.07233413704596718,0,0.03577817531305903,0,0.07855642840476006,0,0.28544761608462316,0,0.12747919421326903,1,0.4004044489383215,2,1.0,0.0,Right,0,4,0.6902985074626866,0.6895500985839756,0,
8060.0,Klaas-Jan Huntelaar,Schalke 04,4,2015,2015,medium,0.5,0.676056338028169,0.272971160295104,0.13859598439982665,1,0.03322259136212625,0,0.14437382637584864,1,0.2650585006500072,0,0.04694496605517839,0,0.37180413115701283,2,1.0,0.0,Right,0,4,0.6902985074626866,0.6895500985839756,0,
3712.0,Pierre-Emerick Aubameyang,Borussia Dortmund,4,2015,2015,medium,0.75,0.7474849094567404,0.1301140174379611,0.1492572139690441,1,0.03577817531305903,0,0.155479505327837,1,0.3623706930077001,1,0.05055611729019211,0,0.24655829509216767,0,1.0,0.0,Right,0,4,0.6902985074626866,0.7609786700125472,0,
66716.0,Teboho Mokoena,South Africa,4,2023,2023,medium,0.5,0.676056338028169,0.20154258886653253,0.1492572139690441,1,0.03577817531305903,0,0.07855642840476006,0,0.439293769930777,2,0.05055611729019211,0,0.24655829509216767,0,1.0,0.0,Right,3,1,0.6079219288174512,0.7867001254705145,1,0.45454545454545453
3277.0,Yohan Cabaye,Crystal Palace,4,2015,2015,medium,0.75,0.7474849094567404,0.20154258886653253,0.2100245558283981,2,0.03322259136212625,0,0.14437382637584864,1,0.2650585006500072,0,0.04694496605517839,0,0.3003755597284414,1,1.0,0.0,Right,0,4,0.6902985074626866,0.7609786700125472,0,
32289.0,Victor Okoh Boniface,Bayer Leverkusen,4,2023,2023,medium,1.0,0.8189134808853119,0.1301140174379611,0.06716741297125524,0,0.10465116279069767,1,0.0729452549472772,0,0.2650585006500072,0,0.18980210891232124,2,0.3003755597284414,1,1.0,0.0,Right,0,4,0.6902985074626866,0.8324072414411186,0,
26848.0,Roberto Trashorras Gayoso,Rayo Vallecano,4,2013,2015,medium,0.5,0.676056338028169,0.272971160295104,0.13859598439982665,1,0.03322259136212625,0,0.0729452549472772,0,0.4079156435071501,2,0.11837353748374982,1,0.22894698829986998,0,1.0,0.0,Right,0,4,0.6902985074626866,0.6895500985839756,0,
24070.0,Saúl Berjón Pérez,Eibar,4,2015,2015,medium,0.75,0.7474849094567404,0.20154258886653253,0.2100245558283981,2,0.10465116279069767,1,0.0729452549472772,0,0.33648707207857864,1,0.04694496605517839,0,0.22894698829986998,0,1.0,0.0,Right,0,4,0.6902985074626866,0.7609786700125472,0,
3325.0,Marko Arnautović,Austria,4,2015,2024,medium,1.0,0.8189134808853119,0.1301140174379611,0.06716741297125524,0,0.1760797342192691,2,0.0729452549472772,0,0.33648707207857864,1,0.04694496605517839,0,0.3003755597284414,1,1.0,0.0,Right,0,4,0.6902985074626866,0.8324072414411186,0,
3451.0,Alexandre Lacazette,Lyon,4,2015,2022,medium,0.5,0.676056338028169,0.1301140174379611,0.07836198179979778,0,0.03875968992248062,0,0.08510279743849007,0,0.39256825075834173,1,0.054769127064374784,0,0.350438153016515,1,1.0,0.0,Right,0,4,0.6902985074626866,0.6895500985839756,0,
23486.0,Anthony Modeste,FC Köln,4,2015,2015,medium,0.75,0.7474849094567404,0.20154258886653253,0.06716741297125524,0,0.03322259136212625,0,0.14437382637584864,1,0.4079156435071501,2,0.11837353748374982,1,0.22894698829986998,0,1.0,0.0,Right,0,4,0.6902985074626866,0.7609786700125472,0,
6832.0,Rubén Castro Martín,Real Betis,4,2015,2015,medium,0.75,0.7474849094567404,0.20154258886653253,0.06716741297125524,0,0.03322259136212625,0,0.0729452549472772,0,0.33648707207857864,1,0.11837353748374982,1,0.37180413115701283,2,1.0,0.0,Right,0,4,0.6902985074626866,0.7609786700125472,0,
20252.0,Luca Toni,Hellas Verona,4,2015,2015,medium,0.75,0.7474849094567404,0.20154258886653253,0.2100245558283981,2,0.10465116279069767,1,0.0729452549472772,0,0.33648707207857864,1,0.04694496605517839,0,0.22894698829986998,0,1.0,0.0,Right,0,4,0.6902985074626866,0.7609786700125472,0,
5204.0,Bruno Miguel Borges Fernandes,Portugal,4,2015,2024,medium,0.75,0.7474849094567404,0.20154258886653253,0.06716741297125524,0,0.03322259136212625,0,0.0729452549472772,0,0.4793442149357215,3,0.04694496605517839,0,0.3003755597284414,1,1.0,0.0,Right,1,3,0.7184531886024423,0.7425924138596661,0,
6766.0,Gerard Moreno Balaguero,Spain,4,2015,2020,medium,0.75,0.7474849094567404,0.1301140174379611,0.07233413704596718,0,0.03577817531305903,0,0.2324025822509139,2,0.28544761608462316,0,0.05055611729019211,0,0.3234813720152446,1,0.0,1.0,Left,2,2,0.7419154228855721,0.7211417816813049,0,
3289.0,Romelu Lukaku Menama,Belgium,3,2015,2020,medium,0.6666666666666666,0.7280606717226435,0.2170458649331889,0.07233413704596718,0,0.03577817531305903,0,0.07855642840476006,0,0.3623706930077001,1,0.12747919421326903,1,0.3234813720152446,1,0.0,1.0,Left,0,3,0.6902985074626866,0.7425924138596661,0,
32608.0,Jerry Uche Mbakogu,Carpi,3,2015,2015,medium,0.3333333333333333,0.6511375947995666,0.2939689418562658,0.07233413704596718,0,0.03577817531305903,0,0.07855642840476006,0,0.3623706930077001,1,0.05055611729019211,0,0.4004044489383215,2,1.0,0.0,Right,0,3,0.6902985074626866,0.6656693369365893,0,
3450.0,Jordan Ayew,Ghana,3,2015,2023,medium,1.0,0.8049837486457204,0.14012278801011196,0.1492572139690441,1,0.11270125223613595,1,0.07855642840476006,0,0.28544761608462316,0,0.05055611729019211,0,0.3234813720152446,1,1.0,0.0,Right,0,3,0.6902985074626866,0.8195154907827431,0,
28263.0,Gonzalo Ariel Montiel,Argentina,3,2022,2024,medium,1.0,0.8049837486457204,0.14012278801011196,0.07233413704596718,0,0.03577817531305903,0,0.155479505327837,1,0.3623706930077001,1,0.05055611729019211,0,0.3234813720152446,1,1.0,0.0,Right,3,0,0.7617680826636051,0.7653701380175659,0,
5460.0,Andrej Kramarić,Croatia,3,2015,2018,medium,0.6666666666666666,0.7280606717226435,0.2170458649331889,0.07233413704596718,0,0.03577817531305903,0,0.155479505327837,1,0.3623706930077001,1,0.05055611729019211,0,0.3234813720152446,1,1.0,0.0,Right,1,2,0.7184531886024423,0.7211417816813049,0,
5549.0,Manuel Obafemi Akanji,Switzerland,3,2020,2024,medium,0.3333333333333333,0.6511375947995666,0.2939689418562658,0.07233413704596718,0,0.03577817531305903,0,0.07855642840476006,0,0.439293769930777,2,0.05055611729019211,0,0.3234813720152446,1,1.0,0.0,Right,3,0,0.6079219288174512,0.7653701380175659,0,
5497.0,Gonzalo Gerardo Higuaín,Napoli,3,2015,2015,medium,1.0,0.8049837486457204,0.14012278801011196,0.07233413704596718,0,0.03577817531305903,0,0.155479505327837,1,0.3623706930077001,1,0.12747919421326903,1,0.24655829509216767,0,1.0,0.0,Right,0,3,0.6902985074626866,0.8195154907827431,0,
7000.0,Eder Citadin Martins,Sampdoria,3,2015,2015,medium,1.0,0.8049837486457204,0.14012278801011196,0.07233413704596718,0,0.03577817531305903,0,0.07855642840476006,0,0.3623706930077001,1,0.12747919421326903,1,0.3234813720152446,1,1.0,0.0,Right,0,3,0.6902985074626866,0.8195154907827431,0,
5455.0,William Troost-Ekong,Nigeria,3,2023,2023,medium,1.0,0.8049837486457204,0.14012278801011196,0.1492572139690441,1,0.11270125223613595,1,0.07855642840476006,0,0.28544761608462316,0,0.12747919421326903,1,0.24655829509216767,0,1.0,0.0,Right,1,2,0.7184531886024423,0.8044751150146383,0,
6566.0,Borja González Tomás,Eibar,3,2015,2015,medium,1.0,0.8049837486457204,0.14012278801011196,0.1492572139690441,1,0.03577817531305903,0,0.07855642840476006,0,0.3623706930077001,1,0.12747919421326903,1,0.24655829509216767,0,1.0,0.0,Right,0,3,0.6902985074626866,0.8195154907827431,0,
6399.0,Gareth Frank Bale,Wales,3,2015,2022,medium,0.6666666666666666,0.7280606717226435,0.14012278801011196,0.07836198179979778,0,0.03875968992248062,0,0.1684361307718234,1,0.3092349174250084,0,0.054769127064374784,0,0.350438153016515,1,0.0,1.0,Left,1,2,0.7184531886024423,0.7211417816813049,0,
5688.0,Carlos Arturo Bacca Ahumada,Colombia,3,2015,2018,medium,0.6666666666666666,0.7280606717226435,0.2170458649331889,0.1492572139690441,1,0.03577817531305903,0,0.07855642840476006,0,0.3623706930077001,1,0.12747919421326903,1,0.24655829509216767,0,1.0,0.0,Right,1,2,0.6275440976933514,0.8044751150146383,1,0.45454545454545453
6402.0,Francisco Alcácer García,Valencia,3,2015,2015,medium,0.6666666666666666,0.7280606717226435,0.2170458649331889,0.07233413704596718,0,0.03577817531305903,0,0.07855642840476006,0,0.5162168468538539,3,0.05055611729019211,0,0.24655829509216767,0,1.0,0.0,Right,0,3,0.6902985074626866,0.7425924138596661,0,
5537.0,Fabian Lukas Schär,Switzerland,3,2020,2024,medium,0.6666666666666666,0.7280606717226435,0.2170458649331889,0.07233413704596718,0,0.03577817531305903,0,0.155479505327837,1,0.3623706930077001,1,0.05055611729019211,0,0.3234813720152446,1,1.0,0.0,Right,3,0,0.6848450057405281,0.7653701380175659,1,0.5454545454545454
6686.0,Giampaolo Pazzini,Hellas Verona,3,2015,2015,medium,1.0,0.8049837486457204,0.14012278801011196,0.1492572139690441,1,0.03577817531305903,0,0.155479505327837,1,0.28544761608462316,0,0.05055611729019211,0,0.3234813720152446,1,1.0,0.0,Right,0,3,0.6902985074626866,0.8195154907827431,0,
6950.0,Alberto Paloschi,Chievo,3,2015,2015,medium,0.3333333333333333,0.6511375947995666,0.2939689418562658,0.07233413704596718,0,0.03577817531305903,0,0.07855642840476006,0,0.439293769930777,2,0.05055611729019211,0,0.3234813720152446,1,1.0,0.0,Right,0,3,0.6902985074626866,0.6656693369365893,0,
6381.0,Saúl Ñíguez Esclapez,Atlético Madrid,3,2015,2019,medium,1.0,0.8049837486457204,0.14012278801011196,0.07233413704596718,0,0.03577817531305903,0,0.07855642840476006,0,0.3623706930077001,1,0.05055611729019211,0,0.4004044489383215,2,0.0,1.0,Left,1,2,0.7184531886024423,0.8044751150146383,1,0.5454545454545454
2956.0,Bertrand Isidore Traoré,Burkina Faso,3,2023,2023,medium,1.0,0.8049837486457204,0.14012278801011196,0.22618029089212102,2,0.03577817531305903,0,0.07855642840476006,0,0.28544761608462316,0,0.12747919421326903,1,0.24655829509216767,0,0.0,1.0,Left,0,3,0.6902985074626866,0.8195154907827431,0,
5544.0,Ricardo Iván Rodríguez Araya,Switzerland,3,2015,2020,medium,0.6666666666666666,0.7280606717226435,0.2170458649331889,0.07233413704596718,0,0.03577817531305903,0,0.07855642840476006,0,0.3623706930077001,1,0.05055611729019211,0,0.4004044489383215,2,0.0,1.0,Left,0,3,0.6902985074626866,0.7425924138596661,0,
4447.0,Martin Braithwaite Christensen,Toulouse,3,2015,2015,medium,0.6666666666666666,0.7280606717226435,0.14012278801011196,0.1616953151331311,1,0.03875968992248062,0,0.08510279743849007,0,0.39256825075834173,1,0.054769127064374784,0,0.2671048196831816,0,1.0,0.0,Right,0,3,0.6902985074626866,0.7425924138596661,0,
7788.0,Ciro Immobile,Torino,3,2015,2015,medium,0.6666666666666666,0.7280606717226435,0.14012278801011196,0.07836198179979778,0,0.03875968992248062,0,0.08510279743849007,0,0.4759015840916751,2,0.054769127064374784,0,0.2671048196831816,0,1.0,0.0,Right,0,3,0.6902985074626866,0.7425924138596661,0,
7045.0,Valter Birsa,Chievo,3,2015,2015,medium,0.6666666666666666,0.7280606717226435,0.2170458649331889,0.07233413704596718,0,0.03577817531305903,0,0.07855642840476006,0,0.5162168468538539,3,0.05055611729019211,0,0.24655829509216767,0,0.0,1.0,Left,0,3,0.6902985074626866,0.7425924138596661,0,
7702.0,Alessio Cerci,Genoa,3,2015,2015,medium,1.0,0.8049837486457204,0.14012278801011196,0.1492572139690441,1,0.03577817531305903,0,0.155479505327837,1,0.28544761608462316,0,0.12747919421326903,1,0.24655829509216767,0,0.0,1.0,Left,0,3,0.6902985074626866,0.8195154907827431,0,
8193.0,Maximiliano Gastón López,Torino,3,2015,2015,medium,0.6666666666666666,0.7280606717226435,0.2170458649331889,0.07233413704596718,0,0.03577817531305903,0,0.07855642840476006,0,0.3623706930077001,1,0.05055611729019211,0,0.4004044489383215,2,1.0,0.0,Right,0,3,0.6902985074626866,0.7425924138596661,0,
8215.0,Kevin Volland,Hoffenheim,3,2015,2015,medium,0.6666666666666666,0.7280606717226435,0.2170458649331889,0.07233413704596718,0,0.03577817531305903,0,0.07855642840476006,0,0.3623706930077001,1,0.05055611729019211,0,0.4004044489383215,2,0.0,1.0,Left,0,3,0.6902985074626866,0.7425924138596661,0,
3874.0,Mark Noble,West Ham United,3,2015,2015,medium,1.0,0.8049837486457204,0.14012278801011196,0.07233413704596718,0,0.03577817531305903,0,0.07855642840476006,0,0.3623706930077001,1,0.12747919421326903,1,0.3234813720152446,1,1.0,0.0,Right,0,3,0.6902985074626866,0.8195154907827431,0,
8103.0,Mattia Destro,Bologna,3,2015,2015,medium,0.6666666666666666,0.7280606717226435,0.2170458649331889,0.07233413704596718,0,0.03577817531305903,0,0.155479505327837,1,0.3623706930077001,1,0.12747919421326903,1,0.24655829509216767,0,1.0,0.0,Right,0,3,0.6902985074626866,0.7425924138596661,0,
5201.0,Sergio Ramos García,Real Madrid,3,2015,2020,medium,1.0,0.8049837486457204,0.14012278801011196,0.1492572139690441,1,0.03577817531305903,0,0.07855642840476006,0,0.3623706930077001,1,0.05055611729019211,0,0.3234813720152446,1,1.0,0.0,Right,2,1,0.7419154228855721,0.7867001254705145,1,0.5454545454545454
22819.0,Bruno Soriano Llido,Villarreal,3,2015,2015,medium,1.0,0.8049837486457204,0.14012278801011196,0.07233413704596718,0,0.03577817531305903,0,0.07855642840476006,0,0.439293769930777,2,0.05055611729019211,0,0.3234813720152446,1,0.0,1.0,Left,0,3,0.6902985074626866,0.8195154907827431,0,
23640.0,Jonathan David,Canada,3,2022,2024,medium,1.0,0.8049837486457204,0.14012278801011196,0.07233413704596718,0,0.03577817531305903,0,0.07855642840476006,0,0.3623706930077001,1,0.05055611729019211,0,0.4004044489383215,2,1.0,0.0,Right,2,1,0.7419154228855721,0.7867001254705145,0,
3477.0,Álvaro Borja Morata Martín,Spain,3,2015,2020,medium,0.3333333333333333,0.6511375947995666,0.2939689418562658,0.07233413704596718,0,0.03577817531305903,0,0.155479505327837,1,0.3623706930077001,1,0.05055611729019211,0,0.3234813720152446,1,1.0,0.0,Right,1,2,0.6275440976933514,0.7211417816813049,1,0.45454545454545453
3531.0,Mohamed Salah,Egypt,3,2018,2023,medium,1.0,0.8049837486457204,0.14012278801011196,0.07233413704596718,0,0.03577817531305903,0,0.155479505327837,1,0.3623706930077001,1,0.05055611729019211,0,0.3234813720152446,1,0.0,1.0,Left,0,3,0.6902985074626866,0.8195154907827431,0,
20004.0,Paul Pogba,France,3,2015,2020,medium,0.6666666666666666,0.7280606717226435,0.2170458649331889,0.1492572139690441,1,0.03577817531305903,0,0.07855642840476006,0,0.439293769930777,2,0.05055611729019211,0,0.24655829509216767,0,1.0,0.0,Right,1,2,0.7184531886024423,0.7211417816813049,0,
16308.0,Leandro Daniel Paredes,Argentina,3,2022,2024,medium,0.6666666666666666,0.7280606717226435,0.14012278801011196,0.1616953151331311,1,0.03875968992248062,0,0.08510279743849007,0,0.39256825075834173,1,0.054769127064374784,0,0.2671048196831816,0,1.0,0.0,Right,2,1,0.7419154228855721,0.6957910345614237,0,
19729.0,Ruud van Nistelrooy,Real Madrid,3,2003,2007,medium,0.6666666666666666,0.7280606717226435,0.14012278801011196,0.07836198179979778,0,0.03875968992248062,0,0.08510279743849007,0,0.3092349174250084,0,0.054769127064374784,0,0.4337714863498483,2,1.0,0.0,Right,0,3,0.6902985074626866,0.7425924138596661,0,
12365.0,Alphonso Davies,Canada,3,2022,2024,medium,0.3333333333333333,0.6511375947995666,0.2170458649331889,0.07836198179979778,0,0.03875968992248062,0,0.1684361307718234,1,0.39256825075834173,1,0.054769127064374784,0,0.2671048196831816,0,0.0,1.0,Left,2,1,0.6585820895522388,0.6957910345614237,1,0.45454545454545453
3629.0,Sadio Mané,Senegal,2,2015,2023,low,0.5,0.7053990610328639,0.23513302034428796,0.07836198179979778,0,0.12209302325581395,1,0.08510279743849007,0,0.39256825075834173,1,0.054769127064374784,0,0.2671048196831816,0,1.0,0.0,Right,1,1,0.7184531886024423,0.6957910345614237,1,0.5454545454545454
22084.0,Bukayo Saka,England,2,2020,2024,low,0.5,0.7053990610328639,0.23513302034428796,0.07836198179979778,0,0.03875968992248062,0,0.08510279743849007,0,0.3092349174250084,0,0.054769127064374784,0,0.4337714863498483,2,0.0,1.0,Left,2,0,0.6585820895522388,0.7653701380175659,1,0.45454545454545453
22600.0,Lucas Tolentino Coelho de Lima,Brazil,2,2024,2024,low,0.5,0.7053990610328639,0.15179968701095461,0.08548579832705212,0,0.042283298097251586,0,0.09283941538744371,0,0.3373471826454637,0,0.05974813861568158,0,0.3822961669271072,1,0.0,1.0,Left,0,2,0.6902985074626866,0.7211417816813049,0,
26199.0,Diego Forlán Corazo,Atlético Madrid,2,2007,2008,low,1.0,0.7887323943661971,0.15179968701095461,0.07836198179979778,0,0.03875968992248062,0,0.08510279743849007,0,0.39256825075834173,1,0.054769127064374784,0,0.350438153016515,1,1.0,0.0,Right,0,2,0.6902985074626866,0.8044751150146383,0,
29367.0,Percy Tau,South Africa,2,2023,2023,low,0.5,0.7053990610328639,0.15179968701095461,0.08548579832705212,0,0.042283298097251586,0,0.09283941538744371,0,0.3373471826454637,0,0.05974813861568158,0,0.3822961669271072,1,0.0,1.0,Left,0,2,0.6902985074626866,0.7211417816813049,0,
30401.0,Ruben Vargas,Switzerland,2,2020,2020,low,0.5,0.7053990610328639,0.15179968701095461,0.08548579832705212,0,0.042283298097251586,0,0.09283941538744371,0,0.42825627355455465,1,0.05974813861568158,0,0.29138707601801633,0,1.0,0.0,Right,2,0,0.6585820895522388,0.7653701380175659,1,0.45454545454545453
3294.0,Juan Manuel Mata García,Manchester United,2,2011,2015,low,0.5,0.7053990610328639,0.23513302034428796,0.07836198179979778,0,0.12209302325581395,1,0.08510279743849007,0,0.3092349174250084,0,0.13810246039770813,1,0.2671048196831816,0,0.0,1.0,Left,1,1,0.6275440976933514,0.7867001254705145,0,
3318.0,Marcus Rashford,England,2,2018,2020,low,0.5,0.7053990610328639,0.15179968701095461,0.08548579832705212,0,0.042283298097251586,0,0.09283941538744371,0,0.42825627355455465,1,0.05974813861568158,0,0.29138707601801633,0,1.0,0.0,Right,2,0,0.6585820895522388,0.7653701380175659,0,
26226.0,José Javier Barkero Saludes,Levante UD,2,2011,2012,low,0.5,0.7053990610328639,0.23513302034428796,0.07836198179979778,0,0.03875968992248062,0,0.08510279743849007,0,0.4759015840916751,2,0.054769127064374784,0,0.2671048196831816,0,0.0,1.0,Left,0,2,0.6902985074626866,0.7211417816813049,0,
26780.0,Guilherme Magdalena Siqueira,Granada,2,2011,2011,low,1.0,0.7887323943661971,0.15179968701095461,0.07836198179979778,0,0.03875968992248062,0,0.08510279743849007,0,0.39256825075834173,1,0.054769127064374784,0,0.350438153016515,1,0.0,1.0,Left,0,2,0.6902985074626866,0.8044751150146383,0,
3441.0,Nikola Vlašić,Croatia,2,2022,2022,low,1.0,0.7887323943661971,0.15179968701095461,0.07836198179979778,0,0.12209302325581395,1,0.08510279743849007,0,0.39256825075834173,1,0.054769127064374784,0,0.2671048196831816,0,1.0,0.0,Right,2,0,0.7419154228855721,0.7653701380175659,0,
3345.0,Charlie Daniels,AFC Bournemouth,2,2015,2015,low,1.0,0.7887323943661971,0.15179968701095461,0.07836198179979778,0,0.03875968992248062,0,0.1684361307718234,1,0.3092349174250084,0,0.054769127064374784,0,0.350438153016515,1,0.0,1.0,Left,0,2,0.6902985074626866,0.8044751150146383,0,
3193.0,Bernardo Mota Veiga de Carvalho e Silva,Portugal,2,2024,2024,low,1.0,0.7887323943661971,0.15179968701095461,0.07836198179979778,0,0.03875968992248062,0,0.1684361307718234,1,0.3092349174250084,0,0.054769127064374784,0,0.350438153016515,1,0.0,1.0,Left,2,0,0.7419154228855721,0.7653701380175659,0,
49439.0,Germán Gustavo Denis,Atalanta,2,2015,2015,low,0.5,0.7053990610328639,0.23513302034428796,0.07836198179979778,0,0.03875968992248062,0,0.1684361307718234,1,0.3092349174250084,0,0.054769127064374784,0,0.350438153016515,1,1.0,0.0,Right,0,2,0.6902985074626866,0.7211417816813049,0,
40252.0,Massimo Maccarone,Empoli,2,2003,2015,low,1.0,0.7887323943661971,0.15179968701095461,0.1616953151331311,1,0.03875968992248062,0,0.08510279743849007,0,0.3092349174250084,0,0.054769127064374784,0,0.350438153016515,1,1.0,0.0,Right,0,2,0.6902985074626866,0.8044751150146383,0,
40122.0,Oscar dos Santos Emboaba Júnior,Chelsea,2,2015,2015,low,0.5,0.7053990610328639,0.15179968701095461,0.08548579832705212,0,0.042283298097251586,0,0.09283941538744371,0,0.3373471826454637,0,0.05974813861568158,0,0.3822961669271072,1,1.0,0.0,Right,0,2,0.6902985074626866,0.7211417816813049,0,
64607.0,Zakhele Lerato Lepasa,South Africa,2,2023,2023,low,0.5,0.7053990610328639,0.15179968701095461,0.08548579832705212,0,0.042283298097251586,0,0.09283941538744371,0,0.42825627355455465,1,0.05974813861568158,0,0.29138707601801633,0,1.0,0.0,Right,2,0,0.6585820895522388,0.7653701380175659,0,
65732.0,Mothobi Mvala,South Africa,2,2023,2023,low,1.0,0.7887323943661971,0.15179968701095461,0.07836198179979778,0,0.03875968992248062,0,0.08510279743849007,0,0.4759015840916751,2,0.054769127064374784,0,0.2671048196831816,0,1.0,0.0,Right,2,0,0.7419154228855721,0.7653701380175659,1,0.5454545454545454
65733.0,Aubrey Maphosa Modiba,South Africa,2,2023,2023,low,0.5,0.7053990610328639,0.23513302034428796,0.07836198179979778,0,0.03875968992248062,0,0.08510279743849007,0,0.3092349174250084,0,0.054769127064374784,0,0.4337714863498483,2,0.0,1.0,Left,2,0,0.6585820895522388,0.7653701380175659,0,
66886.0,Mostafa Mohamed Ahmed Abdallah,Egypt,2,2023,2023,low,0.5,0.7053990610328639,0.15179968701095461,0.08548579832705212,0,0.042283298097251586,0,0.1837485062965346,1,0.3373471826454637,0,0.05974813861568158,0,0.29138707601801633,0,1.0,0.0,Right,1,1,0.6275440976933514,0.7867001254705145,0,
38524.0,Hiroshi Kiyotake,Hannover 96,2,2015,2015,low,1.0,0.7887323943661971,0.15179968701095461,0.07836198179979778,0,0.03875968992248062,0,0.08510279743849007,0,0.39256825075834173,1,0.054769127064374784,0,0.350438153016515,1,1.0,0.0,Right,0,2,0.6902985074626866,0.8044751150146383,0,
38641.0,Diego Armando Maradona,Napoli,2,1988,1988,low,1.0,0.7887323943661971,0.15179968701095461,0.07836198179979778,0,0.03875968992248062,0,0.08510279743849007,0,0.39256825075834173,1,0.054769127064374784,0,0.350438153016515,1,0.0,1.0,Left,0,2,0.6902985074626866,0.8044751150146383,0,
33234.0,Georges Mikautadze,Georgia,2,2024,2024,low,1.0,0.7887323943661971,0.15179968701095461,0.07836198179979778,0,0.03875968992248062,0,0.1684361307718234,1,0.3092349174250084,0,0.054769127064374784,0,0.350438153016515,1,1.0,0.0,Right,0,2,0.6902985074626866,0.8044751150146383,0,
36770.0,Mauricio Ricardo Pinilla Ferreira,Atalanta,2,2015,2015,low,0.0,0.6220657276995305,0.31846635367762127,0.07836198179979778,0,0.03875968992248062,0,0.08510279743849007,0,0.4759015840916751,2,0.054769127064374784,0,0.2671048196831816,0,1.0,0.0,Right,0,2,0.6902985074626866,0.6378084483479717,0,
28559.0,Enner Remberto Valencia Lastra,Ecuador,2,2022,2024,low,0.5,0.7053990610328639,0.15179968701095461,0.08548579832705212,0,0.042283298097251586,0,0.09283941538744371,0,0.3373471826454637,0,0.05974813861568158,0,0.3822961669271072,1,1.0,0.0,Right,0,2,0.6902985074626866,0.7211417816813049,0,
28268.0,Exequiel Alejandro Palacios,Bayer Leverkusen,2,2023,2023,low,1.0,0.7887323943661971,0.15179968701095461,0.1616953151331311,1,0.03875968992248062,0,0.08510279743849007,0,0.3092349174250084,0,0.054769127064374784,0,0.350438153016515,1,1.0,0.0,Right,0,2,0.6902985074626866,0.8044751150146383,0,
3478.0,Francesc Fàbregas i Soler,Chelsea,2,2015,2015,low,1.0,0.7887323943661971,0.15179968701095461,0.07836198179979778,0,0.03875968992248062,0,0.08510279743849007,0,0.39256825075834173,1,0.054769127064374784,0,0.350438153016515,1,1.0,0.0,Right,0,2,0.6902985074626866,0.8044751150146383,0,
3457.0,Michy Batshuayi Tunga,Marseille,2,2015,2015,low,1.0,0.7887323943661971,0.15179968701095461,0.07836198179979778,0,0.03875968992248062,0,0.08510279743849007,0,0.39256825075834173,1,0.054769127064374784,0,0.350438153016515,1,1.0,0.0,Right,0,2,0.6902985074626866,0.8044751150146383,0,
7044.0,Patrik Schick,Bayer Leverkusen,2,2020,2023,low,1.0,0.7887323943661971,0.15179968701095461,0.07836198179979778,0,0.03875968992248062,0,0.08510279743849007,0,0.4759015840916751,2,0.054769127064374784,0,0.2671048196831816,0,0.0,1.0,Left,0,2,0.6902985074626866,0.8044751150146383,0,
7294.0,Yoane Wissa,Congo DR,2,2023,2023,low,1.0,0.7887323943661971,0.15179968701095461,0.07836198179979778,0,0.03875968992248062,0,0.1684361307718234,1,0.39256825075834173,1,0.054769127064374784,0,0.2671048196831816,0,1.0,0.0,Right,1,1,0.7184531886024423,0.7867001254705145,1,0.5454545454545454
7173.0,Leonardo Bonucci,Italy,2,2020,2020,low,1.0,0.7887323943661971,0.15179968701095461,0.1616953151331311,1,0.03875968992248062,0,0.08510279743849007,0,0.3092349174250084,0,0.054769127064374784,0,0.350438153016515,1,1.0,0.0,Right,2,0,0.7419154228855721,0.7653701380175659,0,
7170.0,Simone Verdi,Carpi,2,2015,2015,low,1.0,0.7887323943661971,0.15179968701095461,0.07836198179979778,0,0.03875968992248062,0,0.08510279743849007,0,0.3092349174250084,0,0.054769127064374784,0,0.4337714863498483,2,1.0,0.0,Right,0,2,0.6902985074626866,0.8044751150146383,0,
7367.0,Grejohn Kyei,Clermont Foot,2,2015,2022,low,0.5,0.7053990610328639,0.15179968701095461,0.17639488923614302,1,0.042283298097251586,0,0.09283941538744371,0,0.3373471826454637,0,0.05974813861568158,0,0.29138707601801633,0,1.0,0.0,Right,0,2,0.6902985074626866,0.7211417816813049,0,
4913.0,Bojan Krkíc Pérez,Stoke City,2,2015,2015,low,1.0,0.7887323943661971,0.15179968701095461,0.1616953151331311,1,0.03875968992248062,0,0.1684361307718234,1,0.3092349174250084,0,0.054769127064374784,0,0.2671048196831816,0,1.0,0.0,Right,0,2,0.6902985074626866,0.8044751150146383,0,
5174.0,Sergei Ignashevich,Russia,2,2018,2018,low,1.0,0.7887323943661971,0.15179968701095461,0.07836198179979778,0,0.03875968992248062,0,0.1684361307718234,1,0.39256825075834173,1,0.054769127064374784,0,0.2671048196831816,0,1.0,0.0,Right,2,0,0.7419154228855721,0.7653701380175659,1,0.5454545454545454
7615.0,Abdul Majeed Waris,Lorient,2,2015,2015,low,1.0,0.7887323943661971,0.15179968701095461,0.07836198179979778,0,0.03875968992248062,0,0.08510279743849007,0,0.39256825075834173,1,0.054769127064374784,0,0.350438153016515,1,1.0,0.0,Right,0,2,0.6902985074626866,0.8044751150146383,0,
7777.0,Federico Bernardeschi,Italy,2,2020,2020,low,1.0,0.7887323943661971,0.15179968701095461,0.07836198179979778,0,0.03875968992248062,0,0.1684361307718234,1,0.3092349174250084,0,0.13810246039770813,1,0.2671048196831816,0,0.0,1.0,Left,2,0,0.7419154228855721,0.7653701380175659,0,
8575.0,Salomon Armand Magloire Kalou,Hertha Berlin,2,2015,2015,low,1.0,0.7887323943661971,0.15179968701095461,0.1616953151331311,1,0.03875968992248062,0,0.08510279743849007,0,0.3092349174250084,0,0.13810246039770813,1,0.2671048196831816,0,1.0,0.0,Right,0,2,0.6902985074626866,0.8044751150146383,0,
8644.0,Sergio Pellissier,Chievo,2,2015,2015,low,1.0,0.7887323943661971,0.15179968701095461,0.1616953151331311,1,0.03875968992248062,0,0.08510279743849007,0,0.3092349174250084,0,0.054769127064374784,0,0.350438153016515,1,1.0,0.0,Right,0,2,0.6902985074626866,0.8044751150146383,0,
8895.0,Pierre-Michel Lasogga,Hamburger SV,2,2015,2015,low,1.0,0.7887323943661971,0.15179968701095461,0.1616953151331311,1,0.03875968992248062,0,0.08510279743849007,0,0.39256825075834173,1,0.054769127064374784,0,0.2671048196831816,0,1.0,0.0,Right,0,2,0.6902985074626866,0.8044751150146383,0,
4275.0,Ross Barkley,Everton,2,2015,2015,low,1.0,0.7887323943661971,0.15179968701095461,0.07836198179979778,0,0.12209302325581395,1,0.08510279743849007,0,0.39256825075834173,1,0.054769127064374784,0,0.2671048196831816,0,1.0,0.0,Right,0,2,0.6902985074626866,0.8044751150146383,0,
8218.0,Arjen Robben,Bayern Munich,2,2011,2015,low,0.5,0.7053990610328639,0.23513302034428796,0.07836198179979778,0,0.03875968992248062,0,0.08510279743849007,0,0.39256825075834173,1,0.054769127064374784,0,0.350438153016515,1,0.0,1.0,Left,0,2,0.6902985074626866,0.7211417816813049,0,
5195.0,Artem Dzyuba,Russia,2,2018,2020,low,1.0,0.7887323943661971,0.15179968701095461,0.07836198179979778,0,0.12209302325581395,1,0.1684361307718234,1,0.3092349174250084,0,0.054769127064374784,0,0.2671048196831816,0,1.0,0.0,Right,0,2,0.6902985074626866,0.8044751150146383,0,
5194.0,Fyodor Smolov,Russia,2,2018,2018,low,0.5,0.7053990610328639,0.23513302034428796,0.07836198179979778,0,0.03875968992248062,0,0.08510279743849007,0,0.4759015840916751,2,0.054769127064374784,0,0.2671048196831816,0,1.0,0.0,Right,2,0,0.6585820895522388,0.7653701380175659,0,
8966.0,Kai Havertz,Germany,2,2024,2024,low,1.0,0.7887323943661971,0.15179968701095461,0.07836198179979778,0,0.03875968992248062,0,0.08510279743849007,0,0.39256825075834173,1,0.054769127064374784,0,0.350438153016515,1,0.0,1.0,Left,0,2,0.6902985074626866,0.8044751150146383,0,
8243.0,Daniel Didavi,VfB Stuttgart,2,2015,2015,low,1.0,0.7887323943661971,0.15179968701095461,0.07836198179979778,0,0.03875968992248062,0,0.08510279743849007,0,0.39256825075834173,1,0.054769127064374784,0,0.350438153016515,1,0.0,1.0,Left,0,2,0.6902985074626866,0.8044751150146383,0,
4041.0,José Salomón Rondón Giménez,Venezuela,2,2024,2024,low,1.0,0.7887323943661971,0.15179968701095461,0.07836198179979778,0,0.03875968992248062,0,0.08510279743849007,0,0.39256825075834173,1,0.054769127064374784,0,0.350438153016515,1,1.0,0.0,Right,1,1,0.7184531886024423,0.7867001254705145,0,
13613.0,Daniel Ciofani,Frosinone,2,2015,2015,low,1.0,0.7887323943661971,0.15179968701095461,0.07836198179979778,0,0.03875968992248062,0,0.08510279743849007,0,0.4759015840916751,2,0.054769127064374784,0,0.2671048196831816,0,1.0,0.0,Right,0,2,0.6902985074626866,0.8044751150146383,0,
16532.0,Daniel Olmo Carvajal,Spain,2,2020,2020,low,0.5,0.7053990610328639,0.15179968701095461,0.17639488923614302,1,0.042283298097251586,0,0.09283941538744371,0,0.3373471826454637,0,0.05974813861568158,0,0.29138707601801633,0,1.0,0.0,Right,2,0,0.6585820895522388,0.7653701380175659,0,
3604.0,Olivier Giroud,France,2,2015,2020,low,1.0,0.7887323943661971,0.15179968701095461,0.07836198179979778,0,0.03875968992248062,0,0.08510279743849007,0,0.3092349174250084,0,0.054769127064374784,0,0.4337714863498483,2,0.0,1.0,Left,1,1,0.7184531886024423,0.7867001254705145,0,
3625.0,Sofiane Boufal,Lille,2,2015,2015,low,1.0,0.7887323943661971,0.15179968701095461,0.07836198179979778,0,0.03875968992248062,0,0.08510279743849007,0,0.4759015840916751,2,0.054769127064374784,0,0.2671048196831816,0,1.0,0.0,Right,0,2,0.6902985074626866,0.8044751150146383,0,
19846.0,Antonio Di Natale,Udinese,2,2015,2015,low,0.5,0.7053990610328639,0.23513302034428796,0.07836198179979778,0,0.03875968992248062,0,0.08510279743849007,0,0.39256825075834173,1,0.054769127064374784,0,0.350438153016515,1,1.0,0.0,Right,0,2,0.6902985074626866,0.7211417816813049,0,
20135.0,Marcos Antonio Senna da Silva,Villarreal,2,2007,2007,low,1.0,0.7887323943661971,0.15179968701095461,0.07836198179979778,0,0.03875968992248062,0,0.08510279743849007,0,0.3092349174250084,0,0.13810246039770813,1,0.350438153016515,1,1.0,0.0,Right,0,2,0.6902985074626866,0.8044751150146383,0,
4254.0,Valentin Eysseric,Saint-Étienne,2,2015,2015,low,1.0,0.7887323943661971,0.15179968701095461,0.07836198179979778,0,0.03875968992248062,0,0.08510279743849007,0,0.39256825075834173,1,0.054769127064374784,0,0.350438153016515,1,1.0,0.0,Right,0,2,0.6902985074626866,0.8044751150146383,0,
4269.0,Aleksandar Mitrović,Newcastle United,2,2015,2015,low,1.0,0.7887323943661971,0.15179968701095461,0.07836198179979778,0,0.03875968992248062,0,0.08510279743849007,0,0.3092349174250084,0,0.054769127064374784,0,0.4337714863498483,2,1.0,0.0,Right,0,2,0.6902985074626866,0.8044751150146383,0,
10616.0,Mohamed Larbi,Gazélec Ajaccio,2,2015,2015,low,0.5,0.7053990610328639,0.15179968701095461,0.08548579832705212,0,0.042283298097251586,0,0.09283941538744371,0,0.3373471826454637,0,0.05974813861568158,0,0.3822961669271072,1,1.0,0.0,Right,0,2,0.6902985074626866,0.7211417816813049,0,
10287.0,İlkay Gündoğan,Germany,2,2012,2022,low,1.0,0.7887323943661971,0.15179968701095461,0.07836198179979778,0,0.03875968992248062,0,0.08510279743849007,0,0.3092349174250084,0,0.13810246039770813,1,0.350438153016515,1,1.0,0.0,Right,0,2,0.6902985074626866,0.8044751150146383,0,
4630.0,Saido Berahino,West Bromwich Albion,2,2015,2015,low,0.0,0.6220657276995305,0.31846635367762127,0.07836198179979778,0,0.03875968992248062,0,0.08510279743849007,0,0.39256825075834173,1,0.054769127064374784,0,0.350438153016515,1,1.0,0.0,Right,0,2,0.6902985074626866,0.6378084483479717,0,
4434.0,Thibault Giresse,Guingamp,2,2015,2015,low,1.0,0.7887323943661971,0.15179968701095461,0.07836198179979778,0,0.03875968992248062,0,0.08510279743849007,0,0.39256825075834173,1,0.054769127064374784,0,0.350438153016515,1,0.0,1.0,Left,0,2,0.6902985074626866,0.8044751150146383,0,
4412.0,Samuel Moutoussamy,Congo DR,2,2023,2023,low,1.0,0.7887323943661971,0.15179968701095461,0.1616953151331311,1,0.03875968992248062,0,0.08510279743849007,0,0.3092349174250084,0,0.054769127064374784,0,0.350438153016515,1,0.0,1.0,Left,2,0,0.7419154228855721,0.7653701380175659,0,
5559.0,Marco Reus,Borussia Dortmund,2,2015,2015,low,0.5,0.7053990610328639,0.23513302034428796,0.1616953151331311,1,0.03875968992248062,0,0.08510279743849007,0,0.39256825075834173,1,0.054769127064374784,0,0.2671048196831816,0,1.0,0.0,Right,0,2,0.6902985074626866,0.7211417816813049,0,
5470.0,Ivan Rakitić,Croatia,2,2018,2018,low,1.0,0.7887323943661971,0.15179968701095461,0.07836198179979778,0,0.03875968992248062,0,0.08510279743849007,0,0.4759015840916751,2,0.054769127064374784,0,0.2671048196831816,0,1.0,0.0,Right,2,0,0.7419154228855721,0.7653701380175659,0,
5469.0,Marcelo Brozović,Croatia,2,2018,2022,low,1.0,0.7887323943661971,0.15179968701095461,0.07836198179979778,0,0.12209302325581395,1,0.1684361307718234,1,0.3092349174250084,0,0.054769127064374784,0,0.2671048196831816,0,1.0,0.0,Right,2,0,0.7419154228855721,0.7653701380175659,0,
5477.0,Ousmane Dembélé,France,2,2015,2024,low,1.0,0.7887323943661971,0.15179968701095461,0.07836198179979778,0,0.03875968992248062,0,0.08510279743849007,0,0.3092349174250084,0,0.054769127064374784,0,0.4337714863498483,2,1.0,0.0,Right,1,1,0.7184531886024423,0.7867001254705145,0,
5510.0,Lucas Rodrigo Biglia,Lazio,2,2015,2015,low,1.0,0.7887323943661971,0.15179968701095461,0.07836198179979778,0,0.12209302325581395,1,0.08510279743849007,0,0.39256825075834173,1,0.054769127064374784,0,0.2671048196831816,0,1.0,0.0,Right,0,2,0.6902985074626866,0.8044751150146383,0,
6973.0,Edin Džeko,AS Roma,2,2015,2015,low,1.0,0.7887323943661971,0.15179968701095461,0.07836198179979778,0,0.03875968992248062,0,0.08510279743849007,0,0.39256825075834173,1,0.13810246039770813,1,0.2671048196831816,0,1.0,0.0,Right,0,2,0.6902985074626866,0.8044751150146383,0,
5489.0,Mile Jedinak,Australia,2,2018,2018,low,1.0,0.7887323943661971,0.15179968701095461,0.07836198179979778,0,0.03875968992248062,0,0.08510279743849007,0,0.3092349174250084,0,0.054769127064374784,0,0.4337714863498483,2,1.0,0.0,Right,0,2,0.6902985074626866,0.8044751150146383,0,
5260.0,Rodrigo Bentancur Colmán,Uruguay,2,2024,2024,low,1.0,0.7887323943661971,0.15179968701095461,0.1616953151331311,1,0.03875968992248062,0,0.08510279743849007,0,0.3092349174250084,0,0.054769127064374784,0,0.350438153016515,1,1.0,0.0,Right,2,0,0.7419154228855721,0.7653701380175659,0,
5245.0,Achraf Hakimi Mouh,Morocco,2,2022,2023,low,0.5,0.7053990610328639,0.15179968701095461,0.08548579832705212,0,0.042283298097251586,0,0.09283941538744371,0,0.3373471826454637,0,0.1506572295247725,1,0.29138707601801633,0,1.0,0.0,Right,1,1,0.7184531886024423,0.6957910345614237,0,
5203.0,Sergio Busquets i Burgos,Spain,2,2020,2022,low,0.0,0.6220657276995305,0.23513302034428796,0.08548579832705212,0,0.042283298097251586,0,0.09283941538744371,0,0.42825627355455465,1,0.05974813861568158,0,0.29138707601801633,0,1.0,0.0,Right,2,0,0.5752487562189055,0.7653701380175659,1,0.45454545454545453
7037.0,Lorenzo Insigne,Napoli,2,2015,2015,low,1.0,0.7887323943661971,0.15179968701095461,0.07836198179979778,0,0.03875968992248062,0,0.08510279743849007,0,0.4759015840916751,2,0.054769127064374784,0,0.2671048196831816,0,1.0,0.0,Right,0,2,0.6902985074626866,0.8044751150146383,0,
7039.0,Hakan Çalhanoğlu,Bayer Leverkusen,2,2015,2015,low,0.5,0.7053990610328639,0.15179968701095461,0.08548579832705212,0,0.042283298097251586,0,0.09283941538744371,0,0.3373471826454637,0,0.05974813861568158,0,0.3822961669271072,1,1.0,0.0,Right,0,2,0.6902985074626866,0.7211417816813049,0,
7025.0,Marek Hamšík,Napoli,2,2015,2015,low,0.5,0.7053990610328639,0.15179968701095461,0.08548579832705212,0,0.042283298097251586,0,0.1837485062965346,1,0.3373471826454637,0,0.05974813861568158,0,0.29138707601801633,0,1.0,0.0,Right,0,2,0.6902985074626866,0.7211417816813049,0,
7024.0,Jorge Luiz Frello Filho,Italy,2,2020,2020,low,0.5,0.7053990610328639,0.23513302034428796,0.07836198179979778,0,0.03875968992248062,0,0.08510279743849007,0,0.39256825075834173,1,0.054769127064374784,0,0.350438153016515,1,1.0,0.0,Right,2,0,0.6585820895522388,0.7653701380175659,0,
7023.0,Franck Yannick Kessié,Côte d'Ivoire,2,2023,2023,low,1.0,0.7887323943661971,0.15179968701095461,0.07836198179979778,0,0.03875968992248062,0,0.1684361307718234,1,0.3092349174250084,0,0.054769127064374784,0,0.350438153016515,1,1.0,0.0,Right,1,1,0.7184531886024423,0.7867001254705145,0,
6987.0,Mauro Emanuel Icardi Rivero,Inter Milan,2,2015,2015,low,0.5,0.7053990610328639,0.15179968701095461,0.08548579832705212,0,0.042283298097251586,0,0.09283941538744371,0,0.3373471826454637,0,0.05974813861568158,0,0.3822961669271072,1,1.0,0.0,Right,0,2,0.6902985074626866,0.7211417816813049,0,
5258.0,Giorgian Daniel De Arrascaeta Benedetti,Uruguay,2,2024,2024,low,1.0,0.7887323943661971,0.15179968701095461,0.1616953151331311,1,0.12209302325581395,1,0.08510279743849007,0,0.3092349174250084,0,0.054769127064374784,0,0.2671048196831816,0,1.0,0.0,Right,2,0,0.7419154228855721,0.7653701380175659,0,
5217.0,Iago Aspas Juncal,Spain,2,2015,2018,low,0.5,0.7053990610328639,0.23513302034428796,0.07836198179979778,0,0.03875968992248062,0,0.08510279743849007,0,0.3092349174250084,0,0.13810246039770813,1,0.350438153016515,1,0.0,1.0,Left,1,1,0.6275440976933514,0.7867001254705145,1,0.45454545454545453
6685.0,Mikel Oyarzabal Ugarte,Spain,2,2019,2020,low,1.0,0.7887323943661971,0.15179968701095461,0.07836198179979778,0,0.03875968992248062,0,0.08510279743849007,0,0.3092349174250084,0,0.13810246039770813,1,0.350438153016515,1,0.0,1.0,Left,1,1,0.7184531886024423,0.7867001254705145,0,
6690.0,Xabier Prieto Argarate,Real Sociedad,2,2010,2015,low,1.0,0.7887323943661971,0.15179968701095461,0.07836198179979778,0,0.2054263565891473,2,0.08510279743849007,0,0.3092349174250084,0,0.054769127064374784,0,0.2671048196831816,0,1.0,0.0,Right,0,2,0.6902985074626866,0.8044751150146383,0,
6773.0,Federico Santiago Valverde Dipetta,Uruguay,2,2024,2024,low,1.0,0.7887323943661971,0.15179968701095461,0.07836198179979778,0,0.03875968992248062,0,0.08510279743849007,0,0.4759015840916751,2,0.054769127064374784,0,0.2671048196831816,0,1.0,0.0,Right,2,0,0.7419154228855721,0.7653701380175659,0,
6862.0,Cédric Bakambu,Congo DR,2,2023,2023,low,0.5,0.7053990610328639,0.15179968701095461,0.08548579832705212,0,0.13319238900634248,1,0.09283941538744371,0,0.3373471826454637,0,0.05974813861568158,0,0.29138707601801633,0,1.0,0.0,Right,1,1,0.7184531886024423,0.6957910345614237,0,
6724.0,Manuel Agudo Durán,Celta Vigo,2,2015,2015,low,0.5,0.7053990610328639,0.23513302034428796,0.07836198179979778,0,0.03875968992248062,0,0.08510279743849007,0,0.4759015840916751,2,0.054769127064374784,0,0.2671048196831816,0,1.0,0.0,Right,0,2,0.6902985074626866,0.7211417816813049,0,
5834.0,Mario Gavranović,Switzerland,2,2020,2020,low,1.0,0.7887323943661971,0.15179968701095461,0.24502864846646444,2,0.03875968992248062,0,0.08510279743849007,0,0.3092349174250084,0,0.054769127064374784,0,0.2671048196831816,0,1.0,0.0,Right,2,0,0.7419154228855721,0.7653701380175659,0,
383250.0,Moise Bombito,Canada,2,2024,2024,low,1.0,0.7887323943661971,0.15179968701095461,0.07836198179979778,0,0.03875968992248062,0,0.08510279743849007,0,0.3092349174250084,0,0.054769127064374784,0,0.4337714863498483,2,1.0,0.0,Right,2,0,0.7419154228855721,0.7653701380175659,0,
5607.0,Andreas Granqvist,Sweden,2,2018,2018,low,1.0,0.7887323943661971,0.15179968701095461,0.1616953151331311,1,0.03875968992248062,0,0.08510279743849007,0,0.3092349174250084,0,0.054769127064374784,0,0.350438153016515,1,1.0,0.0,Right,0,2,0.6902985074626866,0.8044751150146383,0,
5661.0,M''Baye Babacar Niang,AC Milan,2,2015,2015,low,1.0,0.7887323943661971,0.15179968701095461,0.07836198179979778,0,0.12209302325581395,1,0.1684361307718234,1,0.3092349174250084,0,0.054769127064374784,0,0.2671048196831816,0,1.0,0.0,Right,0,2,0.6902985074626866,0.8044751150146383,0,
133229.0,Ismael Koné,Canada,2,2024,2024,low,0.5,0.7053990610328639,0.23513302034428796,0.07836198179979778,0,0.03875968992248062,0,0.08510279743849007,0,0.4759015840916751,2,0.054769127064374784,0,0.2671048196831816,0,1.0,0.0,Right,2,0,0.6585820895522388,0.7653701380175659,0,
3022.0,Fallou Diagne,Rennes,2,2015,2015,low,1.0,0.7887323943661971,0.15179968701095461,0.07836198179979778,0,0.03875968992248062,0,0.1684361307718234,1,0.39256825075834173,1,0.054769127064374784,0,0.2671048196831816,0,1.0,0.0,Right,0,2,0.6902985074626866,0.8044751150146383,0,
3044.0,Chancel Mbemba Mangulu,Congo DR,2,2023,2023,low,0.5,0.7053990610328639,0.23513302034428796,0.07836198179979778,0,0.03875968992248062,0,0.08510279743849007,0,0.39256825075834173,1,0.054769127064374784,0,0.350438153016515,1,1.0,0.0,Right,2,0,0.6585820895522388,0.7653701380175659,1,0.45454545454545453
3002.0,Benjamin Nivet,Troyes,2,2015,2015,low,1.0,0.7887323943661971,0.15179968701095461,0.1616953151331311,1,0.03875968992248062,0,0.08510279743849007,0,0.39256825075834173,1,0.054769127064374784,0,0.2671048196831816,0,1.0,0.0,Right,0,2,0.6902985074626866,0.8044751150146383,0,
2950.0,Jonas Martin,Montpellier,2,2015,2015,low,1.0,0.7887323943661971,0.15179968701095461,0.07836198179979778,0,0.03875968992248062,0,0.08510279743849007,0,0.39256825075834173,1,0.054769127064374784,0,0.350438153016515,1,1.0,0.0,Right,0,2,0.6902985074626866,0.8044751150146383,0,
401505.0,Jacques Zoua Daogari,Gazélec Ajaccio,1,2015,2015,low,1.0,0.7695262483994878,0.16559965855740505,0.08548579832705212,0,0.042283298097251586,0,0.09283941538744371,0,0.3373471826454637,0,0.05974813861568158,0,0.3822961669271072,1,1.0,0.0,Right,0,1,0.6902985074626866,0.7867001254705145,0,
3235.0,Ludovic Blas,Nantes,1,2021,2021,low,1.0,0.7695262483994878,0.16559965855740505,0.08548579832705212,0,0.13319238900634248,1,0.09283941538744371,0,0.3373471826454637,0,0.05974813861568158,0,0.29138707601801633,0,0.0,1.0,Left,0,1,0.6902985074626866,0.7867001254705145,0,
3213.0,Jimmy Briand,Guingamp,1,2015,2015,low,0.0,0.6786171574903969,0.25650874946649593,0.08548579832705212,0,0.042283298097251586,0,0.09283941538744371,0,0.42825627355455465,1,0.05974813861568158,0,0.29138707601801633,0,1.0,0.0,Right,0,1,0.6902985074626866,0.6957910345614237,0,
3198.0,Moussa Niakhate,Senegal,1,2023,2023,low,0.0,0.6786171574903969,0.16559965855740505,0.09403437815975733,0,0.046511627906976744,0,0.10212335692618808,0,0.3710819009100101,0,0.06572295247724974,0,0.320525783619818,0,0.0,1.0,Left,1,0,0.6275440976933514,0.7653701380175659,0,
3196.0,Wahbi Khazri,Bordeaux,1,2015,2015,low,0.0,0.6786171574903969,0.25650874946649593,0.08548579832705212,0,0.042283298097251586,0,0.09283941538744371,0,0.42825627355455465,1,0.05974813861568158,0,0.29138707601801633,0,1.0,0.0,Right,0,1,0.6902985074626866,0.6957910345614237,0,
3179.0,Nolan Roux,Saint-Étienne,1,2015,2015,low,1.0,0.7695262483994878,0.16559965855740505,0.08548579832705212,0,0.042283298097251586,0,0.09283941538744371,0,0.3373471826454637,0,0.05974813861568158,0,0.3822961669271072,1,1.0,0.0,Right,0,1,0.6902985074626866,0.7867001254705145,0,
3090.0,Nicolás Hernán Otamendi,Argentina,1,2024,2024,low,1.0,0.7695262483994878,0.16559965855740505,0.08548579832705212,0,0.042283298097251586,0,0.09283941538744371,0,0.42825627355455465,1,0.05974813861568158,0,0.29138707601801633,0,1.0,0.0,Right,1,0,0.7184531886024423,0.7653701380175659,0,
3087.0,Gnégnéri Yaya Touré,Manchester City,1,2015,2015,low,1.0,0.7695262483994878,0.16559965855740505,0.08548579832705212,0,0.042283298097251586,0,0.09283941538744371,0,0.42825627355455465,1,0.05974813861568158,0,0.29138707601801633,0,1.0,0.0,Right,0,1,0.6902985074626866,0.7867001254705145,0,
3085.0,Glenn Murray,AFC Bournemouth,1,2015,2015,low,0.0,0.6786171574903969,0.25650874946649593,0.08548579832705212,0,0.042283298097251586,0,0.09283941538744371,0,0.3373471826454637,0,0.05974813861568158,0,0.3822961669271072,1,1.0,0.0,Right,0,1,0.6902985074626866,0.6957910345614237,0,
3078.0,Abdoul Razzagui Camara,Angers,1,2015,2015,low,0.0,0.6786171574903969,0.25650874946649593,0.17639488923614302,1,0.042283298097251586,0,0.09283941538744371,0,0.3373471826454637,0,0.05974813861568158,0,0.29138707601801633,0,0.0,1.0,Left,0,1,0.6902985074626866,0.6957910345614237,0,
3058.0,Javier Hernández Balcázar,Bayer Leverkusen,1,2015,2015,low,1.0,0.7695262483994878,0.16559965855740505,0.08548579832705212,0,0.042283298097251586,0,0.09283941538744371,0,0.3373471826454637,0,0.05974813861568158,0,0.3822961669271072,1,1.0,0.0,Right,0,1,0.6902985074626866,0.7867001254705145,0,
41092.0,Nuno Mendes,Portugal,1,2024,2024,low,1.0,0.7695262483994878,0.16559965855740505,0.08548579832705212,0,0.042283298097251586,0,0.1837485062965346,1,0.3373471826454637,0,0.05974813861568158,0,0.29138707601801633,0,0.0,1.0,Left,1,0,0.7184531886024423,0.7653701380175659,1,0.5454545454545454
40761.0,Omar Marmoush,Egypt,1,2023,2023,low,1.0,0.7695262483994878,0.16559965855740505,0.17639488923614302,1,0.042283298097251586,0,0.09283941538744371,0,0.3373471826454637,0,0.05974813861568158,0,0.29138707601801633,0,1.0,0.0,Right,1,0,0.7184531886024423,0.7653701380175659,0,
40724.0,Florian Wirtz,Bayer Leverkusen,1,2023,2023,low,1.0,0.7695262483994878,0.16559965855740505,0.17639488923614302,1,0.042283298097251586,0,0.09283941538744371,0,0.3373471826454637,0,0.05974813861568158,0,0.29138707601801633,0,1.0,0.0,Right,0,1,0.6902985074626866,0.7867001254705145,0,
40699.0,Sylvain Armand,Rennes,1,2015,2015,low,0.0,0.6786171574903969,0.25650874946649593,0.08548579832705212,0,0.042283298097251586,0,0.09283941538744371,0,0.42825627355455465,1,0.05974813861568158,0,0.29138707601801633,0,0.0,1.0,Left,0,1,0.6902985074626866,0.6957910345614237,0,
40485.0,Ryan Isaac Mendes da Graça,Cape Verde Islands,1,2023,2023,low,1.0,0.7695262483994878,0.16559965855740505,0.08548579832705212,0,0.042283298097251586,0,0.09283941538744371,0,0.3373471826454637,0,0.1506572295247725,1,0.29138707601801633,0,1.0,0.0,Right,0,1,0.6902985074626866,0.7867001254705145,0,
40375.0,Paolo Di Canio,Charlton Athletic,1,2003,2003,low,1.0,0.7695262483994878,0.16559965855740505,0.08548579832705212,0,0.13319238900634248,1,0.09283941538744371,0,0.3373471826454637,0,0.05974813861568158,0,0.29138707601801633,0,1.0,0.0,Right,0,1,0.6902985074626866,0.7867001254705145,0,
5830.0,Kenneth Josiah Omeruo,Nigeria,1,2023,2023,low,1.0,0.7695262483994878,0.16559965855740505,0.08548579832705212,0,0.042283298097251586,0,0.09283941538744371,0,0.42825627355455465,1,0.05974813861568158,0,0.29138707601801633,0,1.0,0.0,Right,1,0,0.7184531886024423,0.7653701380175659,0,
5695.0,James David Rodríguez Rubio,Colombia,1,2024,2024,low,1.0,0.7695262483994878,0.16559965855740505,0.08548579832705212,0,0.042283298097251586,0,0.1837485062965346,1,0.3373471826454637,0,0.05974813861568158,0,0.29138707601801633,0,0.0,1.0,Left,0,1,0.6902985074626866,0.7867001254705145,0,
5689.0,Juan Guillermo Cuadrado Bello,Colombia,1,2018,2018,low,1.0,0.7695262483994878,0.16559965855740505,0.17639488923614302,1,0.042283298097251586,0,0.09283941538744371,0,0.3373471826454637,0,0.05974813861568158,0,0.29138707601801633,0,1.0,0.0,Right,1,0,0.7184531886024423,0.7653701380175659,0,
5684.0,Shinji Kagawa,Japan,1,2018,2018,low,1.0,0.7695262483994878,0.16559965855740505,0.08548579832705212,0,0.042283298097251586,0,0.09283941538744371,0,0.3373471826454637,0,0.05974813861568158,0,0.3822961669271072,1,1.0,0.0,Right,0,1,0.6902985074626866,0.7867001254705145,0,
5675.0,Kalidou Koulibaly,Senegal,1,2023,2023,low,1.0,0.7695262483994878,0.16559965855740505,0.08548579832705212,0,0.042283298097251586,0,0.1837485062965346,1,0.3373471826454637,0,0.05974813861568158,0,0.29138707601801633,0,1.0,0.0,Right,1,0,0.7184531886024423,0.7653701380175659,0,
5650.0,Ferjani Sassi,Tunisia,1,2018,2018,low,1.0,0.7695262483994878,0.16559965855740505,0.08548579832705212,0,0.042283298097251586,0,0.09283941538744371,0,0.42825627355455465,1,0.05974813861568158,0,0.29138707601801633,0,1.0,0.0,Right,0,1,0.6902985074626866,0.7867001254705145,0,
5625.0,Emil Peter Forsberg,Sweden,1,2020,2020,low,1.0,0.7695262483994878,0.16559965855740505,0.08548579832705212,0,0.042283298097251586,0,0.09283941538744371,0,0.3373471826454637,0,0.05974813861568158,0,0.3822961669271072,1,1.0,0.0,Right,0,1,0.6902985074626866,0.7867001254705145,0,
5596.0,Aleksandar Kolarov,Manchester City,1,2015,2015,low,0.0,0.6786171574903969,0.16559965855740505,0.09403437815975733,0,0.046511627906976744,0,0.10212335692618808,0,0.3710819009100101,0,0.06572295247724974,0,0.320525783619818,0,0.0,1.0,Left,0,1,0.6902985074626866,0.6957910345614237,0,
5592.0,Bryan Ruiz González,Costa Rica,1,2018,2018,low,0.0,0.6786171574903969,0.16559965855740505,0.09403437815975733,0,0.046511627906976744,0,0.10212335692618808,0,0.3710819009100101,0,0.06572295247724974,0,0.320525783619818,0,0.0,1.0,Left,0,1,0.6902985074626866,0.6957910345614237,0,
5591.0,Filip Kostić,VfB Stuttgart,1,2015,2015,low,1.0,0.7695262483994878,0.16559965855740505,0.08548579832705212,0,0.042283298097251586,0,0.09283941538744371,0,0.42825627355455465,1,0.05974813861568158,0,0.29138707601801633,0,0.0,1.0,Left,0,1,0.6902985074626866,0.7867001254705145,0,
133003.0,Mihlali Samson Mayambela,South Africa,1,2023,2023,low,1.0,0.7695262483994878,0.16559965855740505,0.08548579832705212,0,0.042283298097251586,0,0.09283941538744371,0,0.3373471826454637,0,0.05974813861568158,0,0.3822961669271072,1,1.0,0.0,Right,1,0,0.7184531886024423,0.7653701380175659,1,0.5454545454545454
128881.0,Cristóvão Paciência Mabululo,Angola,1,2023,2023,low,1.0,0.7695262483994878,0.16559965855740505,0.08548579832705212,0,0.042283298097251586,0,0.09283941538744371,0,0.42825627355455465,1,0.05974813861568158,0,0.29138707601801633,0,1.0,0.0,Right,0,1,0.6902985074626866,0.7867001254705145,0,
127300.0,Geny Cipriano Catamo,Mozambique,1,2023,2023,low,1.0,0.7695262483994878,0.16559965855740505,0.08548579832705212,0,0.042283298097251586,0,0.09283941538744371,0,0.3373471826454637,0,0.05974813861568158,0,0.3822961669271072,1,0.0,1.0,Left,0,1,0.6902985074626866,0.7867001254705145,0,
123625.0,Alan Steve Minda García,Ecuador,1,2024,2024,low,0.0,0.6786171574903969,0.25650874946649593,0.08548579832705212,0,0.042283298097251586,0,0.09283941538744371,0,0.42825627355455465,1,0.05974813861568158,0,0.29138707601801633,0,1.0,0.0,Right,1,0,0.6275440976933514,0.7653701380175659,1,0.45454545454545453
123554.0,Jordy Josué Caicedo Medina,Ecuador,1,2024,2024,low,1.0,0.7695262483994878,0.16559965855740505,0.08548579832705212,0,0.042283298097251586,0,0.09283941538744371,0,0.3373471826454637,0,0.1506572295247725,1,0.29138707601801633,0,1.0,0.0,Right,1,0,0.7184531886024423,0.7653701380175659,1,0.5454545454545454
105946.0,Henoc Inonga Baka,Congo DR,1,2023,2023,low,1.0,0.7695262483994878,0.16559965855740505,0.08548579832705212,0,0.042283298097251586,0,0.09283941538744371,0,0.42825627355455465,1,0.05974813861568158,0,0.29138707601801633,0,1.0,0.0,Right,1,0,0.7184531886024423,0.7653701380175659,0,
6630.0,Jorge Molina Vidal,Real Betis,1,2013,2013,low,1.0,0.7695262483994878,0.16559965855740505,0.17639488923614302,1,0.042283298097251586,0,0.09283941538744371,0,0.3373471826454637,0,0.05974813861568158,0,0.29138707601801633,0,1.0,0.0,Right,0,1,0.6902985074626866,0.7867001254705145,0,
6624.0,Jorge Franco Alviz,Espanyol,1,2015,2015,low,0.0,0.6786171574903969,0.25650874946649593,0.08548579832705212,0,0.042283298097251586,0,0.09283941538744371,0,0.3373471826454637,0,0.05974813861568158,0,0.3822961669271072,1,1.0,0.0,Right,0,1,0.6902985074626866,0.6957910345614237,0,
6600.0,Claudio Beauvue,Lyon,1,2015,2015,low,1.0,0.7695262483994878,0.16559965855740505,0.08548579832705212,0,0.042283298097251586,0,0.09283941538744371,0,0.3373471826454637,0,0.05974813861568158,0,0.3822961669271072,1,1.0,0.0,Right,0,1,0.6902985074626866,0.7867001254705145,0,
6583.0,Carlos Soler Barragán,Spain,1,2022,2022,low,0.0,0.6786171574903969,0.25650874946649593,0.08548579832705212,0,0.042283298097251586,0,0.09283941538744371,0,0.3373471826454637,0,0.05974813861568158,0,0.3822961669271072,1,1.0,0.0,Right,1,0,0.6275440976933514,0.7653701380175659,1,0.45454545454545453
6581.0,Jonathan Rodríguez Menéndez,Sporting Gijón,1,2015,2015,low,0.0,0.6786171574903969,0.25650874946649593,0.08548579832705212,0,0.042283298097251586,0,0.09283941538744371,0,0.42825627355455465,1,0.05974813861568158,0,0.29138707601801633,0,0.0,1.0,Left,0,1,0.6902985074626866,0.6957910345614237,0,
6574.0,Douglas Luiz Soares de Paulo,Brazil,1,2024,2024,low,0.0,0.6786171574903969,0.16559965855740505,0.09403437815975733,0,0.046511627906976744,0,0.10212335692618808,0,0.3710819009100101,0,0.06572295247724974,0,0.320525783619818,0,1.0,0.0,Right,1,0,0.6275440976933514,0.7653701380175659,1,0.45454545454545453
6384.0,Gabriel Fernández Arenas,Atlético Madrid,1,2015,2015,low,1.0,0.7695262483994878,0.16559965855740505,0.17639488923614302,1,0.042283298097251586,0,0.09283941538744371,0,0.3373471826454637,0,0.05974813861568158,0,0.29138707601801633,0,1.0,0.0,Right,1,0,0.7184531886024423,0.7653701380175659,1,0.5454545454545454
6375.0,Juan Francisco Torres Belén,Atlético Madrid,1,2015,2015,low,0.0,0.6786171574903969,0.16559965855740505,0.09403437815975733,0,0.046511627906976744,0,0.10212335692618808,0,0.3710819009100101,0,0.06572295247724974,0,0.320525783619818,0,1.0,0.0,Right,1,0,0.6275440976933514,0.7653701380175659,1,0.45454545454545453
6356.0,Michael Krohn-Dehli,Denmark,1,2018,2018,low,1.0,0.7695262483994878,0.16559965855740505,0.08548579832705212,0,0.042283298097251586,0,0.09283941538744371,0,0.42825627355455465,1,0.05974813861568158,0,0.29138707601801633,0,1.0,0.0,Right,1,0,0.7184531886024423,0.7653701380175659,0,
6334.0,Luis Fernando Muriel Fruto,Colombia,1,2018,2018,low,1.0,0.7695262483994878,0.16559965855740505,0.08548579832705212,0,0.042283298097251586,0,0.09283941538744371,0,0.3373471826454637,0,0.05974813861568158,0,0.3822961669271072,1,1.0,0.0,Right,1,0,0.7184531886024423,0.7653701380175659,0,
6333.0,Miguel Ángel Borja Hernández,Colombia,1,2024,2024,low,1.0,0.7695262483994878,0.16559965855740505,0.08548579832705212,0,0.042283298097251586,0,0.09283941538744371,0,0.3373471826454637,0,0.05974813861568158,0,0.3822961669271072,1,1.0,0.0,Right,0,1,0.6902985074626866,0.7867001254705145,0,
6308.0,Josip Pivarić,Croatia,1,2018,2018,low,0.0,0.6786171574903969,0.25650874946649593,0.08548579832705212,0,0.042283298097251586,0,0.09283941538744371,0,0.42825627355455465,1,0.05974813861568158,0,0.29138707601801633,0,0.0,1.0,Left,1,0,0.6275440976933514,0.7653701380175659,0,
6305.0,Milan Badelj,Croatia,1,2018,2018,low,0.0,0.6786171574903969,0.25650874946649593,0.08548579832705212,0,0.042283298097251586,0,0.09283941538744371,0,0.3373471826454637,0,0.1506572295247725,1,0.29138707601801633,0,1.0,0.0,Right,1,0,0.6275440976933514,0.7653701380175659,0,
6297.0,Maximiliano Gómez González,Valencia,1,2019,2019,low,0.0,0.6786171574903969,0.25650874946649593,0.08548579832705212,0,0.042283298097251586,0,0.09283941538744371,0,0.3373471826454637,0,0.05974813861568158,0,0.3822961669271072,1,1.0,0.0,Right,0,1,0.6902985074626866,0.6957910345614237,0,
6193.0,Andrés Mateus Uribe Villa,Colombia,1,2018,2018,low,0.0,0.6786171574903969,0.16559965855740505,0.09403437815975733,0,0.046511627906976744,0,0.10212335692618808,0,0.3710819009100101,0,0.06572295247724974,0,0.320525783619818,0,1.0,0.0,Right,1,0,0.6275440976933514,0.7653701380175659,1,0.45454545454545453
6038.0,John Guidetti,Celta Vigo,1,2015,2015,low,1.0,0.7695262483994878,0.16559965855740505,0.08548579832705212,0,0.042283298097251586,0,0.09283941538744371,0,0.42825627355455465,1,0.05974813861568158,0,0.29138707601801633,0,1.0,0.0,Right,0,1,0.6902985074626866,0.7867001254705145,0,
6880.0,Arnaldo Antonio Sanabria Ayala,Sporting Gijón,1,2015,2015,low,1.0,0.7695262483994878,0.16559965855740505,0.08548579832705212,0,0.042283298097251586,0,0.09283941538744371,0,0.3373471826454637,0,0.05974813861568158,0,0.3822961669271072,1,1.0,0.0,Right,0,1,0.6902985074626866,0.7867001254705145,0,
6879.0,Alberto Bueno Calvo,Rayo Vallecano,1,2014,2014,low,1.0,0.7695262483994878,0.16559965855740505,0.08548579832705212,0,0.13319238900634248,1,0.09283941538744371,0,0.3373471826454637,0,0.05974813861568158,0,0.29138707601801633,0,1.0,0.0,Right,0,1,0.6902985074626866,0.7867001254705145,0,
6859.0,Nicola Sansone,Sassuolo,1,2015,2015,low,0.0,0.6786171574903969,0.25650874946649593,0.08548579832705212,0,0.042283298097251586,0,0.09283941538744371,0,0.3373471826454637,0,0.05974813861568158,0,0.3822961669271072,1,1.0,0.0,Right,0,1,0.6902985074626866,0.6957910345614237,0,
6846.0,Andreas Hoelgebaum Pereira,Brazil,1,2024,2024,low,1.0,0.7695262483994878,0.16559965855740505,0.08548579832705212,0,0.042283298097251586,0,0.09283941538744371,0,0.42825627355455465,1,0.05974813861568158,0,0.29138707601801633,0,1.0,0.0,Right,1,0,0.7184531886024423,0.7653701380175659,1,0.5454545454545454
6775.0,Daniel García Carrillo,Eibar,1,2015,2015,low,0.0,0.6786171574903969,0.25650874946649593,0.08548579832705212,0,0.042283298097251586,0,0.09283941538744371,0,0.42825627355455465,1,0.05974813861568158,0,0.29138707601801633,0,1.0,0.0,Right,0,1,0.6902985074626866,0.6957910345614237,0,
6765.0,Rodrigo Hernández Cascante,Spain,1,2020,2020,low,0.0,0.6786171574903969,0.25650874946649593,0.08548579832705212,0,0.042283298097251586,0,0.09283941538744371,0,0.3373471826454637,0,0.05974813861568158,0,0.3822961669271072,1,1.0,0.0,Right,1,0,0.6275440976933514,0.7653701380175659,0,
6760.0,Enes Ünal,Getafe,1,2020,2020,low,1.0,0.7695262483994878,0.16559965855740505,0.08548579832705212,0,0.042283298097251586,0,0.09283941538744371,0,0.42825627355455465,1,0.05974813861568158,0,0.29138707601801633,0,1.0,0.0,Right,0,1,0.6902985074626866,0.7867001254705145,0,
6748.0,Ferrán Torres García,Spain,1,2022,2022,low,1.0,0.7695262483994878,0.16559965855740505,0.08548579832705212,0,0.042283298097251586,0,0.09283941538744371,0,0.42825627355455465,1,0.05974813861568158,0,0.29138707601801633,0,1.0,0.0,Right,0,1,0.6902985074626866,0.7867001254705145,0,
6732.0,Lucas Pérez Martínez,RC Deportivo La Coruña,1,2015,2015,low,1.0,0.7695262483994878,0.16559965855740505,0.08548579832705212,0,0.042283298097251586,0,0.09283941538744371,0,0.3373471826454637,0,0.05974813861568158,0,0.3822961669271072,1,0.0,1.0,Left,0,1,0.6902985074626866,0.7867001254705145,0,
6720.0,Pablo Sarabia García,Spain,1,2022,2022,low,0.0,0.6786171574903969,0.16559965855740505,0.09403437815975733,0,0.046511627906976744,0,0.10212335692618808,0,0.3710819009100101,0,0.06572295247724974,0,0.320525783619818,0,0.0,1.0,Left,1,0,0.6275440976933514,0.7653701380175659,1,0.45454545454545453
6719.0,Franco Damián Vázquez,Palermo,1,2015,2015,low,1.0,0.7695262483994878,0.16559965855740505,0.08548579832705212,0,0.042283298097251586,0,0.1837485062965346,1,0.3373471826454637,0,0.05974813861568158,0,0.29138707601801633,0,0.0,1.0,Left,0,1,0.6902985074626866,0.7867001254705145,0,
6717.0,Johannes Geis,Schalke 04,1,2015,2015,low,1.0,0.7695262483994878,0.16559965855740505,0.08548579832705212,0,0.042283298097251586,0,0.09283941538744371,0,0.42825627355455465,1,0.05974813861568158,0,0.29138707601801633,0,1.0,0.0,Right,0,1,0.6902985074626866,0.7867001254705145,0,
6707.0,Charles Días Barbosa de Oliveira,Málaga,1,2015,2015,low,1.0,0.7695262483994878,0.16559965855740505,0.08548579832705212,0,0.042283298097251586,0,0.09283941538744371,0,0.42825627355455465,1,0.05974813861568158,0,0.29138707601801633,0,1.0,0.0,Right,0,1,0.6902985074626866,0.7867001254705145,0,
6704.0,Theo Bernard François Hernández,France,1,2024,2024,low,1.0,0.7695262483994878,0.16559965855740505,0.17639488923614302,1,0.042283298097251586,0,0.09283941538744371,0,0.3373471826454637,0,0.05974813861568158,0,0.29138707601801633,0,0.0,1.0,Left,1,0,0.7184531886024423,0.7653701380175659,0,
6673.0,Sergio Canales Madrazo,Real Betis,1,2019,2019,low,1.0,0.7695262483994878,0.16559965855740505,0.08548579832705212,0,0.042283298097251586,0,0.09283941538744371,0,0.42825627355455465,1,0.05974813861568158,0,0.29138707601801633,0,0.0,1.0,Left,0,1,0.6902985074626866,0.7867001254705145,0,
6661.0,Ryad Boudebouz,Montpellier,1,2015,2015,low,0.0,0.6786171574903969,0.16559965855740505,0.09403437815975733,0,0.046511627906976744,0,0.10212335692618808,0,0.3710819009100101,0,0.06572295247724974,0,0.320525783619818,0,0.0,1.0,Left,0,1,0.6902985074626866,0.6957910345614237,0,
5504.0,Éver Maximiliano David Banega,Sevilla,1,2015,2015,low,1.0,0.7695262483994878,0.16559965855740505,0.08548579832705212,0,0.042283298097251586,0,0.09283941538744371,0,0.42825627355455465,1,0.05974813861568158,0,0.29138707601801633,0,1.0,0.0,Right,0,1,0.6902985074626866,0.7867001254705145,0,
5481.0,Mathew Leckie,Ingolstadt,1,2015,2015,low,0.0,0.6786171574903969,0.25650874946649593,0.08548579832705212,0,0.042283298097251586,0,0.09283941538744371,0,0.3373471826454637,0,0.05974813861568158,0,0.3822961669271072,1,1.0,0.0,Right,0,1,0.6902985074626866,0.6957910345614237,0,
5472.0,Mario Mandžukić,Atlético Madrid,1,2014,2014,low,1.0,0.7695262483994878,0.16559965855740505,0.08548579832705212,0,0.13319238900634248,1,0.09283941538744371,0,0.3373471826454637,0,0.05974813861568158,0,0.29138707601801633,0,1.0,0.0,Right,0,1,0.6902985074626866,0.7867001254705145,0,
5468.0,Domagoj Vida,Croatia,1,2018,2018,low,1.0,0.7695262483994878,0.16559965855740505,0.17639488923614302,1,0.042283298097251586,0,0.09283941538744371,0,0.3373471826454637,0,0.05974813861568158,0,0.29138707601801633,0,1.0,0.0,Right,1,0,0.7184531886024423,0.7653701380175659,0,
5456.0,Mateo Kovačić,Croatia,1,2018,2018,low,0.0,0.6786171574903969,0.25650874946649593,0.08548579832705212,0,0.042283298097251586,0,0.09283941538744371,0,0.3373471826454637,0,0.05974813861568158,0,0.3822961669271072,1,1.0,0.0,Right,1,0,0.6275440976933514,0.7653701380175659,0,
5570.0,Manuel Neuer,Bayern Munich,1,2011,2011,low,1.0,0.7695262483994878,0.16559965855740505,0.08548579832705212,0,0.042283298097251586,0,0.09283941538744371,0,0.42825627355455465,1,0.05974813861568158,0,0.29138707601801633,0,1.0,0.0,Right,1,0,0.7184531886024423,0.7653701380175659,0,
5565.0,Mario Gómez García,Bayern Munich,1,2011,2011,low,1.0,0.7695262483994878,0.16559965855740505,0.08548579832705212,0,0.042283298097251586,0,0.09283941538744371,0,0.3373471826454637,0,0.05974813861568158,0,0.3822961669271072,1,1.0,0.0,Right,1,0,0.7184531886024423,0.7653701380175659,0,
5560.0,Carlos Alberto Vela Garrido,Mexico,1,2018,2018,low,1.0,0.7695262483994878,0.16559965855740505,0.08548579832705212,0,0.042283298097251586,0,0.1837485062965346,1,0.3373471826454637,0,0.05974813861568158,0,0.29138707601801633,0,0.0,1.0,Left,0,1,0.6902985074626866,0.7867001254705145,0,
5552.0,Marcelo Vieira da Silva Júnior,Real Madrid,1,2015,2015,low,1.0,0.7695262483994878,0.16559965855740505,0.08548579832705212,0,0.042283298097251586,0,0.09283941538744371,0,0.3373471826454637,0,0.05974813861568158,0,0.3822961669271072,1,0.0,1.0,Left,1,0,0.7184531886024423,0.7653701380175659,0,
5543.0,Haris Seferović,Eintracht Frankfurt,1,2015,2015,low,1.0,0.7695262483994878,0.16559965855740505,0.08548579832705212,0,0.042283298097251586,0,0.09283941538744371,0,0.3373471826454637,0,0.05974813861568158,0,0.3822961669271072,1,0.0,1.0,Left,0,1,0.6902985074626866,0.7867001254705145,0,
5539.0,Carlos Henrique Casimiro,Brazil,1,2022,2022,low,1.0,0.7695262483994878,0.16559965855740505,0.08548579832705212,0,0.042283298097251586,0,0.09283941538744371,0,0.42825627355455465,1,0.05974813861568158,0,0.29138707601801633,0,1.0,0.0,Right,1,0,0.7184531886024423,0.7653701380175659,1,0.5454545454545454
5534.0,Simon Thorup Kjær,Denmark,1,2018,2018,low,1.0,0.7695262483994878,0.16559965855740505,0.08548579832705212,0,0.042283298097251586,0,0.1837485062965346,1,0.3373471826454637,0,0.05974813861568158,0,0.29138707601801633,0,1.0,0.0,Right,1,0,0.7184531886024423,0.7653701380175659,0,
5522.0,Nicolai Jørgensen,Denmark,1,2018,2018,low,0.0,0.6786171574903969,0.25650874946649593,0.08548579832705212,0,0.042283298097251586,0,0.09283941538744371,0,0.3373471826454637,0,0.05974813861568158,0,0.3822961669271072,1,1.0,0.0,Right,1,0,0.6275440976933514,0.7653701380175659,1,0.45454545454545453
5520.0,Lasse Schöne,Denmark,1,2018,2018,low,0.0,0.6786171574903969,0.25650874946649593,0.08548579832705212,0,0.042283298097251586,0,0.09283941538744371,0,0.42825627355455465,1,0.05974813861568158,0,0.29138707601801633,0,1.0,0.0,Right,1,0,0.6275440976933514,0.7653701380175659,1,0.45454545454545453
5519.0,Christian Alberto Cueva Bravo,Peru,1,2018,2018,low,0.0,0.6786171574903969,0.16559965855740505,0.09403437815975733,0,0.046511627906976744,0,0.10212335692618808,0,0.3710819009100101,0,0.06572295247724974,0,0.320525783619818,0,1.0,0.0,Right,0,1,0.6902985074626866,0.6957910345614237,0,
5514.0,Alfreð Finnbogason,Augsburg,1,2015,2015,low,1.0,0.7695262483994878,0.16559965855740505,0.08548579832705212,0,0.042283298097251586,0,0.1837485062965346,1,0.3373471826454637,0,0.05974813861568158,0,0.29138707601801633,0,1.0,0.0,Right,0,1,0.6902985074626866,0.7867001254705145,0,
7105.0,Fabián Ariel Orellana Valenzuela,Celta Vigo,1,2015,2015,low,1.0,0.7695262483994878,0.16559965855740505,0.08548579832705212,0,0.042283298097251586,0,0.09283941538744371,0,0.3373471826454637,0,0.05974813861568158,0,0.3822961669271072,1,1.0,0.0,Right,0,1,0.6902985074626866,0.7867001254705145,0,
5259.0,José María Giménez de Vargas,Uruguay,1,2024,2024,low,0.0,0.6786171574903969,0.25650874946649593,0.08548579832705212,0,0.042283298097251586,0,0.09283941538744371,0,0.3373471826454637,0,0.05974813861568158,0,0.3822961669271072,1,1.0,0.0,Right,1,0,0.6275440976933514,0.7653701380175659,0,
5237.0,Hakim Ziyech,Morocco,1,2022,2022,low,1.0,0.7695262483994878,0.16559965855740505,0.08548579832705212,0,0.042283298097251586,0,0.09283941538744371,0,0.3373471826454637,0,0.1506572295247725,1,0.29138707601801633,0,0.0,1.0,Left,1,0,0.7184531886024423,0.7653701380175659,0,
5231.0,Karim Ansarifard,Iran,1,2018,2018,low,1.0,0.7695262483994878,0.16559965855740505,0.08548579832705212,0,0.042283298097251586,0,0.1837485062965346,1,0.3373471826454637,0,0.05974813861568158,0,0.29138707601801633,0,1.0,0.0,Right,0,1,0.6902985074626866,0.7867001254705145,0,
5226.0,Mehdi Taremi,Iran,1,2022,2022,low,1.0,0.7695262483994878,0.16559965855740505,0.08548579832705212,0,0.042283298097251586,0,0.09283941538744371,0,0.3373471826454637,0,0.05974813861568158,0,0.3822961669271072,1,1.0,0.0,Right,0,1,0.6902985074626866,0.7867001254705145,0,
5216.0,Andrés Iniesta Luján,Spain,1,2018,2018,low,1.0,0.7695262483994878,0.16559965855740505,0.08548579832705212,0,0.042283298097251586,0,0.1837485062965346,1,0.3373471826454637,0,0.05974813861568158,0,0.29138707601801633,0,1.0,0.0,Right,1,0,0.7184531886024423,0.7653701380175659,0,
5213.0,Gerard Piqué Bernabéu,Spain,1,2018,2018,low,1.0,0.7695262483994878,0.16559965855740505,0.08548579832705212,0,0.042283298097251586,0,0.09283941538744371,0,0.42825627355455465,1,0.05974813861568158,0,0.29138707601801633,0,1.0,0.0,Right,1,0,0.7184531886024423,0.7653701380175659,0,
5208.0,Thiago Alcântara do Nascimento,Spain,1,2020,2020,low,1.0,0.7695262483994878,0.16559965855740505,0.08548579832705212,0,0.042283298097251586,0,0.09283941538744371,0,0.42825627355455465,1,0.05974813861568158,0,0.29138707601801633,0,1.0,0.0,Right,1,0,0.7184531886024423,0.7653701380175659,0,
7038.0,Manuel Locatelli,Italy,1,2020,2020,low,0.0,0.6786171574903969,0.25650874946649593,0.08548579832705212,0,0.042283298097251586,0,0.09283941538744371,0,0.42825627355455465,1,0.05974813861568158,0,0.29138707601801633,0,1.0,0.0,Right,1,0,0.6275440976933514,0.7653701380175659,0,
7033.0,Nikola Kalinić,Fiorentina,1,2015,2015,low,0.0,0.6786171574903969,0.25650874946649593,0.08548579832705212,0,0.042283298097251586,0,0.09283941538744371,0,0.3373471826454637,0,0.05974813861568158,0,0.3822961669271072,1,1.0,0.0,Right,0,1,0.6902985074626866,0.6957910345614237,0,
7011.0,Fabio Quagliarella,Torino,1,2015,2015,low,1.0,0.7695262483994878,0.16559965855740505,0.08548579832705212,0,0.042283298097251586,0,0.09283941538744371,0,0.42825627355455465,1,0.05974813861568158,0,0.29138707601801633,0,1.0,0.0,Right,0,1,0.6902985074626866,0.7867001254705145,0,
6947.0,Miralem Pjanić,AS Roma,1,2015,2015,low,1.0,0.7695262483994878,0.16559965855740505,0.08548579832705212,0,0.042283298097251586,0,0.09283941538744371,0,0.42825627355455465,1,0.05974813861568158,0,0.29138707601801633,0,1.0,0.0,Right,0,1,0.6902985074626866,0.7867001254705145,0,
6930.0,Jonathan Calleri,Las Palmas,1,2017,2017,low,1.0,0.7695262483994878,0.16559965855740505,0.08548579832705212,0,0.042283298097251586,0,0.1837485062965346,1,0.3373471826454637,0,0.05974813861568158,0,0.29138707601801633,0,1.0,0.0,Right,0,1,0.6902985074626866,0.7867001254705145,0,
6907.0,Pedro León Sánchez Gil,Getafe,1,2015,2015,low,0.0,0.6786171574903969,0.16559965855740505,0.09403437815975733,0,0.046511627906976744,0,0.10212335692618808,0,0.3710819009100101,0,0.06572295247724974,0,0.320525783619818,0,1.0,0.0,Right,0,1,0.6902985074626866,0.6957910345614237,0,
6891.0,Ezequiel Marcelo Garay,Racing Santander,1,2006,2006,low,0.0,0.6786171574903969,0.25650874946649593,0.08548579832705212,0,0.042283298097251586,0,0.09283941538744371,0,0.42825627355455465,1,0.05974813861568158,0,0.29138707601801633,0,1.0,0.0,Right,0,1,0.6902985074626866,0.6957910345614237,0,
5506.0,Javier Alejandro Mascherano,Barcelona,1,2016,2016,low,1.0,0.7695262483994878,0.16559965855740505,0.08548579832705212,0,0.13319238900634248,1,0.09283941538744371,0,0.3373471826454637,0,0.05974813861568158,0,0.29138707601801633,0,1.0,0.0,Right,0,1,0.6902985074626866,0.7867001254705145,0,
7891.0,Teun Koopmeiners,Netherlands,1,2022,2022,low,1.0,0.7695262483994878,0.16559965855740505,0.08548579832705212,0,0.042283298097251586,0,0.09283941538744371,0,0.3373471826454637,0,0.05974813861568158,0,0.3822961669271072,1,0.0,1.0,Left,1,0,0.7184531886024423,0.7653701380175659,0,
7829.0,Wout Weghorst,Netherlands,1,2022,2022,low,1.0,0.7695262483994878,0.16559965855740505,0.08548579832705212,0,0.042283298097251586,0,0.09283941538744371,0,0.42825627355455465,1,0.05974813861568158,0,0.29138707601801633,0,1.0,0.0,Right,1,0,0.7184531886024423,0.7653701380175659,1,0.5454545454545454
7781.0,Felipe Salvador Caicedo Corozo,Espanyol,1,2015,2015,low,0.0,0.6786171574903969,0.25650874946649593,0.08548579832705212,0,0.042283298097251586,0,0.09283941538744371,0,0.3373471826454637,0,0.05974813861568158,0,0.3822961669271072,1,0.0,1.0,Left,0,1,0.6902985074626866,0.6957910345614237,0,
7745.0,Steven Berghuis,Netherlands,1,2022,2022,low,0.0,0.6786171574903969,0.25650874946649593,0.08548579832705212,0,0.042283298097251586,0,0.09283941538744371,0,0.3373471826454637,0,0.05974813861568158,0,0.3822961669271072,1,0.0,1.0,Left,1,0,0.6275440976933514,0.7653701380175659,0,
7696.0,Ryder Matos Santos,Carpi,1,2015,2015,low,0.0,0.6786171574903969,0.25650874946649593,0.08548579832705212,0,0.042283298097251586,0,0.09283941538744371,0,0.3373471826454637,0,0.05974813861568158,0,0.3822961669271072,1,1.0,0.0,Right,0,1,0.6902985074626866,0.6957910345614237,0,
7693.0,Bruno Petković,Croatia,1,2024,2024,low,0.0,0.6786171574903969,0.25650874946649593,0.08548579832705212,0,0.042283298097251586,0,0.09283941538744371,0,0.42825627355455465,1,0.05974813861568158,0,0.29138707601801633,0,1.0,0.0,Right,0,1,0.6902985074626866,0.6957910345614237,0,
7475.0,Tomás Eduardo Rincón Hernández,Venezuela,1,2024,2024,low,1.0,0.7695262483994878,0.16559965855740505,0.08548579832705212,0,0.042283298097251586,0,0.09283941538744371,0,0.3373471826454637,0,0.1506572295247725,1,0.29138707601801633,0,1.0,0.0,Right,1,0,0.7184531886024423,0.7653701380175659,0,
7456.0,Diego Perotti,Genoa,1,2015,2015,low,1.0,0.7695262483994878,0.16559965855740505,0.08548579832705212,0,0.042283298097251586,0,0.09283941538744371,0,0.3373471826454637,0,0.05974813861568158,0,0.3822961669271072,1,1.0,0.0,Right,0,1,0.6902985074626866,0.7867001254705145,0,
7363.0,Diego Rigonato Rodrigues,Stade de Reims,1,2015,2015,low,1.0,0.7695262483994878,0.16559965855740505,0.08548579832705212,0,0.042283298097251586,0,0.1837485062965346,1,0.3373471826454637,0,0.05974813861568158,0,0.29138707601801633,0,0.0,1.0,Left,0,1,0.6902985074626866,0.7867001254705145,0,
7349.0,Gaël Danic,Bastia,1,2015,2015,low,1.0,0.7695262483994878,0.16559965855740505,0.08548579832705212,0,0.042283298097251586,0,0.09283941538744371,0,0.3373471826454637,0,0.1506572295247725,1,0.29138707601801633,0,0.0,1.0,Left,0,1,0.6902985074626866,0.7867001254705145,0,
7219.0,Florian Tardieu,Troyes,1,2021,2021,low,1.0,0.7695262483994878,0.16559965855740505,0.08548579832705212,0,0.13319238900634248,1,0.09283941538744371,0,0.3373471826454637,0,0.05974813861568158,0,0.29138707601801633,0,1.0,0.0,Right,0,1,0.6902985074626866,0.7867001254705145,0,
7171.0,Fabio Borini,Sunderland,1,2015,2015,low,1.0,0.7695262483994878,0.16559965855740505,0.08548579832705212,0,0.042283298097251586,0,0.09283941538744371,0,0.42825627355455465,1,0.05974813861568158,0,0.29138707601801633,0,1.0,0.0,Right,0,1,0.6902985074626866,0.7867001254705145,0,
7150.0,Riccardo Saponara,Empoli,1,2015,2015,low,0.0,0.6786171574903969,0.25650874946649593,0.08548579832705212,0,0.042283298097251586,0,0.09283941538744371,0,0.3373471826454637,0,0.1506572295247725,1,0.29138707601801633,0,1.0,0.0,Right,0,1,0.6902985074626866,0.6957910345614237,0,
7141.0,Giuseppe Rossi,Levante UD,1,2015,2015,low,1.0,0.7695262483994878,0.16559965855740505,0.08548579832705212,0,0.042283298097251586,0,0.09283941538744371,0,0.42825627355455465,1,0.05974813861568158,0,0.29138707601801633,0,0.0,1.0,Left,0,1,0.6902985074626866,0.7867001254705145,0,
7130.0,Cheick Tidiane Diabaté,Bordeaux,1,2015,2015,low,1.0,0.7695262483994878,0.16559965855740505,0.08548579832705212,0,0.042283298097251586,0,0.09283941538744371,0,0.42825627355455465,1,0.05974813861568158,0,0.29138707601801633,0,1.0,0.0,Right,0,1,0.6902985074626866,0.7867001254705145,0,
7125.0,Khouma El Hadji Babacar,Fiorentina,1,2015,2015,low,1.0,0.7695262483994878,0.16559965855740505,0.08548579832705212,0,0.042283298097251586,0,0.1837485062965346,1,0.3373471826454637,0,0.05974813861568158,0,0.29138707601801633,0,1.0,0.0,Right,0,1,0.6902985074626866,0.7867001254705145,0,
8219.0,Admir Mehmedi,Switzerland,1,2020,2020,low,1.0,0.7695262483994878,0.16559965855740505,0.08548579832705212,0,0.042283298097251586,0,0.09283941538744371,0,0.3373471826454637,0,0.05974813861568158,0,0.3822961669271072,1,1.0,0.0,Right,1,0,0.7184531886024423,0.7653701380175659,0,
8217.0,Kingsley Coman,France,1,2022,2022,low,0.0,0.6786171574903969,0.25650874946649593,0.08548579832705212,0,0.042283298097251586,0,0.09283941538744371,0,0.42825627355455465,1,0.05974813861568158,0,0.29138707601801633,0,1.0,0.0,Right,1,0,0.6275440976933514,0.7653701380175659,1,0.45454545454545453
8093.0,Diego Falcinelli,Sassuolo,1,2015,2015,low,1.0,0.7695262483994878,0.16559965855740505,0.08548579832705212,0,0.042283298097251586,0,0.09283941538744371,0,0.42825627355455465,1,0.05974813861568158,0,0.29138707601801633,0,0.0,1.0,Left,0,1,0.6902985074626866,0.7867001254705145,0,
7979.0,Przemysław Frankowski,Lens,1,2022,2022,low,1.0,0.7695262483994878,0.16559965855740505,0.08548579832705212,0,0.042283298097251586,0,0.09283941538744371,0,0.42825627355455465,1,0.05974813861568158,0,0.29138707601801633,0,1.0,0.0,Right,0,1,0.6902985074626866,0.7867001254705145,0,
5200.0,Lucas Vázquez Iglesias,Real Madrid,1,2015,2015,low,1.0,0.7695262483994878,0.16559965855740505,0.08548579832705212,0,0.042283298097251586,0,0.09283941538744371,0,0.3373471826454637,0,0.05974813861568158,0,0.3822961669271072,1,1.0,0.0,Right,1,0,0.7184531886024423,0.7653701380175659,0,
5199.0,Jorge Resurrección Merodio,Spain,1,2018,2018,low,0.0,0.6786171574903969,0.25650874946649593,0.08548579832705212,0,0.042283298097251586,0,0.09283941538744371,0,0.42825627355455465,1,0.05974813861568158,0,0.29138707601801633,0,1.0,0.0,Right,1,0,0.6275440976933514,0.7653701380175659,0,
5190.0,Fahad Mosaed Al Muwallad Al Harbi,Saudi Arabia,1,2018,2018,low,0.0,0.6786171574903969,0.25650874946649593,0.08548579832705212,0,0.042283298097251586,0,0.09283941538744371,0,0.42825627355455465,1,0.05974813861568158,0,0.29138707601801633,0,1.0,0.0,Right,0,1,0.6902985074626866,0.6957910345614237,0,
5187.0,Salem Mohammed Al Dawsari,Saudi Arabia,1,2022,2022,low,0.0,0.6786171574903969,0.25650874946649593,0.08548579832705212,0,0.042283298097251586,0,0.09283941538744371,0,0.42825627355455465,1,0.05974813861568158,0,0.29138707601801633,0,1.0,0.0,Right,0,1,0.6902985074626866,0.6957910345614237,0,
5186.0,Denis Cheryshev,Russia,1,2018,2018,low,1.0,0.7695262483994878,0.16559965855740505,0.08548579832705212,0,0.042283298097251586,0,0.09283941538744371,0,0.3373471826454637,0,0.1506572295247725,1,0.29138707601801633,0,0.0,1.0,Left,1,0,0.7184531886024423,0.7653701380175659,0,
5180.0,Alan Dzagoev,Russia,1,2018,2018,low,1.0,0.7695262483994878,0.16559965855740505,0.08548579832705212,0,0.042283298097251586,0,0.09283941538744371,0,0.3373471826454637,0,0.05974813861568158,0,0.3822961669271072,1,1.0,0.0,Right,1,0,0.7184531886024423,0.7653701380175659,0,
5179.0,Daler Kuzyaev,Russia,1,2018,2018,low,1.0,0.7695262483994878,0.16559965855740505,0.08548579832705212,0,0.042283298097251586,0,0.09283941538744371,0,0.42825627355455465,1,0.05974813861568158,0,0.29138707601801633,0,1.0,0.0,Right,1,0,0.7184531886024423,0.7653701380175659,1,0.5454545454545454
5178.0,Salman Mohammed Al Faraj,Saudi Arabia,1,2018,2018,low,1.0,0.7695262483994878,0.16559965855740505,0.17639488923614302,1,0.042283298097251586,0,0.09283941538744371,0,0.3373471826454637,0,0.05974813861568158,0,0.29138707601801633,0,0.0,1.0,Left,0,1,0.6902985074626866,0.7867001254705145,0,
5177.0,Aleksandr Golovin,Russia,1,2018,2018,low,1.0,0.7695262483994878,0.16559965855740505,0.08548579832705212,0,0.042283298097251586,0,0.09283941538744371,0,0.42825627355455465,1,0.05974813861568158,0,0.29138707601801633,0,1.0,0.0,Right,1,0,0.7184531886024423,0.7653701380175659,0,
5170.0,Mário Figueira Fernandes,Russia,1,2018,2018,low,0.0,0.6786171574903969,0.16559965855740505,0.09403437815975733,0,0.046511627906976744,0,0.10212335692618808,0,0.3710819009100101,0,0.06572295247724974,0,0.320525783619818,0,1.0,0.0,Right,1,0,0.6275440976933514,0.7653701380175659,0,
4939.0,Joris Kayembe Ditu,Congo DR,1,2023,2023,low,1.0,0.7695262483994878,0.16559965855740505,0.08548579832705212,0,0.042283298097251586,0,0.09283941538744371,0,0.3373471826454637,0,0.1506572295247725,1,0.29138707601801633,0,0.0,1.0,Left,1,0,0.7184531886024423,0.7653701380175659,1,0.5454545454545454
7900.0,Tiago Manuel Dias Correia,Cape Verde Islands,1,2023,2023,low,0.0,0.6786171574903969,0.25650874946649593,0.08548579832705212,0,0.042283298097251586,0,0.09283941538744371,0,0.42825627355455465,1,0.05974813861568158,0,0.29138707601801633,0,1.0,0.0,Right,1,0,0.6275440976933514,0.7653701380175659,0,
8871.0,Marco Borriello,Atalanta,1,2015,2015,low,1.0,0.7695262483994878,0.16559965855740505,0.08548579832705212,0,0.042283298097251586,0,0.09283941538744371,0,0.42825627355455465,1,0.05974813861568158,0,0.29138707601801633,0,0.0,1.0,Left,0,1,0.6902985074626866,0.7867001254705145,0,
8810.0,Raffael Caetano de Araújo,Borussia Mönchengladbach,1,2015,2015,low,1.0,0.7695262483994878,0.16559965855740505,0.08548579832705212,0,0.042283298097251586,0,0.1837485062965346,1,0.3373471826454637,0,0.05974813861568158,0,0.29138707601801633,0,1.0,0.0,Right,0,1,0.6902985074626866,0.7867001254705145,0,
8806.0,Lars Edi Stindl,Borussia Mönchengladbach,1,2015,2015,low,0.0,0.6786171574903969,0.25650874946649593,0.08548579832705212,0,0.042283298097251586,0,0.09283941538744371,0,0.3373471826454637,0,0.05974813861568158,0,0.3822961669271072,1,1.0,0.0,Right,0,1,0.6902985074626866,0.6957910345614237,0,
8776.0,Takumi Minamino,Japan,1,2022,2022,low,0.0,0.6786171574903969,0.25650874946649593,0.08548579832705212,0,0.042283298097251586,0,0.09283941538744371,0,0.3373471826454637,0,0.05974813861568158,0,0.3822961669271072,1,1.0,0.0,Right,1,0,0.6275440976933514,0.7653701380175659,1,0.45454545454545453
8679.0,Yunus Mallı,FSV Mainz 05,1,2015,2015,low,1.0,0.7695262483994878,0.16559965855740505,0.17639488923614302,1,0.042283298097251586,0,0.09283941538744371,0,0.3373471826454637,0,0.05974813861568158,0,0.29138707601801633,0,1.0,0.0,Right,0,1,0.6902985074626866,0.7867001254705145,0,
8675.0,Jonathan de Guzmán,Carpi,1,2015,2015,low,1.0,0.7695262483994878,0.16559965855740505,0.08548579832705212,0,0.042283298097251586,0,0.09283941538744371,0,0.3373471826454637,0,0.05974813861568158,0,0.3822961669271072,1,1.0,0.0,Right,0,1,0.6902985074626866,0.7867001254705145,0,
8673.0,Sébastien Haller,Côte d'Ivoire,1,2023,2023,low,1.0,0.7695262483994878,0.16559965855740505,0.17639488923614302,1,0.042283298097251586,0,0.09283941538744371,0,0.3373471826454637,0,0.05974813861568158,0,0.29138707601801633,0,1.0,0.0,Right,1,0,0.7184531886024423,0.7653701380175659,0,
8523.0,Yevhen Konoplyanka,Sevilla,1,2015,2015,low,1.0,0.7695262483994878,0.16559965855740505,0.08548579832705212,0,0.042283298097251586,0,0.09283941538744371,0,0.42825627355455465,1,0.05974813861568158,0,0.29138707601801633,0,1.0,0.0,Right,0,1,0.6902985074626866,0.7867001254705145,0,
8469.0,Jean-Christophe Bahebeck,Saint-Étienne,1,2015,2015,low,0.0,0.6786171574903969,0.16559965855740505,0.09403437815975733,0,0.046511627906976744,0,0.10212335692618808,0,0.3710819009100101,0,0.06572295247724974,0,0.320525783619818,0,1.0,0.0,Right,0,1,0.6902985074626866,0.6957910345614237,0,
8454.0,Mohamed Bayo,Guinea,1,2023,2023,low,1.0,0.7695262483994878,0.16559965855740505,0.08548579832705212,0,0.042283298097251586,0,0.1837485062965346,1,0.3373471826454637,0,0.05974813861568158,0,0.29138707601801633,0,1.0,0.0,Right,0,1,0.6902985074626866,0.7867001254705145,0,
8420.0,Luca Cigarini,Atalanta,1,2015,2015,low,1.0,0.7695262483994878,0.16559965855740505,0.08548579832705212,0,0.042283298097251586,0,0.09283941538744371,0,0.42825627355455465,1,0.05974813861568158,0,0.29138707601801633,0,1.0,0.0,Right,0,1,0.6902985074626866,0.7867001254705145,0,
8419.0,Duje Čop,Málaga,1,2015,2015,low,1.0,0.7695262483994878,0.16559965855740505,0.08548579832705212,0,0.042283298097251586,0,0.1837485062965346,1,0.3373471826454637,0,0.05974813861568158,0,0.29138707601801633,0,1.0,0.0,Right,0,1,0.6902985074626866,0.7867001254705145,0,
8404.0,Eugen Polanski,Hoffenheim,1,2015,2015,low,0.0,0.6786171574903969,0.16559965855740505,0.09403437815975733,0,0.046511627906976744,0,0.10212335692618808,0,0.3710819009100101,0,0.06572295247724974,0,0.320525783619818,0,1.0,0.0,Right,0,1,0.6902985074626866,0.6957910345614237,0,
8402.0,Aron Jóhannsson,Werder Bremen,1,2015,2015,low,1.0,0.7695262483994878,0.16559965855740505,0.08548579832705212,0,0.042283298097251586,0,0.09283941538744371,0,0.3373471826454637,0,0.05974813861568158,0,0.3822961669271072,1,1.0,0.0,Right,0,1,0.6902985074626866,0.7867001254705145,0,
8322.0,André Hahn,Borussia Mönchengladbach,1,2015,2015,low,1.0,0.7695262483994878,0.16559965855740505,0.08548579832705212,0,0.042283298097251586,0,0.09283941538744371,0,0.42825627355455465,1,0.05974813861568158,0,0.29138707601801633,0,1.0,0.0,Right,0,1,0.6902985074626866,0.7867001254705145,0,
8308.0,Aaron Hunt,Hamburger SV,1,2015,2015,low,1.0,0.7695262483994878,0.16559965855740505,0.08548579832705212,0,0.042283298097251586,0,0.09283941538744371,0,0.3373471826454637,0,0.1506572295247725,1,0.29138707601801633,0,0.0,1.0,Left,0,1,0.6902985074626866,0.7867001254705145,0,
9554.0,Steven Fletcher,Marseille,1,2015,2015,low,0.0,0.6786171574903969,0.25650874946649593,0.08548579832705212,0,0.042283298097251586,0,0.09283941538744371,0,0.3373471826454637,0,0.05974813861568158,0,0.3822961669271072,1,0.0,1.0,Left,0,1,0.6902985074626866,0.6957910345614237,0,
9485.0,Craig Gardner,West Bromwich Albion,1,2015,2015,low,0.0,0.6786171574903969,0.25650874946649593,0.17639488923614302,1,0.042283298097251586,0,0.09283941538744371,0,0.3373471826454637,0,0.05974813861568158,0,0.29138707601801633,0,1.0,0.0,Right,0,1,0.6902985074626866,0.6957910345614237,0,
9409.0,Daniel Ginczek,VfB Stuttgart,1,2015,2015,low,1.0,0.7695262483994878,0.16559965855740505,0.08548579832705212,0,0.13319238900634248,1,0.09283941538744371,0,0.3373471826454637,0,0.05974813861568158,0,0.29138707601801633,0,1.0,0.0,Right,0,1,0.6902985074626866,0.7867001254705145,0,
9178.0,Felix Kroos,Werder Bremen,1,2015,2015,low,0.0,0.6786171574903969,0.16559965855740505,0.09403437815975733,0,0.046511627906976744,0,0.10212335692618808,0,0.3710819009100101,0,0.06572295247724974,0,0.320525783619818,0,1.0,0.0,Right,0,1,0.6902985074626866,0.6957910345614237,0,
9103.0,Lukas Hinterseer,Ingolstadt,1,2015,2015,low,1.0,0.7695262483994878,0.16559965855740505,0.08548579832705212,0,0.042283298097251586,0,0.09283941538744371,0,0.3373471826454637,0,0.05974813861568158,0,0.3822961669271072,1,1.0,0.0,Right,0,1,0.6902985074626866,0.7867001254705145,0,
4900.0,Paul-Georges Ntep de Madiba,Rennes,1,2015,2015,low,0.0,0.6786171574903969,0.25650874946649593,0.08548579832705212,0,0.042283298097251586,0,0.09283941538744371,0,0.42825627355455465,1,0.05974813861568158,0,0.29138707601801633,0,1.0,0.0,Right,0,1,0.6902985074626866,0.6957910345614237,0,
4799.0,Sloan Privat,Guingamp,1,2015,2015,low,0.0,0.6786171574903969,0.25650874946649593,0.08548579832705212,0,0.042283298097251586,0,0.09283941538744371,0,0.42825627355455465,1,0.05974813861568158,0,0.29138707601801633,0,0.0,1.0,Left,0,1,0.6902985074626866,0.6957910345614237,0,
4753.0,Aaron Tshibola,Congo DR,1,2023,2023,low,1.0,0.7695262483994878,0.16559965855740505,0.08548579832705212,0,0.042283298097251586,0,0.09283941538744371,0,0.3373471826454637,0,0.05974813861568158,0,0.3822961669271072,1,1.0,0.0,Right,1,0,0.7184531886024423,0.7653701380175659,0,
4713.0,Ezgjan Alioski,North Macedonia,1,2020,2020,low,0.0,0.6786171574903969,0.25650874946649593,0.08548579832705212,0,0.042283298097251586,0,0.09283941538744371,0,0.3373471826454637,0,0.05974813861568158,0,0.3822961669271072,1,0.0,1.0,Left,0,1,0.6902985074626866,0.6957910345614237,0,
4464.0,Adama Traoré,Mali,1,2023,2023,low,0.0,0.6786171574903969,0.25650874946649593,0.08548579832705212,0,0.042283298097251586,0,0.09283941538744371,0,0.3373471826454637,0,0.05974813861568158,0,0.3822961669271072,1,0.0,1.0,Left,0,1,0.6902985074626866,0.6957910345614237,0,
4445.0,Jules Koundé,France,1,2024,2024,low,1.0,0.7695262483994878,0.16559965855740505,0.17639488923614302,1,0.042283298097251586,0,0.09283941538744371,0,0.3373471826454637,0,0.05974813861568158,0,0.29138707601801633,0,1.0,0.0,Right,1,0,0.7184531886024423,0.7653701380175659,0,
4441.0,Billy Ketkeophomphone,Angers,1,2015,2015,low,1.0,0.7695262483994878,0.16559965855740505,0.08548579832705212,0,0.042283298097251586,0,0.09283941538744371,0,0.42825627355455465,1,0.05974813861568158,0,0.29138707601801633,0,1.0,0.0,Right,0,1,0.6902985074626866,0.7867001254705145,0,
4372.0,Marcos Aoás Corrêa,Brazil,1,2022,2022,low,0.0,0.6786171574903969,0.16559965855740505,0.09403437815975733,0,0.046511627906976744,0,0.10212335692618808,0,0.3710819009100101,0,0.06572295247724974,0,0.320525783619818,0,1.0,0.0,Right,1,0,0.6275440976933514,0.7653701380175659,1,0.45454545454545453
4319.0,Edinson Roberto Cavani Gómez,Paris Saint-Germain,1,2015,2015,low,0.0,0.6786171574903969,0.25650874946649593,0.08548579832705212,0,0.042283298097251586,0,0.09283941538744371,0,0.42825627355455465,1,0.05974813861568158,0,0.29138707601801633,0,1.0,0.0,Right,0,1,0.6902985074626866,0.6957910345614237,0,
4271.0,Andy Carroll,West Ham United,1,2015,2015,low,1.0,0.7695262483994878,0.16559965855740505,0.08548579832705212,0,0.042283298097251586,0,0.09283941538744371,0,0.3373471826454637,0,0.05974813861568158,0,0.3822961669271072,1,0.0,1.0,Left,0,1,0.6902985074626866,0.7867001254705145,0,
8949.0,Takuma Asano,Japan,1,2022,2022,low,1.0,0.7695262483994878,0.16559965855740505,0.08548579832705212,0,0.042283298097251586,0,0.09283941538744371,0,0.3373471826454637,0,0.05974813861568158,0,0.3822961669271072,1,1.0,0.0,Right,1,0,0.7184531886024423,0.7653701380175659,1,0.5454545454545454
12041.0,João Félix Sequeira,Portugal,1,2024,2024,low,0.0,0.6786171574903969,0.16559965855740505,0.09403437815975733,0,0.046511627906976744,0,0.10212335692618808,0,0.3710819009100101,0,0.06572295247724974,0,0.320525783619818,0,1.0,0.0,Right,1,0,0.6275440976933514,0.7653701380175659,0,
11990.0,Youssouf Fofana,France,1,2024,2024,low,1.0,0.7695262483994878,0.16559965855740505,0.08548579832705212,0,0.042283298097251586,0,0.09283941538744371,0,0.3373471826454637,0,0.1506572295247725,1,0.29138707601801633,0,1.0,0.0,Right,1,0,0.7184531886024423,0.7653701380175659,0,
11603.0,Mario Pašalić,Croatia,1,2022,2022,low,1.0,0.7695262483994878,0.16559965855740505,0.08548579832705212,0,0.042283298097251586,0,0.09283941538744371,0,0.42825627355455465,1,0.05974813861568158,0,0.29138707601801633,0,1.0,0.0,Right,1,0,0.7184531886024423,0.7653701380175659,0,
11550.0,Jaime Mata Arnaiz,Getafe,1,2020,2020,low,1.0,0.7695262483994878,0.16559965855740505,0.08548579832705212,0,0.042283298097251586,0,0.09283941538744371,0,0.42825627355455465,1,0.05974813861568158,0,0.29138707601801633,0,1.0,0.0,Right,0,1,0.6902985074626866,0.7867001254705145,0,
11492.0,Temitayo Olufisayo Olaoluwa Aina,Nigeria,1,2023,2023,low,0.0,0.6786171574903969,0.16559965855740505,0.09403437815975733,0,0.046511627906976744,0,0.10212335692618808,0,0.3710819009100101,0,0.06572295247724974,0,0.320525783619818,0,1.0,0.0,Right,1,0,0.6275440976933514,0.7653701380175659,0,
11456.0,Lautaro Javier Martínez,Argentina,1,2022,2022,low,1.0,0.7695262483994878,0.16559965855740505,0.17639488923614302,1,0.042283298097251586,0,0.09283941538744371,0,0.3373471826454637,0,0.05974813861568158,0,0.29138707601801633,0,1.0,0.0,Right,1,0,0.7184531886024423,0.7653701380175659,0,
11386.0,Santiago Cazorla González,Arsenal,1,2015,2015,low,0.0,0.6786171574903969,0.16559965855740505,0.09403437815975733,0,0.046511627906976744,0,0.10212335692618808,0,0.3710819009100101,0,0.06572295247724974,0,0.320525783619818,0,1.0,0.0,Right,0,1,0.6902985074626866,0.6957910345614237,0,
11348.0,Robbie Keane,Tottenham Hotspur,1,2003,2003,low,1.0,0.7695262483994878,0.16559965855740505,0.08548579832705212,0,0.042283298097251586,0,0.1837485062965346,1,0.3373471826454637,0,0.05974813861568158,0,0.29138707601801633,0,1.0,0.0,Right,0,1,0.6902985074626866,0.7867001254705145,0,
11187.0,Stephen Antunes Eustáquio,Canada,1,2024,2024,low,0.0,0.6786171574903969,0.25650874946649593,0.08548579832705212,0,0.042283298097251586,0,0.09283941538744371,0,0.3373471826454637,0,0.05974813861568158,0,0.3822961669271072,1,1.0,0.0,Right,1,0,0.6275440976933514,0.7653701380175659,0,
11162.0,Jhonder Leonel Cádiz Fernández,Venezuela,1,2024,2024,low,1.0,0.7695262483994878,0.16559965855740505,0.08548579832705212,0,0.042283298097251586,0,0.09283941538744371,0,0.3373471826454637,0,0.05974813861568158,0,0.3822961669271072,1,1.0,0.0,Right,1,0,0.7184531886024423,0.7653701380175659,1,0.5454545454545454
11117.0,Scott Sinclair,Aston Villa,1,2015,2015,low,1.0,0.7695262483994878,0.16559965855740505,0.08548579832705212,0,0.042283298097251586,0,0.09283941538744371,0,0.42825627355455465,1,0.05974813861568158,0,0.29138707601801633,0,1.0,0.0,Right,0,1,0.6902985074626866,0.7867001254705145,0,
10966.0,Wes Hoolahan,Norwich City,1,2015,2015,low,1.0,0.7695262483994878,0.16559965855740505,0.08548579832705212,0,0.042283298097251586,0,0.09283941538744371,0,0.3373471826454637,0,0.05974813861568158,0,0.3822961669271072,1,0.0,1.0,Left,0,1,0.6902985074626866,0.7867001254705145,0,
10956.0,Eric Dier,England,1,2018,2018,low,1.0,0.7695262483994878,0.16559965855740505,0.08548579832705212,0,0.042283298097251586,0,0.09283941538744371,0,0.42825627355455465,1,0.05974813861568158,0,0.29138707601801633,0,1.0,0.0,Right,1,0,0.7184531886024423,0.7653701380175659,0,
10594.0,Bas Dost,Wolfsburg,1,2015,2015,low,1.0,0.7695262483994878,0.16559965855740505,0.08548579832705212,0,0.042283298097251586,0,0.09283941538744371,0,0.3373471826454637,0,0.1506572295247725,1,0.29138707601801633,0,1.0,0.0,Right,0,1,0.6902985074626866,0.7867001254705145,0,
10481.0,Aurélien Djani Tchouaméni,France,1,2022,2022,low,0.0,0.6786171574903969,0.16559965855740505,0.09403437815975733,0,0.046511627906976744,0,0.10212335692618808,0,0.3710819009100101,0,0.06572295247724974,0,0.320525783619818,0,1.0,0.0,Right,1,0,0.6275440976933514,0.7653701380175659,1,0.45454545454545453
10325.0,Luís Miguel Afonso Fernandes,RC Deportivo La Coruña,1,2012,2012,low,1.0,0.7695262483994878,0.16559965855740505,0.08548579832705212,0,0.042283298097251586,0,0.1837485062965346,1,0.3373471826454637,0,0.05974813861568158,0,0.29138707601801633,0,1.0,0.0,Right,0,1,0.6902985074626866,0.7867001254705145,0,
13329.0,Silas Katompa Mvumpa,Congo DR,1,2023,2023,low,1.0,0.7695262483994878,0.16559965855740505,0.08548579832705212,0,0.042283298097251586,0,0.09283941538744371,0,0.3373471826454637,0,0.05974813861568158,0,0.3822961669271072,1,1.0,0.0,Right,1,0,0.7184531886024423,0.7653701380175659,0,
13025.0,Jefferson David Savarino Quintero,Venezuela,1,2024,2024,low,0.0,0.6786171574903969,0.25650874946649593,0.08548579832705212,0,0.042283298097251586,0,0.09283941538744371,0,0.42825627355455465,1,0.05974813861568158,0,0.29138707601801633,0,1.0,0.0,Right,1,0,0.6275440976933514,0.7653701380175659,1,0.45454545454545453
12759.0,Maximiliano Nicol Moralez,Atalanta,1,2015,2015,low,0.0,0.6786171574903969,0.25650874946649593,0.08548579832705212,0,0.042283298097251586,0,0.09283941538744371,0,0.3373471826454637,0,0.05974813861568158,0,0.3822961669271072,1,1.0,0.0,Right,0,1,0.6902985074626866,0.6957910345614237,0,
12624.0,Anthony Ujah,Werder Bremen,1,2015,2015,low,0.0,0.6786171574903969,0.25650874946649593,0.08548579832705212,0,0.042283298097251586,0,0.09283941538744371,0,0.3373471826454637,0,0.05974813861568158,0,0.3822961669271072,1,1.0,0.0,Right,0,1,0.6902985074626866,0.6957910345614237,0,
4063.0,Ahmed Elsayed Ali Elsayed Hegazy,Egypt,1,2023,2023,low,1.0,0.7695262483994878,0.16559965855740505,0.08548579832705212,0,0.042283298097251586,0,0.09283941538744371,0,0.42825627355455465,1,0.05974813861568158,0,0.29138707601801633,0,1.0,0.0,Right,1,0,0.7184531886024423,0.7653701380175659,1,0.5454545454545454
3963.0,Victor Moses,Nigeria,1,2018,2018,low,1.0,0.7695262483994878,0.16559965855740505,0.08548579832705212,0,0.042283298097251586,0,0.09283941538744371,0,0.3373471826454637,0,0.05974813861568158,0,0.3822961669271072,1,1.0,0.0,Right,0,1,0.6902985074626866,0.7867001254705145,0,
3956.0,David Luiz Moreira Marinho,Chelsea,1,2011,2011,low,1.0,0.7695262483994878,0.16559965855740505,0.08548579832705212,0,0.042283298097251586,0,0.1837485062965346,1,0.3373471826454637,0,0.05974813861568158,0,0.29138707601801633,0,1.0,0.0,Right,1,0,0.7184531886024423,0.7653701380175659,0,
3949.0,Manolo Gabbiadini,Napoli,1,2015,2015,low,1.0,0.7695262483994878,0.16559965855740505,0.08548579832705212,0,0.042283298097251586,0,0.09283941538744371,0,0.42825627355455465,1,0.05974813861568158,0,0.29138707601801633,0,0.0,1.0,Left,0,1,0.6902985074626866,0.7867001254705145,0,
3834.0,Ivan Toney,England,1,2024,2024,low,1.0,0.7695262483994878,0.16559965855740505,0.08548579832705212,0,0.042283298097251586,0,0.09283941538744371,0,0.42825627355455465,1,0.05974813861568158,0,0.29138707601801633,0,1.0,0.0,Right,1,0,0.7184531886024423,0.7653701380175659,0,
3831.0,Dušan Tadić,Southampton,1,2015,2015,low,1.0,0.7695262483994878,0.16559965855740505,0.08548579832705212,0,0.042283298097251586,0,0.09283941538744371,0,0.3373471826454637,0,0.05974813861568158,0,0.3822961669271072,1,0.0,1.0,Left,0,1,0.6902985074626866,0.7867001254705145,0,
3811.0,Islam Slimani,Stade Brestois,1,2022,2022,low,0.0,0.6786171574903969,0.25650874946649593,0.08548579832705212,0,0.042283298097251586,0,0.09283941538744371,0,0.3373471826454637,0,0.05974813861568158,0,0.3822961669271072,1,1.0,0.0,Right,0,1,0.6902985074626866,0.6957910345614237,0,
3745.0,Lucas Rodrigues Moura da Silva,Paris Saint-Germain,1,2015,2015,low,1.0,0.7695262483994878,0.16559965855740505,0.08548579832705212,0,0.042283298097251586,0,0.09283941538744371,0,0.42825627355455465,1,0.05974813861568158,0,0.29138707601801633,0,1.0,0.0,Right,0,1,0.6902985074626866,0.7867001254705145,0,
3708.0,Kelechi Promise Iheanacho,Nigeria,1,2023,2023,low,1.0,0.7695262483994878,0.16559965855740505,0.08548579832705212,0,0.042283298097251586,0,0.09283941538744371,0,0.3373471826454637,0,0.05974813861568158,0,0.3822961669271072,1,0.0,1.0,Left,1,0,0.7184531886024423,0.7653701380175659,0,
12529.0,Ashley Cole,Chelsea,1,2011,2011,low,1.0,0.7695262483994878,0.16559965855740505,0.08548579832705212,0,0.042283298097251586,0,0.09283941538744371,0,0.3373471826454637,0,0.05974813861568158,0,0.3822961669271072,1,0.0,1.0,Left,1,0,0.7184531886024423,0.7653701380175659,0,
12496.0,Christian Kouamé,Côte d'Ivoire,1,2023,2023,low,1.0,0.7695262483994878,0.16559965855740505,0.08548579832705212,0,0.042283298097251586,0,0.09283941538744371,0,0.3373471826454637,0,0.05974813861568158,0,0.3822961669271072,1,1.0,0.0,Right,1,0,0.7184531886024423,0.7653701380175659,0,
12423.0,Jadon Sancho,England,1,2020,2020,low,0.0,0.6786171574903969,0.25650874946649593,0.08548579832705212,0,0.042283298097251586,0,0.09283941538744371,0,0.3373471826454637,0,0.05974813861568158,0,0.3822961669271072,1,1.0,0.0,Right,1,0,0.6275440976933514,0.7653701380175659,1,0.45454545454545453
18244.0,Grady Diangana,Congo DR,1,2023,2023,low,1.0,0.7695262483994878,0.16559965855740505,0.08548579832705212,0,0.042283298097251586,0,0.09283941538744371,0,0.3373471826454637,0,0.1506572295247725,1,0.29138707601801633,0,0.0,1.0,Left,1,0,0.7184531886024423,0.7653701380175659,0,
18103.0,Dietmar Hamann,Liverpool,1,2004,2004,low,1.0,0.7695262483994878,0.16559965855740505,0.17639488923614302,1,0.042283298097251586,0,0.09283941538744371,0,0.3373471826454637,0,0.05974813861568158,0,0.29138707601801633,0,1.0,0.0,Right,1,0,0.7184531886024423,0.7653701380175659,0,
16557.0,Ruslan Malinovskiy,Ukraine,1,2020,2020,low,0.0,0.6786171574903969,0.25650874946649593,0.08548579832705212,0,0.042283298097251586,0,0.09283941538744371,0,0.42825627355455465,1,0.05974813861568158,0,0.29138707601801633,0,0.0,1.0,Left,0,1,0.6902985074626866,0.6957910345614237,0,
16527.0,Mislav Oršić,Croatia,1,2022,2022,low,1.0,0.7695262483994878,0.16559965855740505,0.08548579832705212,0,0.042283298097251586,0,0.09283941538744371,0,0.42825627355455465,1,0.05974813861568158,0,0.29138707601801633,0,1.0,0.0,Right,1,0,0.7184531886024423,0.7653701380175659,0,
16510.0,Benjamin Verbič,Slovenia,1,2024,2024,low,0.0,0.6786171574903969,0.25650874946649593,0.08548579832705212,0,0.042283298097251586,0,0.09283941538744371,0,0.42825627355455465,1,0.05974813861568158,0,0.29138707601801633,0,1.0,0.0,Right,1,0,0.6275440976933514,0.7653701380175659,1,0.45454545454545453
16503.0,Pedro Henrique Konzen Medina da Silva,Rennes,1,2015,2015,low,0.0,0.6786171574903969,0.25650874946649593,0.08548579832705212,0,0.042283298097251586,0,0.09283941538744371,0,0.42825627355455465,1,0.05974813861568158,0,0.29138707601801633,0,1.0,0.0,Right,0,1,0.6902985074626866,0.6957910345614237,0,
16344.0,Răzvan Gabriel Marin,Romania,1,2024,2024,low,1.0,0.7695262483994878,0.16559965855740505,0.17639488923614302,1,0.042283298097251586,0,0.09283941538744371,0,0.3373471826454637,0,0.05974813861568158,0,0.29138707601801633,0,1.0,0.0,Right,0,1,0.6902985074626866,0.7867001254705145,0,
16249.0,Yangel Clemente Herrera Ravelo,Venezuela,1,2024,2024,low,0.0,0.6786171574903969,0.16559965855740505,0.09403437815975733,0,0.046511627906976744,0,0.10212335692618808,0,0.3710819009100101,0,0.06572295247724974,0,0.320525783619818,0,1.0,0.0,Right,1,0,0.6275440976933514,0.7653701380175659,0,
15996.0,Éderzito António Macedo Lopes,Lille,1,2015,2015,low,1.0,0.7695262483994878,0.16559965855740505,0.08548579832705212,0,0.042283298097251586,0,0.09283941538744371,0,0.42825627355455465,1,0.05974813861568158,0,0.29138707601801633,0,1.0,0.0,Right,0,1,0.6902985074626866,0.7867001254705145,0,
15780.0,Francesco Totti,AS Roma,1,2015,2015,low,1.0,0.7695262483994878,0.16559965855740505,0.08548579832705212,0,0.042283298097251586,0,0.09283941538744371,0,0.42825627355455465,1,0.05974813861568158,0,0.29138707601801633,0,1.0,0.0,Right,0,1,0.6902985074626866,0.7867001254705145,0,
15689.0,Floyd Ayité,Bastia,1,2015,2015,low,1.0,0.7695262483994878,0.16559965855740505,0.08548579832705212,0,0.042283298097251586,0,0.09283941538744371,0,0.42825627355455465,1,0.05974813861568158,0,0.29138707601801633,0,1.0,0.0,Right,0,1,0.6902985074626866,0.7867001254705145,0,
15526.0,Jon Dahl Tomasson,AC Milan,1,2004,2004,low,1.0,0.7695262483994878,0.16559965855740505,0.08548579832705212,0,0.042283298097251586,0,0.09283941538744371,0,0.42825627355455465,1,0.05974813861568158,0,0.29138707601801633,0,1.0,0.0,Right,1,0,0.7184531886024423,0.7653701380175659,0,
15415.0,Matteo Mancosu,Carpi,1,2015,2015,low,1.0,0.7695262483994878,0.16559965855740505,0.08548579832705212,0,0.042283298097251586,0,0.09283941538744371,0,0.42825627355455465,1,0.05974813861568158,0,0.29138707601801633,0,1.0,0.0,Right,0,1,0.6902985074626866,0.7867001254705145,0,
15280.0,Vladimir Smicer,Liverpool,1,2004,2004,low,1.0,0.7695262483994878,0.16559965855740505,0.08548579832705212,0,0.042283298097251586,0,0.09283941538744371,0,0.3373471826454637,0,0.05974813861568158,0,0.3822961669271072,1,1.0,0.0,Right,1,0,0.7184531886024423,0.7653701380175659,0,
13620.0,Éder Gabriel Militão,Brazil,1,2024,2024,low,0.0,0.6786171574903969,0.25650874946649593,0.08548579832705212,0,0.042283298097251586,0,0.09283941538744371,0,0.3373471826454637,0,0.05974813861568158,0,0.3822961669271072,1,1.0,0.0,Right,1,0,0.6275440976933514,0.7653701380175659,1,0.45454545454545453
13581.0,Emilio Nsue López,Equatorial Guinea,1,2023,2023,low,0.0,0.6786171574903969,0.16559965855740505,0.09403437815975733,0,0.046511627906976744,0,0.10212335692618808,0,0.3710819009100101,0,0.06572295247724974,0,0.320525783619818,0,1.0,0.0,Right,0,1,0.6902985074626866,0.6957910345614237,0,
20330.0,Frank Lampard,Chelsea,1,2011,2011,low,1.0,0.7695262483994878,0.16559965855740505,0.08548579832705212,0,0.13319238900634248,1,0.09283941538744371,0,0.3373471826454637,0,0.05974813861568158,0,0.29138707601801633,0,1.0,0.0,Right,1,0,0.7184531886024423,0.7653701380175659,0,
20300.0,Jérémy Ménez,AC Milan,1,2015,2015,low,1.0,0.7695262483994878,0.16559965855740505,0.08548579832705212,0,0.042283298097251586,0,0.09283941538744371,0,0.42825627355455465,1,0.05974813861568158,0,0.29138707601801633,0,1.0,0.0,Right,0,1,0.6902985074626866,0.7867001254705145,0,
20133.0,Xabier Alonso Olano,Liverpool,1,2004,2004,low,0.0,0.6786171574903969,0.25650874946649593,0.08548579832705212,0,0.042283298097251586,0,0.09283941538744371,0,0.42825627355455465,1,0.05974813861568158,0,0.29138707601801633,0,1.0,0.0,Right,0,1,0.6902985074626866,0.6957910345614237,0,
20045.0,Ryan Bertrand,Southampton,1,2015,2015,low,1.0,0.7695262483994878,0.16559965855740505,0.17639488923614302,1,0.042283298097251586,0,0.09283941538744371,0,0.3373471826454637,0,0.05974813861568158,0,0.29138707601801633,0,0.0,1.0,Left,0,1,0.6902985074626866,0.7867001254705145,0,
20033.0,Luuk de Jong,Netherlands,1,2022,2022,low,1.0,0.7695262483994878,0.16559965855740505,0.08548579832705212,0,0.042283298097251586,0,0.09283941538744371,0,0.42825627355455465,1,0.05974813861568158,0,0.29138707601801633,0,1.0,0.0,Right,1,0,0.7184531886024423,0.7653701380175659,1,0.5454545454545454
20027.0,Mevlüt Erdinç,Hannover 96,1,2015,2015,low,0.0,0.6786171574903969,0.25650874946649593,0.08548579832705212,0,0.042283298097251586,0,0.09283941538744371,0,0.3373471826454637,0,0.05974813861568158,0,0.3822961669271072,1,1.0,0.0,Right,0,1,0.6902985074626866,0.6957910345614237,0,
19849.0,Andrea Pirlo,AC Milan,1,2004,2004,low,0.0,0.6786171574903969,0.25650874946649593,0.08548579832705212,0,0.042283298097251586,0,0.09283941538744371,0,0.42825627355455465,1,0.05974813861568158,0,0.29138707601801633,0,1.0,0.0,Right,1,0,0.6275440976933514,0.7653701380175659,0,
19677.0,Karim Benzema,France,1,2020,2020,low,1.0,0.7695262483994878,0.16559965855740505,0.17639488923614302,1,0.042283298097251586,0,0.09283941538744371,0,0.3373471826454637,0,0.05974813861568158,0,0.29138707601801633,0,1.0,0.0,Right,0,1,0.6902985074626866,0.7867001254705145,0,
19295.0,Philipp Lahm,Bayern Munich,1,2011,2011,low,1.0,0.7695262483994878,0.16559965855740505,0.08548579832705212,0,0.042283298097251586,0,0.1837485062965346,1,0.3373471826454637,0,0.05974813861568158,0,0.29138707601801633,0,1.0,0.0,Right,1,0,0.7184531886024423,0.7653701380175659,0,
19294.0,Diego Alberto Milito,Real Zaragoza,1,2007,2007,low,0.0,0.6786171574903969,0.16559965855740505,0.09403437815975733,0,0.046511627906976744,0,0.10212335692618808,0,0.3710819009100101,0,0.06572295247724974,0,0.320525783619818,0,1.0,0.0,Right,0,1,0.6902985074626866,0.6957910345614237,0,
19289.0,Ivica Olić,Bayern Munich,1,2011,2011,low,0.0,0.6786171574903969,0.25650874946649593,0.08548579832705212,0,0.042283298097251586,0,0.09283941538744371,0,0.3373471826454637,0,0.05974813861568158,0,0.3822961669271072,1,0.0,1.0,Left,1,0,0.6275440976933514,0.7653701380175659,1,0.45454545454545453
19286.0,Miroslav Klose,Lazio,1,2015,2015,low,1.0,0.7695262483994878,0.16559965855740505,0.08548579832705212,0,0.042283298097251586,0,0.1837485062965346,1,0.3373471826454637,0,0.05974813861568158,0,0.29138707601801633,0,1.0,0.0,Right,0,1,0.6902985074626866,0.7867001254705145,0,
18953.0,Vágner Silva de Souza,AS Monaco,1,2015,2015,low,0.0,0.6786171574903969,0.25650874946649593,0.08548579832705212,0,0.042283298097251586,0,0.09283941538744371,0,0.3373471826454637,0,0.05974813861568158,0,0.3822961669271072,1,1.0,0.0,Right,0,1,0.6902985074626866,0.6957910345614237,0,
18783.0,Omenuke Mfulu,Congo DR,1,2023,2023,low,1.0,0.7695262483994878,0.16559965855740505,0.08548579832705212,0,0.042283298097251586,0,0.09283941538744371,0,0.3373471826454637,0,0.1506572295247725,1,0.29138707601801633,0,1.0,0.0,Right,1,0,0.7184531886024423,0.7653701380175659,0,
18639.0,Mathieu Choiniere,Canada,1,2024,2024,low,1.0,0.7695262483994878,0.16559965855740505,0.17639488923614302,1,0.042283298097251586,0,0.09283941538744371,0,0.3373471826454637,0,0.05974813861568158,0,0.29138707601801633,0,1.0,0.0,Right,1,0,0.7184531886024423,0.7653701380175659,1,0.5454545454545454
18414.0,Bastian Schweinsteiger,Bayern Munich,1,2011,2011,low,0.0,0.6786171574903969,0.25650874946649593,0.08548579832705212,0,0.042283298097251586,0,0.09283941538744371,0,0.3373471826454637,0,0.05974813861568158,0,0.3822961669271072,1,1.0,0.0,Right,1,0,0.6275440976933514,0.7653701380175659,1,0.45454545454545453
21131.0,John Yeboah Zamora,Ecuador,1,2024,2024,low,1.0,0.7695262483994878,0.16559965855740505,0.08548579832705212,0,0.042283298097251586,0,0.1837485062965346,1,0.3373471826454637,0,0.05974813861568158,0,0.29138707601801633,0,0.0,1.0,Left,1,0,0.7184531886024423,0.7653701380175659,1,0.5454545454545454
20641.0,Connor Wickham,Crystal Palace,1,2015,2015,low,1.0,0.7695262483994878,0.16559965855740505,0.08548579832705212,0,0.042283298097251586,0,0.09283941538744371,0,0.3373471826454637,0,0.1506572295247725,1,0.29138707601801633,0,1.0,0.0,Right,0,1,0.6902985074626866,0.7867001254705145,0,
20521.0,Bafétimbi Gomis,Swansea City,1,2015,2015,low,1.0,0.7695262483994878,0.16559965855740505,0.08548579832705212,0,0.042283298097251586,0,0.09283941538744371,0,0.3373471826454637,0,0.05974813861568158,0,0.3822961669271072,1,1.0,0.0,Right,0,1,0.6902985074626866,0.7867001254705145,0,
3671.0,José Leonardo Ulloa,Leicester City,1,2015,2015,low,1.0,0.7695262483994878,0.16559965855740505,0.08548579832705212,0,0.042283298097251586,0,0.09283941538744371,0,0.3373471826454637,0,0.05974813861568158,0,0.3822961669271072,1,1.0,0.0,Right,0,1,0.6902985074626866,0.7867001254705145,0,
3669.0,Virgil van Dijk,Netherlands,1,2022,2022,low,0.0,0.6786171574903969,0.25650874946649593,0.08548579832705212,0,0.042283298097251586,0,0.09283941538744371,0,0.42825627355455465,1,0.05974813861568158,0,0.29138707601801633,0,1.0,0.0,Right,1,0,0.6275440976933514,0.7653701380175659,0,
3664.0,Trent Alexander-Arnold,England,1,2024,2024,low,1.0,0.7695262483994878,0.16559965855740505,0.17639488923614302,1,0.042283298097251586,0,0.09283941538744371,0,0.3373471826454637,0,0.05974813861568158,0,0.29138707601801633,0,1.0,0.0,Right,1,0,0.7184531886024423,0.7653701380175659,0,
3634.0,Abdelhamid Sabiri,Morocco,1,2022,2022,low,1.0,0.7695262483994878,0.16559965855740505,0.08548579832705212,0,0.042283298097251586,0,0.09283941538744371,0,0.3373471826454637,0,0.05974813861568158,0,0.3822961669271072,1,1.0,0.0,Right,1,0,0.7184531886024423,0.7653701380175659,0,
3621.0,Eden Hazard,Belgium,1,2018,2018,low,1.0,0.7695262483994878,0.16559965855740505,0.08548579832705212,0,0.042283298097251586,0,0.09283941538744371,0,0.42825627355455465,1,0.05974813861568158,0,0.29138707601801633,0,1.0,0.0,Right,0,1,0.6902985074626866,0.7867001254705145,0,
3616.0,Callum Wilson,AFC Bournemouth,1,2015,2015,low,1.0,0.7695262483994878,0.16559965855740505,0.08548579832705212,0,0.042283298097251586,0,0.09283941538744371,0,0.3373471826454637,0,0.05974813861568158,0,0.3822961669271072,1,1.0,0.0,Right,0,1,0.6902985074626866,0.7867001254705145,0,
3606.0,Ander Herrera Agüera,Manchester United,1,2015,2015,low,1.0,0.7695262483994878,0.16559965855740505,0.17639488923614302,1,0.042283298097251586,0,0.09283941538744371,0,0.3373471826454637,0,0.05974813861568158,0,0.29138707601801633,0,1.0,0.0,Right,0,1,0.6902985074626866,0.7867001254705145,0,
3598.0,Wilfried Guemiand Bony,Manchester City,1,2015,2015,low,0.0,0.6786171574903969,0.16559965855740505,0.09403437815975733,0,0.046511627906976744,0,0.10212335692618808,0,0.3710819009100101,0,0.06572295247724974,0,0.320525783619818,0,1.0,0.0,Right,0,1,0.6902985074626866,0.6957910345614237,0,
3587.0,Arthur Masuaku,Congo DR,1,2023,2023,low,0.0,0.6786171574903969,0.16559965855740505,0.09403437815975733,0,0.046511627906976744,0,0.10212335692618808,0,0.3710819009100101,0,0.06572295247724974,0,0.320525783619818,0,0.0,1.0,Left,1,0,0.6275440976933514,0.7653701380175659,0,
3570.0,Pierre-Emile Højbjerg,Denmark,1,2020,2020,low,0.0,0.6786171574903969,0.25650874946649593,0.08548579832705212,0,0.042283298097251586,0,0.09283941538744371,0,0.3373471826454637,0,0.05974813861568158,0,0.3822961669271072,1,1.0,0.0,Right,0,1,0.6902985074626866,0.6957910345614237,0,
3567.0,Georginio Wijnaldum,Newcastle United,1,2015,2015,low,1.0,0.7695262483994878,0.16559965855740505,0.08548579832705212,0,0.042283298097251586,0,0.09283941538744371,0,0.3373471826454637,0,0.05974813861568158,0,0.3822961669271072,1,1.0,0.0,Right,0,1,0.6902985074626866,0.7867001254705145,0,
3553.0,Lacina Traoré,AS Monaco,1,2015,2015,low,0.0,0.6786171574903969,0.25650874946649593,0.08548579832705212,0,0.042283298097251586,0,0.09283941538744371,0,0.3373471826454637,0,0.05974813861568158,0,0.3822961669271072,1,0.0,1.0,Left,0,1,0.6902985074626866,0.6957910345614237,0,
20352.0,Didier Yves Drogba Tébily,Chelsea,1,2011,2011,low,1.0,0.7695262483994878,0.16559965855740505,0.08548579832705212,0,0.042283298097251586,0,0.09283941538744371,0,0.42825627355455465,1,0.05974813861568158,0,0.29138707601801633,0,1.0,0.0,Right,1,0,0.7184531886024423,0.7653701380175659,0,
25104.0,Rodrygo Silva de Goes,Brazil,1,2022,2022,low,0.0,0.6786171574903969,0.25650874946649593,0.08548579832705212,0,0.042283298097251586,0,0.09283941538744371,0,0.3373471826454637,0,0.05974813861568158,0,0.3822961669271072,1,1.0,0.0,Right,1,0,0.6275440976933514,0.7653701380175659,1,0.45454545454545453
24507.0,Manuel del Moral Fernández,Getafe,1,2010,2010,low,1.0,0.7695262483994878,0.16559965855740505,0.08548579832705212,0,0.042283298097251586,0,0.09283941538744371,0,0.42825627355455465,1,0.05974813861568158,0,0.29138707601801633,0,1.0,0.0,Right,0,1,0.6902985074626866,0.7867001254705145,0,
24235.0,Federico Dionisi,Frosinone,1,2015,2015,low,1.0,0.7695262483994878,0.16559965855740505,0.08548579832705212,0,0.042283298097251586,0,0.09283941538744371,0,0.3373471826454637,0,0.05974813861568158,0,0.3822961669271072,1,1.0,0.0,Right,0,1,0.6902985074626866,0.7867001254705145,0,
24149.0,José Antonio García Rabasco,Levante UD,1,2015,2015,low,1.0,0.7695262483994878,0.16559965855740505,0.17639488923614302,1,0.042283298097251586,0,0.09283941538744371,0,0.3373471826454637,0,0.05974813861568158,0,0.29138707601801633,0,1.0,0.0,Right,0,1,0.6902985074626866,0.7867001254705145,0,
24143.0,Álvaro Vadillo Cifuentes,Granada,1,2019,2019,low,1.0,0.7695262483994878,0.16559965855740505,0.08548579832705212,0,0.042283298097251586,0,0.09283941538744371,0,0.42825627355455465,1,0.05974813861568158,0,0.29138707601801633,0,1.0,0.0,Right,0,1,0.6902985074626866,0.7867001254705145,0,
24035.0,Álvaro Vázquez García,Getafe,1,2015,2015,low,1.0,0.7695262483994878,0.16559965855740505,0.08548579832705212,0,0.042283298097251586,0,0.09283941538744371,0,0.3373471826454637,0,0.1506572295247725,1,0.29138707601801633,0,1.0,0.0,Right,0,1,0.6902985074626866,0.7867001254705145,0,
23967.0,Alejandro Fernández Iglesias,Cádiz,1,2020,2020,low,1.0,0.7695262483994878,0.16559965855740505,0.08548579832705212,0,0.042283298097251586,0,0.09283941538744371,0,0.42825627355455465,1,0.05974813861568158,0,0.29138707601801633,0,1.0,0.0,Right,0,1,0.6902985074626866,0.7867001254705145,0,
23933.0,Abdelaziz Barrada,Marseille,1,2015,2015,low,0.0,0.6786171574903969,0.25650874946649593,0.08548579832705212,0,0.042283298097251586,0,0.09283941538744371,0,0.42825627355455465,1,0.05974813861568158,0,0.29138707601801633,0,1.0,0.0,Right,0,1,0.6902985074626866,0.6957910345614237,0,
23812.0,Rafael Mir Vicente,Huesca,1,2020,2020,low,1.0,0.7695262483994878,0.16559965855740505,0.08548579832705212,0,0.042283298097251586,0,0.09283941538744371,0,0.3373471826454637,0,0.05974813861568158,0,0.3822961669271072,1,1.0,0.0,Right,0,1,0.6902985074626866,0.7867001254705145,0,
23791.0,Víctor Casadesús Castaño,Mallorca,1,2012,2012,low,1.0,0.7695262483994878,0.16559965855740505,0.08548579832705212,0,0.042283298097251586,0,0.09283941538744371,0,0.3373471826454637,0,0.1506572295247725,1,0.29138707601801633,0,1.0,0.0,Right,0,1,0.6902985074626866,0.7867001254705145,0,
23363.0,Liam Millar,Canada,1,2024,2024,low,0.0,0.6786171574903969,0.16559965855740505,0.09403437815975733,0,0.046511627906976744,0,0.10212335692618808,0,0.3710819009100101,0,0.06572295247724974,0,0.320525783619818,0,1.0,0.0,Right,1,0,0.6275440976933514,0.7653701380175659,0,
23268.0,Alexander Meier,Eintracht Frankfurt,1,2015,2015,low,1.0,0.7695262483994878,0.16559965855740505,0.08548579832705212,0,0.042283298097251586,0,0.09283941538744371,0,0.42825627355455465,1,0.05974813861568158,0,0.29138707601801633,0,1.0,0.0,Right,0,1,0.6902985074626866,0.7867001254705145,0,
22097.0,Randal Kolo Muani,France,1,2022,2022,low,1.0,0.7695262483994878,0.16559965855740505,0.08548579832705212,0,0.13319238900634248,1,0.09283941538744371,0,0.3373471826454637,0,0.05974813861568158,0,0.29138707601801633,0,1.0,0.0,Right,1,0,0.7184531886024423,0.7653701380175659,1,0.5454545454545454
22041.0,Marko Livaja,Croatia,1,2022,2022,low,0.0,0.6786171574903969,0.16559965855740505,0.09403437815975733,0,0.046511627906976744,0,0.10212335692618808,0,0.3710819009100101,0,0.06572295247724974,0,0.320525783619818,0,1.0,0.0,Right,1,0,0.6275440976933514,0.7653701380175659,0,
21272.0,Luiz Adriano de Souza da Silva,AC Milan,1,2015,2015,low,1.0,0.7695262483994878,0.16559965855740505,0.08548579832705212,0,0.042283298097251586,0,0.09283941538744371,0,0.3373471826454637,0,0.05974813861568158,0,0.3822961669271072,1,1.0,0.0,Right,0,1,0.6902985074626866,0.7867001254705145,0,
21173.0,Laros Duarte,Cape Verde Islands,1,2023,2023,low,0.0,0.6786171574903969,0.25650874946649593,0.08548579832705212,0,0.042283298097251586,0,0.09283941538744371,0,0.42825627355455465,1,0.05974813861568158,0,0.29138707601801633,0,1.0,0.0,Right,1,0,0.6275440976933514,0.7653701380175659,0,
26399.0,Emilio José Viqueira Moure,Levante UD,1,2007,2007,low,1.0,0.7695262483994878,0.16559965855740505,0.08548579832705212,0,0.042283298097251586,0,0.09283941538744371,0,0.3373471826454637,0,0.05974813861568158,0,0.3822961669271072,1,1.0,0.0,Right,0,1,0.6902985074626866,0.7867001254705145,0,
26280.0,Orbelín Pineda Alvarado,Mexico,1,2024,2024,low,0.0,0.6786171574903969,0.25650874946649593,0.08548579832705212,0,0.042283298097251586,0,0.09283941538744371,0,0.42825627355455465,1,0.05974813861568158,0,0.29138707601801633,0,1.0,0.0,Right,0,1,0.6902985074626866,0.6957910345614237,0,
26243.0,Iván Daniel Alonso Vallejo,Real Murcia CF,1,2007,2007,low,1.0,0.7695262483994878,0.16559965855740505,0.08548579832705212,0,0.042283298097251586,0,0.1837485062965346,1,0.3373471826454637,0,0.05974813861568158,0,0.29138707601801633,0,0.0,1.0,Left,0,1,0.6902985074626866,0.7867001254705145,0,
26192.0,Matías Ariel Fernández Fernández,Villarreal,1,2008,2008,low,1.0,0.7695262483994878,0.16559965855740505,0.17639488923614302,1,0.042283298097251586,0,0.09283941538744371,0,0.3373471826454637,0,0.05974813861568158,0,0.29138707601801633,0,1.0,0.0,Right,0,1,0.6902985074626866,0.7867001254705145,0,
26181.0,Rahamat Riga Mustapha,Levante UD,1,2007,2007,low,1.0,0.7695262483994878,0.16559965855740505,0.08548579832705212,0,0.042283298097251586,0,0.09283941538744371,0,0.42825627355455465,1,0.05974813861568158,0,0.29138707601801633,0,1.0,0.0,Right,0,1,0.6902985074626866,0.7867001254705145,0,
26144.0,Francisco Javier Casquero Paredes,Racing Santander,1,2005,2005,low,1.0,0.7695262483994878,0.16559965855740505,0.08548579832705212,0,0.042283298097251586,0,0.09283941538744371,0,0.3373471826454637,0,0.05974813861568158,0,0.3822961669271072,1,1.0,0.0,Right,0,1,0.6902985074626866,0.7867001254705145,0,
26074.0,Nikola Žigić,Racing Santander,1,2008,2008,low,1.0,0.7695262483994878,0.16559965855740505,0.08548579832705212,0,0.042283298097251586,0,0.09283941538744371,0,0.42825627355455465,1,0.05974813861568158,0,0.29138707601801633,0,1.0,0.0,Right,0,1,0.6902985074626866,0.7867001254705145,0,
26031.0,Andoni Iraola Sagarna,Athletic Club,1,2010,2010,low,1.0,0.7695262483994878,0.16559965855740505,0.08548579832705212,0,0.042283298097251586,0,0.09283941538744371,0,0.3373471826454637,0,0.05974813861568158,0,0.3822961669271072,1,1.0,0.0,Right,0,1,0.6902985074626866,0.7867001254705145,0,
26020.0,Ángel Lafita Castillo,Real Zaragoza,1,2011,2011,low,0.0,0.6786171574903969,0.25650874946649593,0.08548579832705212,0,0.042283298097251586,0,0.09283941538744371,0,0.3373471826454637,0,0.05974813861568158,0,0.3822961669271072,1,1.0,0.0,Right,0,1,0.6902985074626866,0.6957910345614237,0,
26009.0,Roberto Soldado Rillo,Getafe,1,2009,2009,low,1.0,0.7695262483994878,0.16559965855740505,0.08548579832705212,0,0.042283298097251586,0,0.09283941538744371,0,0.42825627355455465,1,0.05974813861568158,0,0.29138707601801633,0,1.0,0.0,Right,0,1,0.6902985074626866,0.7867001254705145,0,
25997.0,Jonás Manuel Gutiérrez,Mallorca,1,2006,2006,low,0.0,0.6786171574903969,0.25650874946649593,0.08548579832705212,0,0.042283298097251586,0,0.09283941538744371,0,0.42825627355455465,1,0.05974813861568158,0,0.29138707601801633,0,1.0,0.0,Right,0,1,0.6902985074626866,0.6957910345614237,0,
25947.0,Fabián Larry Estoyanoff Poggio,RC Deportivo La Coruña,1,2006,2006,low,0.0,0.6786171574903969,0.25650874946649593,0.08548579832705212,0,0.042283298097251586,0,0.09283941538744371,0,0.3373471826454637,0,0.05974813861568158,0,0.3822961669271072,1,1.0,0.0,Right,0,1,0.6902985074626866,0.6957910345614237,0,
25859.0,Sérgio Paulo Barbosa Valente,Málaga,1,2015,2015,low,0.0,0.6786171574903969,0.25650874946649593,0.08548579832705212,0,0.042283298097251586,0,0.09283941538744371,0,0.3373471826454637,0,0.05974813861568158,0,0.3822961669271072,1,0.0,1.0,Left,0,1,0.6902985074626866,0.6957910345614237,0,
25707.0,Francisco Manuel Rico Castro,Granada,1,2014,2014,low,1.0,0.7695262483994878,0.16559965855740505,0.08548579832705212,0,0.042283298097251586,0,0.1837485062965346,1,0.3373471826454637,0,0.05974813861568158,0,0.29138707601801633,0,1.0,0.0,Right,0,1,0.6902985074626866,0.7867001254705145,0,
25351.0,Alexandre Rodrigues da Silva,Chelsea,1,2015,2015,low,1.0,0.7695262483994878,0.16559965855740505,0.17639488923614302,1,0.042283298097251586,0,0.09283941538744371,0,0.3373471826454637,0,0.05974813861568158,0,0.29138707601801633,0,1.0,0.0,Right,0,1,0.6902985074626866,0.7867001254705145,0,
25305.0,Pedro Guilherme Abreu dos Santos,Brazil,1,2022,2022,low,1.0,0.7695262483994878,0.16559965855740505,0.08548579832705212,0,0.042283298097251586,0,0.09283941538744371,0,0.42825627355455465,1,0.05974813861568158,0,0.29138707601801633,0,1.0,0.0,Right,1,0,0.7184531886024423,0.7653701380175659,1,0.5454545454545454
28914.0,Lovro Majer,Croatia,1,2022,2022,low,1.0,0.7695262483994878,0.16559965855740505,0.08548579832705212,0,0.042283298097251586,0,0.09283941538744371,0,0.3373471826454637,0,0.1506572295247725,1,0.29138707601801633,0,0.0,1.0,Left,1,0,0.7184531886024423,0.7653701380175659,0,
28511.0,Ángel Israel Mena Delgado,Ecuador,1,2024,2024,low,0.0,0.6786171574903969,0.25650874946649593,0.08548579832705212,0,0.042283298097251586,0,0.09283941538744371,0,0.3373471826454637,0,0.05974813861568158,0,0.3822961669271072,1,0.0,1.0,Left,1,0,0.6275440976933514,0.7653701380175659,1,0.45454545454545453
28413.0,Willy Afonso Semedo Johnson,Cape Verde Islands,1,2023,2023,low,0.0,0.6786171574903969,0.25650874946649593,0.08548579832705212,0,0.042283298097251586,0,0.09283941538744371,0,0.42825627355455465,1,0.05974813861568158,0,0.29138707601801633,0,1.0,0.0,Right,1,0,0.6275440976933514,0.7653701380175659,0,
27886.0,Alexis Mac Allister,Argentina,1,2024,2024,low,1.0,0.7695262483994878,0.16559965855740505,0.08548579832705212,0,0.042283298097251586,0,0.09283941538744371,0,0.3373471826454637,0,0.05974813861568158,0,0.3822961669271072,1,1.0,0.0,Right,1,0,0.7184531886024423,0.7653701380175659,0,
27158.0,Luis Fernando Díaz Marulanda,Colombia,1,2024,2024,low,1.0,0.7695262483994878,0.16559965855740505,0.08548579832705212,0,0.042283298097251586,0,0.1837485062965346,1,0.3373471826454637,0,0.05974813861568158,0,0.29138707601801633,0,1.0,0.0,Right,0,1,0.6902985074626866,0.7867001254705145,0,
3538.0,Wayne Mark Rooney,Manchester United,1,2015,2015,low,1.0,0.7695262483994878,0.16559965855740505,0.08548579832705212,0,0.042283298097251586,0,0.09283941538744371,0,0.3373471826454637,0,0.05974813861568158,0,0.3822961669271072,1,1.0,0.0,Right,0,1,0.6902985074626866,0.7867001254705145,0,
3533.0,Xherdan Shaqiri,Switzerland,1,2024,2024,low,1.0,0.7695262483994878,0.16559965855740505,0.08548579832705212,0,0.042283298097251586,0,0.09283941538744371,0,0.3373471826454637,0,0.05974813861568158,0,0.3822961669271072,1,0.0,1.0,Left,1,0,0.7184531886024423,0.7653701380175659,1,0.5454545454545454
3532.0,Jordan Brian Henderson,England,1,2018,2018,low,0.0,0.6786171574903969,0.25650874946649593,0.08548579832705212,0,0.042283298097251586,0,0.09283941538744371,0,0.3373471826454637,0,0.05974813861568158,0,0.3822961669271072,1,1.0,0.0,Right,1,0,0.6275440976933514,0.7653701380175659,0,
3518.0,Leighton Baines,Everton,1,2015,2015,low,1.0,0.7695262483994878,0.16559965855740505,0.08548579832705212,0,0.042283298097251586,0,0.09283941538744371,0,0.3373471826454637,0,0.1506572295247725,1,0.29138707601801633,0,0.0,1.0,Left,0,1,0.6902985074626866,0.7867001254705145,0,
3500.0,Granit Xhaka,Borussia Mönchengladbach,1,2015,2015,low,1.0,0.7695262483994878,0.16559965855740505,0.08548579832705212,0,0.13319238900634248,1,0.09283941538744371,0,0.3373471826454637,0,0.05974813861568158,0,0.29138707601801633,0,0.0,1.0,Left,0,1,0.6902985074626866,0.7867001254705145,0,
3490.0,James Morrison,West Bromwich Albion,1,2015,2015,low,0.0,0.6786171574903969,0.25650874946649593,0.08548579832705212,0,0.042283298097251586,0,0.09283941538744371,0,0.3373471826454637,0,0.1506572295247725,1,0.29138707601801633,0,1.0,0.0,Right,0,1,0.6902985074626866,0.6957910345614237,0,
3481.0,Serge Aurier,Côte d'Ivoire,1,2023,2023,low,1.0,0.7695262483994878,0.16559965855740505,0.17639488923614302,1,0.042283298097251586,0,0.09283941538744371,0,0.3373471826454637,0,0.05974813861568158,0,0.29138707601801633,0,1.0,0.0,Right,1,0,0.7184531886024423,0.7653701380175659,0,
3473.0,James Philip Milner,Liverpool,1,2015,2015,low,1.0,0.7695262483994878,0.16559965855740505,0.08548579832705212,0,0.13319238900634248,1,0.09283941538744371,0,0.3373471826454637,0,0.05974813861568158,0,0.29138707601801633,0,1.0,0.0,Right,0,1,0.6902985074626866,0.7867001254705145,0,
3445.0,Radamel Falcao García Zárate,Colombia,1,2018,2018,low,1.0,0.7695262483994878,0.16559965855740505,0.08548579832705212,0,0.13319238900634248,1,0.09283941538744371,0,0.3373471826454637,0,0.05974813861568158,0,0.29138707601801633,0,1.0,0.0,Right,1,0,0.7184531886024423,0.7653701380175659,0,
26712.0,Ricardo Izecson dos Santos Leite,AC Milan,1,2004,2004,low,1.0,0.7695262483994878,0.16559965855740505,0.17639488923614302,1,0.042283298097251586,0,0.09283941538744371,0,0.3373471826454637,0,0.05974813861568158,0,0.29138707601801633,0,1.0,0.0,Right,1,0,0.7184531886024423,0.7653701380175659,1,0.5454545454545454
26490.0,Mohamed Gasana Tchité,Racing Santander,1,2010,2010,low,0.0,0.6786171574903969,0.25650874946649593,0.08548579832705212,0,0.042283298097251586,0,0.09283941538744371,0,0.42825627355455465,1,0.05974813861568158,0,0.29138707601801633,0,1.0,0.0,Right,0,1,0.6902985074626866,0.6957910345614237,0,
3434.0,Stevan Jovetić,Inter Milan,1,2015,2015,low,1.0,0.7695262483994878,0.16559965855740505,0.08548579832705212,0,0.042283298097251586,0,0.09283941538744371,0,0.3373471826454637,0,0.05974813861568158,0,0.3822961669271072,1,1.0,0.0,Right,0,1,0.6902985074626866,0.7867001254705145,0,
3423.0,Alexander Toft Søderlund,Saint-Étienne,1,2015,2015,low,0.0,0.6786171574903969,0.25650874946649593,0.08548579832705212,0,0.042283298097251586,0,0.09283941538744371,0,0.3373471826454637,0,0.1506572295247725,1,0.29138707601801633,0,1.0,0.0,Right,0,1,0.6902985074626866,0.6957910345614237,0,
3380.0,Christian Benteke Liolo,Liverpool,1,2015,2015,low,1.0,0.7695262483994878,0.16559965855740505,0.08548579832705212,0,0.042283298097251586,0,0.09283941538744371,0,0.3373471826454637,0,0.05974813861568158,0,0.3822961669271072,1,1.0,0.0,Right,0,1,0.6902985074626866,0.7867001254705145,0,
3371.0,Mario Barwuah Balotelli,AC Milan,1,2015,2015,low,0.0,0.6786171574903969,0.25650874946649593,0.08548579832705212,0,0.042283298097251586,0,0.09283941538744371,0,0.42825627355455465,1,0.05974813861568158,0,0.29138707601801633,0,1.0,0.0,Right,0,1,0.6902985074626866,0.6957910345614237,0,
3347.0,André Ayew Pelé,Ghana,1,2022,2022,low,0.0,0.6786171574903969,0.25650874946649593,0.08548579832705212,0,0.042283298097251586,0,0.09283941538744371,0,0.3373471826454637,0,0.05974813861568158,0,0.3822961669271072,1,0.0,1.0,Left,0,1,0.6902985074626866,0.6957910345614237,0,
3337.0,Jermain Defoe,Sunderland,1,2015,2015,low,1.0,0.7695262483994878,0.16559965855740505,0.08548579832705212,0,0.042283298097251586,0,0.09283941538744371,0,0.3373471826454637,0,0.05974813861568158,0,0.3822961669271072,1,1.0,0.0,Right,0,1,0.6902985074626866,0.7867001254705145,0,
3336.0,Harry Maguire,England,1,2020,2020,low,1.0,0.7695262483994878,0.16559965855740505,0.08548579832705212,0,0.042283298097251586,0,0.1837485062965346,1,0.3373471826454637,0,0.05974813861568158,0,0.29138707601801633,0,1.0,0.0,Right,1,0,0.7184531886024423,0.7653701380175659,0,
3328.0,James Ward-Prowse,Southampton,1,2015,2015,low,1.0,0.7695262483994878,0.16559965855740505,0.08548579832705212,0,0.042283298097251586,0,0.09283941538744371,0,0.42825627355455465,1,0.05974813861568158,0,0.29138707601801633,0,1.0,0.0,Right,0,1,0.6902985074626866,0.7867001254705145,0,
3308.0,Kieran Trippier,England,1,2018,2018,low,1.0,0.7695262483994878,0.16559965855740505,0.17639488923614302,1,0.042283298097251586,0,0.09283941538744371,0,0.3373471826454637,0,0.05974813861568158,0,0.29138707601801633,0,1.0,0.0,Right,1,0,0.7184531886024423,0.7653701380175659,0,
3302.0,Nordin Amrabat,Málaga,1,2015,2015,low,0.0,0.6786171574903969,0.25650874946649593,0.08548579832705212,0,0.042283298097251586,0,0.09283941538744371,0,0.3373471826454637,0,0.05974813861568158,0,0.3822961669271072,1,1.0,0.0,Right,0,1,0.6902985074626866,0.6957910345614237,0,
3300.0,Maya Yoshida,Japan,1,2022,2022,low,0.0,0.6786171574903969,0.25650874946649593,0.08548579832705212,0,0.042283298097251586,0,0.09283941538744371,0,0.42825627355455465,1,0.05974813861568158,0,0.29138707601801633,0,1.0,0.0,Right,1,0,0.6275440976933514,0.7653701380175659,1,0.45454545454545453
30940.0,Jure Balkovec,Slovenia,1,2024,2024,low,0.0,0.6786171574903969,0.25650874946649593,0.08548579832705212,0,0.042283298097251586,0,0.09283941538744371,0,0.42825627355455465,1,0.05974813861568158,0,0.29138707601801633,0,0.0,1.0,Left,1,0,0.6275440976933514,0.7653701380175659,0,
30714.0,Jude Bellingham,England,1,2024,2024,low,1.0,0.7695262483994878,0.16559965855740505,0.08548579832705212,0,0.042283298097251586,0,0.09283941538744371,0,0.3373471826454637,0,0.05974813861568158,0,0.3822961669271072,1,1.0,0.0,Right,1,0,0.7184531886024423,0.7653701380175659,0,
30193.0,Gedeon Kalulu Kyatengwa,Congo DR,1,2023,2023,low,1.0,0.7695262483994878,0.16559965855740505,0.08548579832705212,0,0.042283298097251586,0,0.1837485062965346,1,0.3373471826454637,0,0.05974813861568158,0,0.29138707601801633,0,1.0,0.0,Right,1,0,0.7184531886024423,0.7653701380175659,0,
29976.0,Gabriel Teodoro Martinelli Silva,Brazil,1,2024,2024,low,1.0,0.7695262483994878,0.16559965855740505,0.08548579832705212,0,0.042283298097251586,0,0.09283941538744371,0,0.3373471826454637,0,0.05974813861568158,0,0.3822961669271072,1,1.0,0.0,Right,1,0,0.7184531886024423,0.7653701380175659,1,0.5454545454545454
29560.0,Julián Álvarez,Argentina,1,2024,2024,low,1.0,0.7695262483994878,0.16559965855740505,0.08548579832705212,0,0.042283298097251586,0,0.1837485062965346,1,0.3373471826454637,0,0.05974813861568158,0,0.29138707601801633,0,1.0,0.0,Right,1,0,0.7184531886024423,0.7653701380175659,0,
40124.0,Rickie Lambert,West Bromwich Albion,1,2015,2015,low,1.0,0.7695262483994878,0.16559965855740505,0.08548579832705212,0,0.042283298097251586,0,0.09283941538744371,0,0.3373471826454637,0,0.05974813861568158,0,0.3822961669271072,1,1.0,0.0,Right,0,1,0.6902985074626866,0.7867001254705145,0,
39721.0,Johan Neeskens,Netherlands,1,1974,1974,low,1.0,0.7695262483994878,0.16559965855740505,0.08548579832705212,0,0.042283298097251586,0,0.09283941538744371,0,0.3373471826454637,0,0.1506572295247725,1,0.29138707601801633,0,1.0,0.0,Right,0,1,0.6902985074626866,0.7867001254705145,0,
39461.0,Cole Palmer,England,1,2024,2024,low,1.0,0.7695262483994878,0.16559965855740505,0.08548579832705212,0,0.042283298097251586,0,0.09283941538744371,0,0.42825627355455465,1,0.05974813861568158,0,0.29138707601801633,0,0.0,1.0,Left,1,0,0.7184531886024423,0.7653701380175659,0,
39420.0,Bradley Barcola,France,1,2024,2024,low,1.0,0.7695262483994878,0.16559965855740505,0.08548579832705212,0,0.042283298097251586,0,0.09283941538744371,0,0.42825627355455465,1,0.05974813861568158,0,0.29138707601801633,0,1.0,0.0,Right,1,0,0.7184531886024423,0.7653701380175659,0,
38718.0,Enzo Fernandez,Argentina,1,2022,2022,low,0.0,0.6786171574903969,0.16559965855740505,0.09403437815975733,0,0.046511627906976744,0,0.10212335692618808,0,0.3710819009100101,0,0.06572295247724974,0,0.320525783619818,0,1.0,0.0,Right,1,0,0.6275440976933514,0.7653701380175659,0,
38610.0,Paul Breitner,Germany,1,1974,1974,low,1.0,0.7695262483994878,0.16559965855740505,0.08548579832705212,0,0.042283298097251586,0,0.09283941538744371,0,0.42825627355455465,1,0.05974813861568158,0,0.29138707601801633,0,1.0,0.0,Right,0,1,0.6902985074626866,0.7867001254705145,0,
37211.0,Kaoru Mitoma,Japan,1,2022,2022,low,0.0,0.6786171574903969,0.25650874946649593,0.08548579832705212,0,0.042283298097251586,0,0.09283941538744371,0,0.42825627355455465,1,0.05974813861568158,0,0.29138707601801633,0,1.0,0.0,Right,1,0,0.6275440976933514,0.7653701380175659,1,0.45454545454545453
36659.0,Manuel Ugarte Ribeiro,Uruguay,1,2024,2024,low,1.0,0.7695262483994878,0.16559965855740505,0.08548579832705212,0,0.042283298097251586,0,0.1837485062965346,1,0.3373471826454637,0,0.05974813861568158,0,0.29138707601801633,0,1.0,0.0,Right,1,0,0.7184531886024423,0.7653701380175659,0,
35684.0,Meschak Elia,Congo DR,1,2023,2023,low,0.0,0.6786171574903969,0.25650874946649593,0.08548579832705212,0,0.042283298097251586,0,0.09283941538744371,0,0.42825627355455465,1,0.05974813861568158,0,0.29138707601801633,0,1.0,0.0,Right,1,0,0.6275440976933514,0.7653701380175659,1,0.45454545454545453
35413.0,Lionel Mpasi-Nzau,Congo DR,1,2023,2023,low,1.0,0.7695262483994878,0.16559965855740505,0.08548579832705212,0,0.042283298097251586,0,0.1837485062965346,1,0.3373471826454637,0,0.05974813861568158,0,0.29138707601801633,0,1.0,0.0,Right,1,0,0.7184531886024423,0.7653701380175659,0,
34386.0,John Arne Semundseth Riise,Liverpool,1,2004,2004,low,0.0,0.6786171574903969,0.25650874946649593,0.08548579832705212,0,0.042283298097251586,0,0.09283941538744371,0,0.42825627355455465,1,0.05974813861568158,0,0.29138707601801633,0,0.0,1.0,Left,1,0,0.6275440976933514,0.7653701380175659,0,
34385.0,Claudio Santos,AC Milan,1,2004,2004,low,0.0,0.6786171574903969,0.16559965855740505,0.09403437815975733,0,0.046511627906976744,0,0.10212335692618808,0,0.3710819009100101,0,0.06572295247724974,0,0.320525783619818,0,0.0,1.0,Left,1,0,0.6275440976933514,0.7653701380175659,0,
34384.0,Djibril Cissé,Liverpool,1,2004,2004,low,1.0,0.7695262483994878,0.16559965855740505,0.08548579832705212,0,0.042283298097251586,0,0.09283941538744371,0,0.3373471826454637,0,0.05974813861568158,0,0.3822961669271072,1,1.0,0.0,Right,1,0,0.7184531886024423,0.7653701380175659,0,
34335.0,Terem Igobor Moffi,Nigeria,1,2023,2023,low,1.0,0.7695262483994878,0.16559965855740505,0.08548579832705212,0,0.042283298097251586,0,0.09283941538744371,0,0.3373471826454637,0,0.1506572295247725,1,0.29138707601801633,0,0.0,1.0,Left,1,0,0.7184531886024423,0.7653701380175659,0,
33459.0,Alexander Baumjohann,Hertha Berlin,1,2015,2015,low,1.0,0.7695262483994878,0.16559965855740505,0.08548579832705212,0,0.042283298097251586,0,0.09283941538744371,0,0.42825627355455465,1,0.05974813861568158,0,0.29138707601801633,0,1.0,0.0,Right,0,1,0.6902985074626866,0.7867001254705145,0,
32868.0,Bryan Silva Teixera,Cape Verde Islands,1,2023,2023,low,1.0,0.7695262483994878,0.16559965855740505,0.08548579832705212,0,0.042283298097251586,0,0.09283941538744371,0,0.3373471826454637,0,0.05974813861568158,0,0.3822961669271072,1,1.0,0.0,Right,1,0,0.7184531886024423,0.7653701380175659,1,0.5454545454545454
2941.0,Ismaïla Sarr,Senegal,1,2022,2022,low,1.0,0.7695262483994878,0.16559965855740505,0.08548579832705212,0,0.042283298097251586,0,0.09283941538744371,0,0.3373471826454637,0,0.05974813861568158,0,0.3822961669271072,1,1.0,0.0,Right,0,1,0.6902985074626866,0.7867001254705145,0,
401453.0,"David N""Gog",Stade de Reims,1,2015,2015,low,0.0,0.6786171574903969,0.25650874946649593,0.08548579832705212,0,0.042283298097251586,0,0.09283941538744371,0,0.42825627355455465,1,0.05974813861568158,0,0.29138707601801633,0,1.0,0.0,Right,0,1,0.6902985074626866,0.6957910345614237,0,
397991.0,Hugo Alvez,Argentina U20,1,1979,1979,low,1.0,0.7695262483994878,0.16559965855740505,0.08548579832705212,0,0.042283298097251586,0,0.09283941538744371,0,0.3373471826454637,0,0.1506572295247725,1,0.29138707601801633,0,1.0,0.0,Right,0,1,0.6902985074626866,0.7867001254705145,0,
387475.0,Andrea Lazzari,Carpi,1,2015,2015,low,0.0,0.6786171574903969,0.25650874946649593,0.08548579832705212,0,0.042283298097251586,0,0.09283941538744371,0,0.42825627355455465,1,0.05974813861568158,0,0.29138707601801633,0,0.0,1.0,Left,0,1,0.6902985074626866,0.6957910345614237,0,
386607.0,Gianpaolo Bellini,Atalanta,1,2015,2015,low,1.0,0.7695262483994878,0.16559965855740505,0.08548579832705212,0,0.042283298097251586,0,0.09283941538744371,0,0.42825627355455465,1,0.05974813861568158,0,0.29138707601801633,0,1.0,0.0,Right,0,1,0.6902985074626866,0.7867001254705145,0,
384888.0,Ray Kendry Páez Andrade,Ecuador,1,2024,2024,low,1.0,0.7695262483994878,0.16559965855740505,0.08548579832705212,0,0.042283298097251586,0,0.09283941538744371,0,0.3373471826454637,0,0.05974813861568158,0,0.3822961669271072,1,0.0,1.0,Left,0,1,0.6902985074626866,0.7867001254705145,0,
66892.0,Mohamed Hany Gamal Eldemerdash,Egypt,1,2023,2023,low,1.0,0.7695262483994878,0.16559965855740505,0.08548579832705212,0,0.042283298097251586,0,0.1837485062965346,1,0.3373471826454637,0,0.05974813861568158,0,0.29138707601801633,0,1.0,0.0,Right,1,0,0.7184531886024423,0.7653701380175659,1,0.5454545454545454
66879.0,Mohamed Abougabal,Egypt,1,2023,2023,low,0.0,0.6786171574903969,0.16559965855740505,0.09403437815975733,0,0.046511627906976744,0,0.10212335692618808,0,0.3710819009100101,0,0.06572295247724974,0,0.320525783619818,0,1.0,0.0,Right,1,0,0.6275440976933514,0.7653701380175659,1,0.45454545454545453
66725.0,Oswin Reagan Appollis,South Africa,1,2023,2023,low,1.0,0.7695262483994878,0.16559965855740505,0.08548579832705212,0,0.042283298097251586,0,0.09283941538744371,0,0.42825627355455465,1,0.05974813861568158,0,0.29138707601801633,0,1.0,0.0,Right,1,0,0.7184531886024423,0.7653701380175659,0,
65853.0,Evidence Makgopa,South Africa,1,2023,2023,low,0.0,0.6786171574903969,0.25650874946649593,0.08548579832705212,0,0.042283298097251586,0,0.09283941538744371,0,0.42825627355455465,1,0.05974813861568158,0,0.29138707601801633,0,1.0,0.0,Right,1,0,0.6275440976933514,0.7653701380175659,1,0.45454545454545453
64629.0,Thabang Amod Monare,South Africa,1,2023,2023,low,1.0,0.7695262483994878,0.16559965855740505,0.08548579832705212,0,0.042283298097251586,0,0.09283941538744371,0,0.42825627355455465,1,0.05974813861568158,0,0.29138707601801633,0,1.0,0.0,Right,1,0,0.7184531886024423,0.7653701380175659,0,
50968.0,Erickson Patrick Correia Andrade,Cape Verde Islands,1,2023,2023,low,0.0,0.6786171574903969,0.25650874946649593,0.08548579832705212,0,0.042283298097251586,0,0.09283941538744371,0,0.3373471826454637,0,0.05974813861568158,0,0.3822961669271072,1,0.0,1.0,Left,1,0,0.6275440976933514,0.7653701380175659,1,0.45454545454545453
50498.0,Pape Matar Sarr,Senegal,1,2023,2023,low,1.0,0.7695262483994878,0.16559965855740505,0.17639488923614302,1,0.042283298097251586,0,0.09283941538744371,0,0.3373471826454637,0,0.05974813861568158,0,0.29138707601801633,0,1.0,0.0,Right,1,0,0.7184531886024423,0.7653701380175659,0,
48335.0,Mohamed Zeki Amdouni,Switzerland,1,2024,2024,low,1.0,0.7695262483994878,0.16559965855740505,0.08548579832705212,0,0.042283298097251586,0,0.09283941538744371,0,0.3373471826454637,0,0.1506572295247725,1,0.29138707601801633,0,1.0,0.0,Right,1,0,0.7184531886024423,0.7653701380175659,1,0.5454545454545454
47822.0,Wilker José Ángel Romero,Venezuela,1,2024,2024,low,0.0,0.6786171574903969,0.25650874946649593,0.08548579832705212,0,0.042283298097251586,0,0.09283941538744371,0,0.3373471826454637,0,0.05974813861568158,0,0.3822961669271072,1,1.0,0.0,Right,1,0,0.6275440976933514,0.7653701380175659,1,0.45454545454545453
42902.0,Adam Johnson,Sunderland,1,2015,2015,low,1.0,0.7695262483994878,0.16559965855740505,0.08548579832705212,0,0.042283298097251586,0,0.09283941538744371,0,0.3373471826454637,0,0.05974813861568158,0,0.3822961669271072,1,0.0,1.0,Left,0,1,0.6902985074626866,0.7867001254705145,0,
102722.0,Siyanda Xulu,South Africa,1,2023,2023,low,1.0,0.7695262483994878,0.16559965855740505,0.08548579832705212,0,0.042283298097251586,0,0.09283941538744371,0,0.42825627355455465,1,0.05974813861568158,0,0.29138707601801633,0,1.0,0.0,Right,1,0,0.7184531886024423,0.7653701380175659,0,
88123.0,Cheikh Ahmadou Bamba Mbacke Dieng,Senegal,1,2023,2023,low,1.0,0.7695262483994878,0.16559965855740505,0.08548579832705212,0,0.042283298097251586,0,0.09283941538744371,0,0.42825627355455465,1,0.05974813861568158,0,0.29138707601801633,0,1.0,0.0,Right,1,0,0.7184531886024423,0.7653701380175659,1,0.5454545454545454
70783.0,Omar Kamal Abdel Wahed,Egypt,1,2023,2023,low,1.0,0.7695262483994878,0.16559965855740505,0.08548579832705212,0,0.042283298097251586,0,0.09283941538744371,0,0.3373471826454637,0,0.05974813861568158,0,0.3822961669271072,1,1.0,0.0,Right,1,0,0.7184531886024423,0.7653701380175659,1,0.5454545454545454
69563.0,Mohamed Abdel Monem,Egypt,1,2023,2023,low,1.0,0.7695262483994878,0.16559965855740505,0.17639488923614302,1,0.042283298097251586,0,0.09283941538744371,0,0.3373471826454637,0,0.05974813861568158,0,0.29138707601801633,0,1.0,0.0,Right,1,0,0.7184531886024423,0.7653701380175659,0,
68755.0,Mostafa Fathi,Egypt,1,2023,2023,low,1.0,0.7695262483994878,0.16559965855740505,0.08548579832705212,0,0.042283298097251586,0,0.1837485062965346,1,0.3373471826454637,0,0.05974813861568158,0,0.29138707601801633,0,0.0,1.0,Left,1,0,0.7184531886024423,0.7653701380175659,1,0.5454545454545454
67974.0,Nkosinathi Sibisi,South Africa,1,2023,2023,low,1.0,0.7695262483994878,0.16559965855740505,0.08548579832705212,0,0.042283298097251586,0,0.09283941538744371,0,0.3373471826454637,0,0.05974813861568158,0,0.3822961669271072,1,1.0,0.0,Right,1,0,0.7184531886024423,0.7653701380175659,0,
67728.0,Mahmoud Hamada,Egypt,1,2023,2023,low,1.0,0.7695262483994878,0.16559965855740505,0.17639488923614302,1,0.042283298097251586,0,0.09283941538744371,0,0.3373471826454637,0,0.05974813861568158,0,0.29138707601801633,0,1.0,0.0,Right,1,0,0.7184531886024423,0.7653701380175659,1,0.5454545454545454
67700.0,Badr Banoun,Morocco,1,2022,2022,low,0.0,0.6786171574903969,0.25650874946649593,0.08548579832705212,0,0.042283298097251586,0,0.09283941538744371,0,0.42825627355455465,1,0.05974813861568158,0,0.29138707601801633,0,1.0,0.0,Right,1,0,0.6275440976933514,0.7653701380175659,0,
3057.0,Jonjo Shelvey,Swansea City,1,2015,2015,low,1.0,0.7695262483994878,0.16559965855740505,0.08548579832705212,0,0.042283298097251586,0,0.09283941538744371,0,0.3373471826454637,0,0.05974813861568158,0,0.3822961669271072,1,1.0,0.0,Right,0,1,0.6902985074626866,0.7867001254705145,0,
3043.0,Christian Dannemann Eriksen,Denmark,1,2018,2018,low,0.0,0.6786171574903969,0.25650874946649593,0.08548579832705212,0,0.042283298097251586,0,0.09283941538744371,0,0.42825627355455465,1,0.05974813861568158,0,0.29138707601801633,0,1.0,0.0,Right,1,0,0.6275440976933514,0.7653701380175659,0,
3018.0,Giovanni-Guy Yann Sio,Rennes,1,2015,2015,low,0.0,0.6786171574903969,0.25650874946649593,0.08548579832705212,0,0.042283298097251586,0,0.09283941538744371,0,0.42825627355455465,1,0.05974813861568158,0,0.29138707601801633,0,0.0,1.0,Left,0,1,0.6902985074626866,0.6957910345614237,0,
3013.0,Nicolas Pépé,Côte d'Ivoire,1,2023,2023,low,1.0,0.7695262483994878,0.16559965855740505,0.08548579832705212,0,0.042283298097251586,0,0.09283941538744371,0,0.42825627355455465,1,0.05974813861568158,0,0.29138707601801633,0,0.0,1.0,Left,1,0,0.7184531886024423,0.7653701380175659,0,
2999.0,Presnel Kimpembe,France,1,2020,2020,low,1.0,0.7695262483994878,0.16559965855740505,0.08548579832705212,0,0.042283298097251586,0,0.1837485062965346,1,0.3373471826454637,0,0.05974813861568158,0,0.29138707601801633,0,0.0,1.0,Left,1,0,0.7184531886024423,0.7653701380175659,1,0.5454545454545454
2988.0,Memphis Depay,Netherlands,1,2020,2020,low,1.0,0.7695262483994878,0.16559965855740505,0.08548579832705212,0,0.042283298097251586,0,0.09283941538744371,0,0.42825627355455465,1,0.05974813861568158,0,0.29138707601801633,0,1.0,0.0,Right,0,1,0.6902985074626866,0.7867001254705145,0,
2972.0,Marcus Thuram,France,1,2020,2020,low,1.0,0.7695262483994878,0.16559965855740505,0.08548579832705212,0,0.042283298097251586,0,0.09283941538744371,0,0.42825627355455465,1,0.05974813861568158,0,0.29138707601801633,0,1.0,0.0,Right,1,0,0.7184531886024423,0.7653701380175659,0,
2959.0,Julien Féret,Caen,1,2015,2015,low,1.0,0.7695262483994878,0.16559965855740505,0.08548579832705212,0,0.042283298097251586,0,0.09283941538744371,0,0.42825627355455465,1,0.05974813861568158,0,0.29138707601801633,0,1.0,0.0,Right,0,1,0.6902985074626866,0.7867001254705145,0,
