player_id,player_name,role,status,wikipedia_title,image_url,notes
5503,Lionel Andrés Messi Cuccittini,taker,success,Lionel Messi,https://upload.wikimedia.org/wikipedia/commons/thumb/6/6b/Lionel_Messi_White_House_2026_%283x4_cropped%29.jpg/500px-Lionel_Messi_White_House_2026_%283x4_cropped%29.jpg,
5207,Cristiano Ronaldo dos Santos Aveiro,taker,success,Cristiano Ronaldo,https://upload.wikimedia.org/wikipedia/commons/thumb/9/9c/President_Donald_Trump_meets_with_Cristiano_Ronaldo_in_the_Oval_Office_%2854933344262%29_%28cropped_and_rotated%29.jpg/500px-President_Donald_Trump_meets_with_Cristiano_Ronaldo_in_the_Oval_Office_%2854933344262%29_%28cropped_and_rotated%29.jpg,
25879,Ronaldo de Assis Moreira,taker,success,Ronaldinho,https://upload.wikimedia.org/wikipedia/commons/thumb/e/e8/Ronaldinho_in_2019.jpg/500px-Ronaldinho_in_2019.jpg,
4320,Neymar da Silva Santos Junior,taker,success,Neymar,https://upload.wikimedia.org/wikipedia/commons/b/bb/Neymar_Jr._with_Al_Hilal%2C_3_October_2023_-_03_%28cropped%29.jpg,
10955,Harry Kane,taker,success,Harry Kane,https://upload.wikimedia.org/wikipedia/commons/thumb/9/91/Harry_Kane_on_October_10%2C_2023.jpg/500px-Harry_Kane_on_October_10%2C_2023.jpg,
3009,Kylian Mbappé Lottin,taker,success,Kylian Mbappé,https://upload.wikimedia.org/wikipedia/commons/thumb/6/66/Picture_with_Mbapp%C3%A9_%28cropped_and_rotated%29.jpg/500px-Picture_with_Mbapp%C3%A9_%28cropped_and_rotated%29.jpg,
5246,Luis Alberto Suárez Díaz,taker,success,Luis Suárez,https://upload.wikimedia.org/wikipedia/commons/thumb/f/f7/Luis_Su%C3%A1rez_2026_%28cropped%29.jpg/500px-Luis_Su%C3%A1rez_2026_%28cropped%29.jpg,
5487,Antoine Griezmann,taker,success,Antoine Griezmann,https://upload.wikimedia.org/wikipedia/commons/thumb/6/6e/FRA-ARG_%2810%29_%28cropped%29.jpg/500px-FRA-ARG_%2810%29_%28cropped%29.jpg,
7776,Antonio Candreva,taker,success,Antonio Candreva,https://upload.wikimedia.org/wikipedia/commons/thumb/c/c1/20150616_-_Portugal_-_Italie_-_Gen%C3%A8ve_-_Antonio_Candreva.jpg/500px-20150616_-_Portugal_-_Italie_-_Gen%C3%A8ve_-_Antonio_Candreva.jpg,
40464,Moritz Hartmann,taker,not_a_footballer,Moritz Hartmann,,Categories: Category:1821 births | Category:1872 deaths | Category:19th-century Czech Jews | Category:19th-century German Jews | Category:All articles lacking in-text citations | Category:Articles lacking in-text
7139,Josip Iličić,taker,success,Josip Iličić,https://upload.wikimedia.org/wikipedia/commons/3/3b/Josip_Ilicic_2021.jpg,
15516,Thierry Henry,taker,success,Thierry Henry,https://upload.wikimedia.org/wikipedia/commons/thumb/b/b9/Thierry_Henry_%2851649035951%29_%28cropped%29.jpg/500px-Thierry_Henry_%2851649035951%29_%28cropped%29.jpg,
5743,Paulo Bruno Exequiel Dybala,taker,not_a_footballer,2022 FIFA World Cup knockout stage,,Categories: Category:2020s in Doha | Category:2022 FIFA World Cup | Category:Argentina at the 2022 FIFA World Cup | Category:Articles containing Croatian-language text | Category:Articles with short description |
27109,Youssef El-Arabi,taker,success,Youssef El-Arabi,https://upload.wikimedia.org/wikipedia/commons/thumb/b/bc/Youssef-el-arabi.jpg/500px-Youssef-el-arabi.jpg,
3672,Zlatan Ibrahimović,taker,success,Zlatan Ibrahimović,https://upload.wikimedia.org/wikipedia/commons/0/09/Zlatan_Ibrahimovi%C4%87_June_2018.jpg,
3454,Troy Deeney,taker,success,Troy Deeney,https://upload.wikimedia.org/wikipedia/commons/thumb/5/55/Troy_Deeney_141028.jpg/500px-Troy_Deeney_141028.jpg,
3247,Fábio Henrique Tavares,taker,success,"Fabinho (footballer, born 1993)",https://upload.wikimedia.org/wikipedia/commons/thumb/d/dc/Fabinho_%2843934382122%29_%28cropped%29.jpg/500px-Fabinho_%2843934382122%29_%28cropped%29.jpg,
7471,Andrea Belotti,taker,success,Andrea Belotti,https://upload.wikimedia.org/wikipedia/commons/4/45/Andrea_Belotti_2021.jpg,
3814,Riyad Mahrez,taker,success,Riyad Mahrez,https://upload.wikimedia.org/wikipedia/commons/thumb/4/45/Mahrez_2021.jpg/500px-Mahrez_2021.jpg,
10960,Jamie Vardy,taker,success,Jamie Vardy,https://upload.wikimedia.org/wikipedia/commons/thumb/c/c1/Jamie_Vardy_2018_%28cropped%29.jpg/500px-Jamie_Vardy_2018_%28cropped%29.jpg,
8237,Paul Verhaegh,taker,no_image,Paul Verhaegh,,Page exists but has no infobox image
11132,Claudio Miguel Pizarro Bossio,taker,no_image,List of foreign Liga MX players,,Page exists but has no infobox image
7131,Domenico Berardi,taker,success,Domenico Berardi,https://upload.wikimedia.org/wikipedia/commons/c/c8/Domenico_Berardi%2C_Palazzo_Chigi%2C_2021.jpg,
5463,Luka Modrić,taker,success,Luka Modrić,https://upload.wikimedia.org/wikipedia/commons/thumb/1/1b/Ofrenda_de_la_Liga_y_la_Champions-57-L.Mill%C3%A1n_%2852109310843%29_%28Luka_Modri%C4%87%29.jpg/500px-Ofrenda_de_la_Liga_y_la_Champions-57-L.Mill%C3%A1n_%2852109310843%29_%28Luka_Modri%C4%87%29.jpg,
5562,Thomas Müller,taker,success,Thomas Müller,https://upload.wikimedia.org/wikipedia/commons/thumb/a/aa/FC_Red_Bull_Salzburg_gegen_Bayern_M%C3%BCnchen_%282025-01-06_Testspiel%29_19.jpg/500px-FC_Red_Bull_Salzburg_gegen_Bayern_M%C3%BCnchen_%282025-01-06_Testspiel%29_19.jpg,
19298,Samuel Eto''o Fils,taker,success,Samuel Eto'o,https://upload.wikimedia.org/wikipedia/commons/thumb/f/fb/Samuel_2011.jpg/500px-Samuel_2011.jpg,
3237,Sergio Leonel Agüero del Castillo,taker,success,Sergio Agüero,https://upload.wikimedia.org/wikipedia/commons/thumb/7/7b/Ag%C3%BCero_in_2018.jpg/500px-Ag%C3%BCero_in_2018.jpg,
3185,Thomas Mangani,taker,success,Thomas Mangani,https://upload.wikimedia.org/wikipedia/commons/thumb/4/4e/Lens_-_Angers_%2829-11-2020%29_42.jpg/500px-Lens_-_Angers_%2829-11-2020%29_42.jpg,
16462,Hatem Ben Arfa,taker,success,Hatem Ben Arfa,https://upload.wikimedia.org/wikipedia/commons/thumb/e/e2/Hatem_Ben_Arfa_Cannes_2016_2.jpg/500px-Hatem_Ben_Arfa_Cannes_2016_2.jpg,
6595,Daniel Parejo Muñoz,taker,success,Dani Parejo,https://upload.wikimedia.org/wikipedia/commons/5/56/Real_Valladolid-Valencia_CF%2C_2019-05-18_%2819%29_%28cropped%29.jpg,
6401,Kevin Gameiro,taker,success,Kevin Gameiro,https://upload.wikimedia.org/wikipedia/commons/thumb/a/af/Kevin_Gameiro_2016_%28cropped%29.jpg/500px-Kevin_Gameiro_2016_%28cropped%29.jpg,
3038,Andy Delort,taker,success,Andy Delort,https://upload.wikimedia.org/wikipedia/commons/thumb/a/ae/Andy_Delort_%2810-4-2022%29.jpg/500px-Andy_Delort_%2810-4-2022%29.jpg,
5668,Robert Lewandowski,taker,success,Robert Lewandowski,https://upload.wikimedia.org/wikipedia/commons/thumb/2/26/2019147183134_2019-05-27_Fussball_1.FC_Kaiserslautern_vs_FC_Bayern_M%C3%BCnchen_-_Sven_-_1D_X_MK_II_-_0228_-_B70I8527_%28cropped%29.jpg/500px-2019147183134_2019-05-27_Fussball_1.FC_Kaiserslautern_vs_FC_Bayern_M%C3%BCnchen_-_Sven_-_1D_X_MK_II_-_0228_-_B70I8527_%28cropped%29.jpg,
6394,Aritz Aduriz Zubeldia,taker,success,Aritz Aduriz,https://upload.wikimedia.org/wikipedia/commons/9/97/SM-AB_2018_%287%29_%28Aduriz%29.jpg,
6723,Wissam Ben Yedder,taker,success,Wissam Ben Yedder,https://upload.wikimedia.org/wikipedia/commons/thumb/a/a1/Wissam_Ben_Yedder_AS_Monaco_capitain_%2820-12-2023%29_%28cropped%29.jpg/500px-Wissam_Ben_Yedder_AS_Monaco_capitain_%2820-12-2023%29_%28cropped%29.jpg,
3944,Gylfi Þór Sigurðsson,taker,success,Gylfi Sigurðsson,https://upload.wikimedia.org/wikipedia/commons/f/f3/ISL-HRV_%2821%29_%28cropped%29.jpg,
10755,Jonathan Viera Ramos,taker,success,Jonathan Viera,https://upload.wikimedia.org/wikipedia/commons/6/69/Jonathan_Viera_-_Valencia_CF_-_Espa%C3%B1ol_2012_%5E9_-_Flickr_-_V%C3%ADctor_Guti%C3%A9rrez_Navarro.jpg,
33178,Benjamin Moukandjo Bilé,taker,success,Benjamin Moukandjo,https://upload.wikimedia.org/wikipedia/commons/thumb/e/e1/Cameroon-Australia_%2812%29.jpg/500px-Cameroon-Australia_%2812%29.jpg,
9723,Sandro Wagner,taker,success,Sandro Wagner,https://upload.wikimedia.org/wikipedia/commons/thumb/9/9e/Sandro_Wagner_2018.jpg/500px-Sandro_Wagner_2018.jpg,
8060,Klaas-Jan Huntelaar,taker,success,Klaas-Jan Huntelaar,https://upload.wikimedia.org/wikipedia/commons/thumb/5/55/Klaas-Jan_Huntelaar_in_2015_%28crop%29.png/500px-Klaas-Jan_Huntelaar_in_2015_%28crop%29.png,
3712,Pierre-Emerick Aubameyang,taker,download_failed,Pierre-Emerick Aubameyang,https://upload.wikimedia.org/wikipedia/commons/thumb/3/37/1_Pierre-Emerick_Aubameyang_%28cropped%29.jpg/500px-1_Pierre-Emerick_Aubameyang_%28cropped%29.jpg,Image URL found but download or processing failed
66716,Teboho Mokoena,taker,no_image,"Teboho Mokoena (soccer, born 1997)",,Page exists but has no infobox image
3277,Yohan Cabaye,taker,success,Yohan Cabaye,https://upload.wikimedia.org/wikipedia/commons/b/b2/Yohan_Cabaye.JPG,
32289,Victor Okoh Boniface,taker,success,Victor Boniface,https://upload.wikimedia.org/wikipedia/commons/thumb/8/81/Boniface_Jr.jpg/500px-Boniface_Jr.jpg,
26848,Roberto Trashorras Gayoso,taker,success,Roberto Trashorras,https://upload.wikimedia.org/wikipedia/commons/thumb/5/58/Roberto_Trashorras_Gayoso.jpg/500px-Roberto_Trashorras_Gayoso.jpg,
24070,Saúl Berjón Pérez,taker,success,Saúl Berjón,https://upload.wikimedia.org/wikipedia/commons/thumb/a/a8/Berjon.jpg/500px-Berjon.jpg,
3325,Marko Arnautović,taker,success,Marko Arnautović,https://upload.wikimedia.org/wikipedia/commons/thumb/f/f6/20180610_FIFA_Friendly_Match_Austria_vs._Brazil_Marko_Arnautovi%C4%87_850_1633.jpg/500px-20180610_FIFA_Friendly_Match_Austria_vs._Brazil_Marko_Arnautovi%C4%87_850_1633.jpg,
3451,Alexandre Lacazette,taker,success,Alexandre Lacazette,https://upload.wikimedia.org/wikipedia/commons/thumb/5/56/Lacazette_asse_ol_2425.png/500px-Lacazette_asse_ol_2425.png,
23486,Anthony Modeste,taker,success,Anthony Modeste (French footballer),https://upload.wikimedia.org/wikipedia/commons/thumb/5/55/2021-08-08_FC_Carl_Zeiss_Jena_gegen_1._FC_K%C3%B6ln_%28DFB-Pokal%29_by_Sandro_Halank%E2%80%93288.jpg/500px-2021-08-08_FC_Carl_Zeiss_Jena_gegen_1._FC_K%C3%B6ln_%28DFB-Pokal%29_by_Sandro_Halank%E2%80%93288.jpg,
6832,Rubén Castro Martín,taker,success,Rubén Castro,https://upload.wikimedia.org/wikipedia/commons/thumb/1/1d/Ruben_Castro_2012.jpg/500px-Ruben_Castro_2012.jpg,
20252,Luca Toni,taker,success,Luca Toni,https://upload.wikimedia.org/wikipedia/commons/thumb/4/46/FC_Zenit_Saint_Petersburg_vs._Juventus%2C_20_October_2021_33_%28Luca_Toni%29.jpg/500px-FC_Zenit_Saint_Petersburg_vs._Juventus%2C_20_October_2021_33_%28Luca_Toni%29.jpg,
5204,Bruno Miguel Borges Fernandes,taker,success,Bruno Fernandes,https://upload.wikimedia.org/wikipedia/commons/thumb/c/c7/Bruno_Fernandes_USMNT_v_Portugal_Mar_31_2026-27_%28cropped%29.jpg/500px-Bruno_Fernandes_USMNT_v_Portugal_Mar_31_2026-27_%28cropped%29.jpg,
6766,Gerard Moreno Balaguero,taker,success,Gerard Moreno,https://upload.wikimedia.org/wikipedia/commons/thumb/9/9c/UEFA_EURO_qualifiers_Sweden_vs_Spain_20191015_138_%28cropped%29.jpg/500px-UEFA_EURO_qualifiers_Sweden_vs_Spain_20191015_138_%28cropped%29.jpg,
3289,Romelu Lukaku Menama,taker,success,Romelu Lukaku,https://upload.wikimedia.org/wikipedia/commons/thumb/d/dc/Romelu_Lukaku_2021.jpg/500px-Romelu_Lukaku_2021.jpg,
32608,Jerry Uche Mbakogu,taker,success,Jerry Mbakogu,https://upload.wikimedia.org/wikipedia/commons/7/7b/Jerry_Mbakogu_2016.jpg,
3450,Jordan Ayew,taker,success,Jordan Ayew,https://upload.wikimedia.org/wikipedia/commons/thumb/b/b6/Jordan_Ayew_24082024_%282%29.jpg/500px-Jordan_Ayew_24082024_%282%29.jpg,
28263,Gonzalo Ariel Montiel,taker,success,Gonzalo Montiel,https://upload.wikimedia.org/wikipedia/commons/d/df/Argentina_national_football_team_-_2_-_2022_%28Gonzalo_Montiel%29_%28cropped%29.jpg,
5460,Andrej Kramarić,taker,success,Andrej Kramarić,https://upload.wikimedia.org/wikipedia/commons/thumb/2/2e/Andrej_Kramari%C4%87_2018.jpg/500px-Andrej_Kramari%C4%87_2018.jpg,
5549,Manuel Obafemi Akanji,taker,success,Manuel Akanji,https://upload.wikimedia.org/wikipedia/commons/thumb/b/b3/2023-10-04_Fu%C3%9Fball%2C_M%C3%A4nner%2C_UEFA_Champions_League%2C_RB_Leipzig_-_Manchester_City_FC_1DX_2792_%28Manuel_Akanji%29.jpg/500px-2023-10-04_Fu%C3%9Fball%2C_M%C3%A4nner%2C_UEFA_Champions_League%2C_RB_Leipzig_-_Manchester_City_FC_1DX_2792_%28Manuel_Akanji%29.jpg,
5497,Gonzalo Gerardo Higuaín,taker,success,Gonzalo Higuaín,https://upload.wikimedia.org/wikipedia/commons/7/72/Gonzalo_Higua%C3%ADn_2019.jpg,
7000,Eder Citadin Martins,taker,success,"Éder (footballer, born 1986)",https://upload.wikimedia.org/wikipedia/commons/thumb/9/96/Eder-Sao-Paulo-Juventude-jun-2022.jpg/500px-Eder-Sao-Paulo-Juventude-jun-2022.jpg,
5455,William Troost-Ekong,taker,success,William Troost-Ekong,https://upload.wikimedia.org/wikipedia/commons/thumb/8/82/Argentina-Nigeria_%285%29.jpg/500px-Argentina-Nigeria_%285%29.jpg,
6566,Borja González Tomás,taker,success,Borja Bastón,https://upload.wikimedia.org/wikipedia/commons/d/df/SDE_-_GCF_DSC02690_%2823842721443%29_%28cropped%29.jpg,
6399,Gareth Frank Bale,taker,success,Gareth Bale,https://upload.wikimedia.org/wikipedia/commons/1/1e/2022_FIFA_World_Cup_United_States_1%E2%80%931_Wales_-_%2832%29_%28cropped%29.jpg,
5688,Carlos Arturo Bacca Ahumada,taker,success,Carlos Bacca,https://upload.wikimedia.org/wikipedia/commons/thumb/a/a9/FWC_2018_-_Round_of_16_-_COL_v_ENG_-_Photo_125.jpg/500px-FWC_2018_-_Round_of_16_-_COL_v_ENG_-_Photo_125.jpg,
6402,Francisco Alcácer García,taker,success,Paco Alcácer,https://upload.wikimedia.org/wikipedia/commons/f/fa/Ukr-Spain2015_%2812%29_-_%D0%BA%D0%BE%D0%BF%D0%B8%D1%8F.jpg,
5537,Fabian Lukas Schär,taker,success,Fabian Schär,https://upload.wikimedia.org/wikipedia/commons/6/6d/Fabian_Sch%C3%A4r.jpg,
6686,Giampaolo Pazzini,taker,success,Giampaolo Pazzini,https://upload.wikimedia.org/wikipedia/commons/thumb/8/81/Giampaolo_Pazzini_2022.jpg/500px-Giampaolo_Pazzini_2022.jpg,
6950,Alberto Paloschi,taker,success,Alberto Paloschi,https://upload.wikimedia.org/wikipedia/commons/thumb/c/c2/Alberto_Paloschi01.jpg/500px-Alberto_Paloschi01.jpg,
6381,Saúl Ñíguez Esclapez,taker,success,"Saúl (footballer, born 1994)",https://upload.wikimedia.org/wikipedia/commons/7/72/Sa%C3%BAl_%C3%91%C3%ADguez_2019.jpg,
2956,Bertrand Isidore Traoré,taker,success,Bertrand Traoré,https://upload.wikimedia.org/wikipedia/commons/thumb/7/71/Capitain_du_bourkina_%28cropped%29.jpg/500px-Capitain_du_bourkina_%28cropped%29.jpg,
5544,Ricardo Iván Rodríguez Araya,taker,success,Ricardo Rodriguez (footballer),https://upload.wikimedia.org/wikipedia/commons/thumb/f/fd/Ricardo_Rodr%C3%ADguez_2018.jpg/500px-Ricardo_Rodr%C3%ADguez_2018.jpg,
4447,Martin Braithwaite Christensen,taker,success,Martin Braithwaite,https://upload.wikimedia.org/wikipedia/commons/thumb/0/0f/Martin_Braithwaite_Web_Summit_2021.jpg/500px-Martin_Braithwaite_Web_Summit_2021.jpg,
7788,Ciro Immobile,taker,success,Ciro Immobile,https://upload.wikimedia.org/wikipedia/commons/thumb/8/88/Ciro_Immobile_20240803_%28cropped%29.jpg/500px-Ciro_Immobile_20240803_%28cropped%29.jpg,
7045,Valter Birsa,taker,success,Valter Birsa,https://upload.wikimedia.org/wikipedia/commons/5/51/Valter_Birsa_2009.jpg,
7702,Alessio Cerci,taker,success,Alessio Cerci,https://upload.wikimedia.org/wikipedia/commons/thumb/1/13/AlessioCerci_FInotti.jpg/500px-AlessioCerci_FInotti.jpg,
8193,Maximiliano Gastón López,taker,success,Maxi López,https://upload.wikimedia.org/wikipedia/commons/thumb/1/1b/Maxi_Lopez.jpg/500px-Maxi_Lopez.jpg,
8215,Kevin Volland,taker,success,Kevin Volland,https://upload.wikimedia.org/wikipedia/commons/thumb/e/eb/Kevin-Volland-August2018.jpg/500px-Kevin-Volland-August2018.jpg,
3874,Mark Noble,taker,success,Mark Noble,https://upload.wikimedia.org/wikipedia/commons/thumb/2/26/Mark_Noble_2023.jpeg/500px-Mark_Noble_2023.jpeg,
8103,Mattia Destro,taker,success,Mattia Destro,https://upload.wikimedia.org/wikipedia/commons/thumb/6/6c/Mattia_Destro_-_AS_Roma_-_Ritiro_2014_%28Bad_Waltersdorf%29_-_Edited_%282%29.jpg/500px-Mattia_Destro_-_AS_Roma_-_Ritiro_2014_%28Bad_Waltersdorf%29_-_Edited_%282%29.jpg,
5201,Sergio Ramos García,taker,success,Sergio Ramos,https://upload.wikimedia.org/wikipedia/commons/4/4b/Sergio_Ramos_Interview_2021_%28cropped%29.jpg,
22819,Bruno Soriano Llido,taker,success,Bruno Soriano,https://upload.wikimedia.org/wikipedia/commons/7/7a/RS_-_VCF_DSC02045_%2823599469050%29_%28cropped%29.jpg,
23640,Jonathan David,taker,success,Jonathan David,https://upload.wikimedia.org/wikipedia/commons/thumb/e/ee/Jonathan_David_asse_losc_2425_%28cropped%29.jpg/500px-Jonathan_David_asse_losc_2425_%28cropped%29.jpg,
3477,Álvaro Borja Morata Martín,taker,success,Álvaro Morata,https://upload.wikimedia.org/wikipedia/commons/thumb/6/62/%C3%81lvaro_Morata_in_2025.jpg/500px-%C3%81lvaro_Morata_in_2025.jpg,
3531,Mohamed Salah,taker,success,Mohamed Salah,https://upload.wikimedia.org/wikipedia/commons/thumb/4/4a/Mohamed_Salah_2018.jpg/500px-Mohamed_Salah_2018.jpg,
20004,Paul Pogba,taker,success,Paul Pogba,https://upload.wikimedia.org/wikipedia/commons/thumb/e/ec/Paul_Pogba_at_the_2025_Cannes_Film_Festival_02.jpg/500px-Paul_Pogba_at_the_2025_Cannes_Film_Festival_02.jpg,
16308,Leandro Daniel Paredes,taker,success,Leandro Paredes,https://upload.wikimedia.org/wikipedia/commons/thumb/1/13/Leandro_Paredes_2018_%28cropped%29.jpg/500px-Leandro_Paredes_2018_%28cropped%29.jpg,
19729,Ruud van Nistelrooy,taker,success,Ruud van Nistelrooy,https://upload.wikimedia.org/wikipedia/commons/thumb/9/9d/Ruud_van_Nistelrooy_2017.jpg/500px-Ruud_van_Nistelrooy_2017.jpg,
12365,Alphonso Davies,taker,success,Alphonso Davies,https://upload.wikimedia.org/wikipedia/commons/thumb/f/ff/Alphonso_Davies_in_2022.jpg/500px-Alphonso_Davies_in_2022.jpg,
3629,Sadio Mané,taker,success,Sadio Mané,https://upload.wikimedia.org/wikipedia/commons/thumb/1/1a/Sadio_Mane_Al-Nassr.jpg/500px-Sadio_Mane_Al-Nassr.jpg,
22084,Bukayo Saka,taker,success,Bukayo Saka,https://upload.wikimedia.org/wikipedia/commons/thumb/c/cd/1_bukayo_saka_arsenal_2025_%28cropped%29.jpg/500px-1_bukayo_saka_arsenal_2025_%28cropped%29.jpg,
22600,Lucas Tolentino Coelho de Lima,taker,success,Lucas Paquetá,https://upload.wikimedia.org/wikipedia/commons/thumb/d/dc/Lucas_Paquet%C3%A1_of_West_Ham.jpeg/500px-Lucas_Paquet%C3%A1_of_West_Ham.jpeg,
26199,Diego Forlán Corazo,taker,success,Diego Forlán,https://upload.wikimedia.org/wikipedia/commons/thumb/f/f3/U10_Diego_Forl%C3%A1n_7524.jpg/500px-U10_Diego_Forl%C3%A1n_7524.jpg,
29367,Percy Tau,taker,success,Percy Tau,https://upload.wikimedia.org/wikipedia/commons/f/f7/Percy_Tau_in_2019_%28cropped%29.jpg,
30401,Ruben Vargas,taker,no_image,Rubén Vargas,,Page exists but has no infobox image
3294,Juan Manuel Mata García,taker,success,Juan Mata,https://upload.wikimedia.org/wikipedia/commons/d/d0/Juan_Mata_2024.png,
3318,Marcus Rashford,taker,success,Marcus Rashford,https://upload.wikimedia.org/wikipedia/commons/thumb/1/11/Marcus_Rashford_in_2023.jpg/500px-Marcus_Rashford_in_2023.jpg,
26226,José Javier Barkero Saludes,taker,success,José Barkero,https://upload.wikimedia.org/wikipedia/commons/3/3a/BarkeroLevante.jpg,
26780,Guilherme Magdalena Siqueira,taker,not_a_footballer,List of rivers by discharge,,Categories: Category:Articles with short description | Category:CS1 maint: DOI inactive as of April 2026 | Category:Lists of rivers | Category:Short description is different from Wikidata | Category:Webarchive te
3441,Nikola Vlašić,taker,success,Nikola Vlašić,https://upload.wikimedia.org/wikipedia/commons/thumb/d/dc/Nikola_Vla%C5%A1i%C4%87_%28CSKA_Moscow%2C_19.08.2019%29.jpg/500px-Nikola_Vla%C5%A1i%C4%87_%28CSKA_Moscow%2C_19.08.2019%29.jpg,
3345,Charlie Daniels,taker,not_a_footballer,Charlie Daniels,,Categories: Category:1936 births | Category:2020 deaths | Category:20th-century American fiddlers | Category:20th-century American guitarists | Category:20th-century American male musicians | Category:21st-centur
3193,Bernardo Mota Veiga de Carvalho e Silva,taker,success,Bernardo Silva,https://upload.wikimedia.org/wikipedia/commons/thumb/c/cf/Bernardo_Silva_%28Isto_%C3%89_Gozar_Com_Quem_Trabalha%2C_2024%29.png/500px-Bernardo_Silva_%28Isto_%C3%89_Gozar_Com_Quem_Trabalha%2C_2024%29.png,
49439,Germán Gustavo Denis,taker,success,Germán Denis,https://upload.wikimedia.org/wikipedia/commons/thumb/c/ca/Germ%C3%A1n_Denis_-_SSC_Neapel_%281%29.jpg/500px-Germ%C3%A1n_Denis_-_SSC_Neapel_%281%29.jpg,
40252,Massimo Maccarone,taker,success,Massimo Maccarone,https://upload.wikimedia.org/wikipedia/commons/1/19/Massimo_Maccarone.jpg,
40122,Oscar dos Santos Emboaba Júnior,taker,success,"Oscar (footballer, born 1991)",https://upload.wikimedia.org/wikipedia/commons/c/c5/20141118_AUTBRA_5022.jpg,
64607,Zakhele Lerato Lepasa,taker,no_image,Zakhele Lepasa,,Page exists but has no infobox image
65732,Mothobi Mvala,taker,success,Mothobi Mvala,https://upload.wikimedia.org/wikipedia/commons/thumb/2/24/Mothobi_Mvala_%282023%29.jpg/500px-Mothobi_Mvala_%282023%29.jpg,
65733,Aubrey Maphosa Modiba,taker,success,Aubrey Modiba,https://upload.wikimedia.org/wikipedia/commons/7/7d/Aubrey_Modiba_%28cropped%29.jpg,
66886,Mostafa Mohamed Ahmed Abdallah,taker,success,Mostafa Mohamed (footballer),https://upload.wikimedia.org/wikipedia/commons/thumb/c/c7/Mostafa_Mohamed.jpg/500px-Mostafa_Mohamed.jpg,
38524,Hiroshi Kiyotake,taker,success,Hiroshi Kiyotake,https://upload.wikimedia.org/wikipedia/commons/2/2b/Kiyotake_Hiroshi.jpg,
38641,Diego Armando Maradona,taker,success,Diego Maradona,https://upload.wikimedia.org/wikipedia/commons/4/48/Argentina_celebrando_copa_%28cropped%29.jpg,
33234,Georges Mikautadze,taker,success,Georges Mikautadze,https://upload.wikimedia.org/wikipedia/commons/6/60/Mikautadze_asse_ol_2425.png,
36770,Mauricio Ricardo Pinilla Ferreira,taker,not_a_footballer,ESPN (Latin America),,Categories: Category:All articles needing additional references | Category:Articles needing additional references from October 2021 | Category:Articles with short description | Category:CS1 European Spanish-langu
28559,Enner Remberto Valencia Lastra,taker,success,Enner Valencia,https://upload.wikimedia.org/wikipedia/commons/thumb/8/88/Enner_Valencia_CONTINUACI%C3%93N_DE_LA_SESI%C3%93N_N.%C2%BA_056_DEL_PLENO_DE_LA_ASAMBLEA_NACIONAL._ECUADOR%2C_09_DE_DICIEMBRE_DE_2025_%28cropped%29.jpg/500px-Enner_Valencia_CONTINUACI%C3%93N_DE_LA_SESI%C3%93N_N.%C2%BA_056_DEL_PLENO_DE_LA_ASAMBLEA_NACIONAL._ECUADOR%2C_09_DE_DICIEMBRE_DE_2025_%28cropped%29.jpg,
28268,Exequiel Alejandro Palacios,taker,no_image,Exequiel Palacios,,Page exists but has no infobox image
3478,Francesc Fàbregas i Soler,taker,no_search_results,,,Wikipedia returned 0 results
3457,Michy Batshuayi Tunga,taker,no_search_results,,,Wikipedia returned 0 results
7044,Patrik Schick,taker,no_search_results,,,Wikipedia returned 0 results
7294,Yoane Wissa,taker,no_search_results,,,Wikipedia returned 0 results
7173,Leonardo Bonucci,taker,no_search_results,,,Wikipedia returned 0 results
7170,Simone Verdi,taker,no_search_results,,,Wikipedia returned 0 results
7367,Grejohn Kyei,taker,no_search_results,,,Wikipedia returned 0 results
4913,Bojan Krkíc Pérez,taker,no_search_results,,,Wikipedia returned 0 results
5174,Sergei Ignashevich,taker,no_search_results,,,Wikipedia returned 0 results
7615,Abdul Majeed Waris,taker,no_search_results,,,Wikipedia returned 0 results
7777,Federico Bernardeschi,taker,no_search_results,,,Wikipedia returned 0 results
8575,Salomon Armand Magloire Kalou,taker,no_search_results,,,Wikipedia returned 0 results
8644,Sergio Pellissier,taker,no_search_results,,,Wikipedia returned 0 results
8895,Pierre-Michel Lasogga,taker,no_search_results,,,Wikipedia returned 0 results
4275,Ross Barkley,taker,no_search_results,,,Wikipedia returned 0 results
8218,Arjen Robben,taker,no_search_results,,,Wikipedia returned 0 results
5195,Artem Dzyuba,taker,no_search_results,,,Wikipedia returned 0 results
5194,Fyodor Smolov,taker,no_search_results,,,Wikipedia returned 0 results
8966,Kai Havertz,taker,no_search_results,,,Wikipedia returned 0 results
8243,Daniel Didavi,taker,no_search_results,,,Wikipedia returned 0 results
4041,José Salomón Rondón Giménez,taker,no_search_results,,,Wikipedia returned 0 results
13613,Daniel Ciofani,taker,no_search_results,,,Wikipedia returned 0 results
16532,Daniel Olmo Carvajal,taker,no_search_results,,,Wikipedia returned 0 results
3604,Olivier Giroud,taker,no_search_results,,,Wikipedia returned 0 results
3625,Sofiane Boufal,taker,no_search_results,,,Wikipedia returned 0 results
19846,Antonio Di Natale,taker,no_search_results,,,Wikipedia returned 0 results
20135,Marcos Antonio Senna da Silva,taker,no_search_results,,,Wikipedia returned 0 results
4254,Valentin Eysseric,taker,no_search_results,,,Wikipedia returned 0 results
4269,Aleksandar Mitrović,taker,no_search_results,,,Wikipedia returned 0 results
10616,Mohamed Larbi,taker,no_search_results,,,Wikipedia returned 0 results
10287,İlkay Gündoğan,taker,no_search_results,,,Wikipedia returned 0 results
4630,Saido Berahino,taker,no_search_results,,,Wikipedia returned 0 results
4434,Thibault Giresse,taker,no_search_results,,,Wikipedia returned 0 results
4412,Samuel Moutoussamy,taker,no_search_results,,,Wikipedia returned 0 results
5559,Marco Reus,taker,no_search_results,,,Wikipedia returned 0 results
5470,Ivan Rakitić,taker,no_search_results,,,Wikipedia returned 0 results
5469,Marcelo Brozović,taker,no_search_results,,,Wikipedia returned 0 results
5477,Ousmane Dembélé,taker,no_search_results,,,Wikipedia returned 0 results
5510,Lucas Rodrigo Biglia,taker,no_search_results,,,Wikipedia returned 0 results
6973,Edin Džeko,taker,no_search_results,,,Wikipedia returned 0 results
5489,Mile Jedinak,taker,no_search_results,,,Wikipedia returned 0 results
5260,Rodrigo Bentancur Colmán,taker,no_search_results,,,Wikipedia returned 0 results
5245,Achraf Hakimi Mouh,taker,no_search_results,,,Wikipedia returned 0 results
5203,Sergio Busquets i Burgos,taker,no_search_results,,,Wikipedia returned 0 results
7037,Lorenzo Insigne,taker,no_search_results,,,Wikipedia returned 0 results
7039,Hakan Çalhanoğlu,taker,no_search_results,,,Wikipedia returned 0 results
7025,Marek Hamšík,taker,no_search_results,,,Wikipedia returned 0 results
7024,Jorge Luiz Frello Filho,taker,no_search_results,,,Wikipedia returned 0 results
7023,Franck Yannick Kessié,taker,no_search_results,,,Wikipedia returned 0 results
6987,Mauro Emanuel Icardi Rivero,taker,no_search_results,,,Wikipedia returned 0 results
5258,Giorgian Daniel De Arrascaeta Benedetti,taker,no_search_results,,,Wikipedia returned 0 results
5217,Iago Aspas Juncal,taker,no_search_results,,,Wikipedia returned 0 results
6685,Mikel Oyarzabal Ugarte,taker,no_search_results,,,Wikipedia returned 0 results
6690,Xabier Prieto Argarate,taker,no_search_results,,,Wikipedia returned 0 results
6773,Federico Santiago Valverde Dipetta,taker,no_search_results,,,Wikipedia returned 0 results
6862,Cédric Bakambu,taker,no_search_results,,,Wikipedia returned 0 results
6724,Manuel Agudo Durán,taker,no_search_results,,,Wikipedia returned 0 results
5834,Mario Gavranović,taker,no_search_results,,,Wikipedia returned 0 results
383250,Moise Bombito,taker,no_search_results,,,Wikipedia returned 0 results
5607,Andreas Granqvist,taker,no_search_results,,,Wikipedia returned 0 results
5661,M''Baye Babacar Niang,taker,no_search_results,,,Wikipedia returned 0 results
133229,Ismael Koné,taker,no_search_results,,,Wikipedia returned 0 results
3022,Fallou Diagne,taker,no_search_results,,,Wikipedia returned 0 results
3044,Chancel Mbemba Mangulu,taker,no_search_results,,,Wikipedia returned 0 results
3002,Benjamin Nivet,taker,no_search_results,,,Wikipedia returned 0 results
2950,Jonas Martin,taker,no_search_results,,,Wikipedia returned 0 results
401505,Jacques Zoua Daogari,taker,no_search_results,,,Wikipedia returned 0 results
3235,Ludovic Blas,taker,no_search_results,,,Wikipedia returned 0 results
3213,Jimmy Briand,taker,no_search_results,,,Wikipedia returned 0 results
3198,Moussa Niakhate,taker,no_search_results,,,Wikipedia returned 0 results
3196,Wahbi Khazri,taker,no_search_results,,,Wikipedia returned 0 results
3179,Nolan Roux,taker,no_search_results,,,Wikipedia returned 0 results
3090,Nicolás Hernán Otamendi,taker,no_search_results,,,Wikipedia returned 0 results
3087,Gnégnéri Yaya Touré,taker,no_search_results,,,Wikipedia returned 0 results
3085,Glenn Murray,taker,no_search_results,,,Wikipedia returned 0 results
3078,Abdoul Razzagui Camara,taker,no_search_results,,,Wikipedia returned 0 results
3058,Javier Hernández Balcázar,taker,no_search_results,,,Wikipedia returned 0 results
41092,Nuno Mendes,taker,no_search_results,,,Wikipedia returned 0 results
40761,Omar Marmoush,taker,no_search_results,,,Wikipedia returned 0 results
40724,Florian Wirtz,taker,no_search_results,,,Wikipedia returned 0 results
40699,Sylvain Armand,taker,no_search_results,,,Wikipedia returned 0 results
40485,Ryan Isaac Mendes da Graça,taker,no_search_results,,,Wikipedia returned 0 results
40375,Paolo Di Canio,taker,no_search_results,,,Wikipedia returned 0 results
5830,Kenneth Josiah Omeruo,taker,no_search_results,,,Wikipedia returned 0 results
5695,James David Rodríguez Rubio,taker,no_search_results,,,Wikipedia returned 0 results
5689,Juan Guillermo Cuadrado Bello,taker,no_search_results,,,Wikipedia returned 0 results
5684,Shinji Kagawa,taker,no_search_results,,,Wikipedia returned 0 results
5675,Kalidou Koulibaly,taker,no_search_results,,,Wikipedia returned 0 results
5650,Ferjani Sassi,taker,no_search_results,,,Wikipedia returned 0 results
5625,Emil Peter Forsberg,taker,no_search_results,,,Wikipedia returned 0 results
5596,Aleksandar Kolarov,taker,no_search_results,,,Wikipedia returned 0 results
5592,Bryan Ruiz González,taker,no_search_results,,,Wikipedia returned 0 results
5591,Filip Kostić,taker,no_search_results,,,Wikipedia returned 0 results
133003,Mihlali Samson Mayambela,taker,no_search_results,,,Wikipedia returned 0 results
128881,Cristóvão Paciência Mabululo,taker,no_search_results,,,Wikipedia returned 0 results
127300,Geny Cipriano Catamo,taker,no_search_results,,,Wikipedia returned 0 results
123625,Alan Steve Minda García,taker,no_search_results,,,Wikipedia returned 0 results
123554,Jordy Josué Caicedo Medina,taker,no_search_results,,,Wikipedia returned 0 results
105946,Henoc Inonga Baka,taker,no_search_results,,,Wikipedia returned 0 results
6630,Jorge Molina Vidal,taker,no_search_results,,,Wikipedia returned 0 results
6624,Jorge Franco Alviz,taker,no_search_results,,,Wikipedia returned 0 results
6600,Claudio Beauvue,taker,no_search_results,,,Wikipedia returned 0 results
6583,Carlos Soler Barragán,taker,no_search_results,,,Wikipedia returned 0 results
6581,Jonathan Rodríguez Menéndez,taker,no_search_results,,,Wikipedia returned 0 results
6574,Douglas Luiz Soares de Paulo,taker,no_search_results,,,Wikipedia returned 0 results
6384,Gabriel Fernández Arenas,taker,no_search_results,,,Wikipedia returned 0 results
6375,Juan Francisco Torres Belén,taker,no_search_results,,,Wikipedia returned 0 results
6356,Michael Krohn-Dehli,taker,no_search_results,,,Wikipedia returned 0 results
6334,Luis Fernando Muriel Fruto,taker,no_search_results,,,Wikipedia returned 0 results
6333,Miguel Ángel Borja Hernández,taker,no_search_results,,,Wikipedia returned 0 results
6308,Josip Pivarić,taker,no_search_results,,,Wikipedia returned 0 results
6305,Milan Badelj,taker,no_search_results,,,Wikipedia returned 0 results
6297,Maximiliano Gómez González,taker,no_search_results,,,Wikipedia returned 0 results
6193,Andrés Mateus Uribe Villa,taker,no_search_results,,,Wikipedia returned 0 results
6038,John Guidetti,taker,no_search_results,,,Wikipedia returned 0 results
6880,Arnaldo Antonio Sanabria Ayala,taker,no_search_results,,,Wikipedia returned 0 results
6879,Alberto Bueno Calvo,taker,no_search_results,,,Wikipedia returned 0 results
6859,Nicola Sansone,taker,no_search_results,,,Wikipedia returned 0 results
6846,Andreas Hoelgebaum Pereira,taker,no_search_results,,,Wikipedia returned 0 results
6775,Daniel García Carrillo,taker,no_search_results,,,Wikipedia returned 0 results
6765,Rodrigo Hernández Cascante,taker,no_search_results,,,Wikipedia returned 0 results
6760,Enes Ünal,taker,no_search_results,,,Wikipedia returned 0 results
6748,Ferrán Torres García,taker,no_search_results,,,Wikipedia returned 0 results
6732,Lucas Pérez Martínez,taker,no_search_results,,,Wikipedia returned 0 results
6720,Pablo Sarabia García,taker,no_search_results,,,Wikipedia returned 0 results
6719,Franco Damián Vázquez,taker,no_search_results,,,Wikipedia returned 0 results
6717,Johannes Geis,taker,no_search_results,,,Wikipedia returned 0 results
6707,Charles Días Barbosa de Oliveira,taker,no_search_results,,,Wikipedia returned 0 results
6704,Theo Bernard François Hernández,taker,no_search_results,,,Wikipedia returned 0 results
6673,Sergio Canales Madrazo,taker,no_search_results,,,Wikipedia returned 0 results
6661,Ryad Boudebouz,taker,no_search_results,,,Wikipedia returned 0 results
5504,Éver Maximiliano David Banega,taker,no_search_results,,,Wikipedia returned 0 results
5481,Mathew Leckie,taker,no_search_results,,,Wikipedia returned 0 results
5472,Mario Mandžukić,taker,no_search_results,,,Wikipedia returned 0 results
5468,Domagoj Vida,taker,no_search_results,,,Wikipedia returned 0 results
5456,Mateo Kovačić,taker,no_search_results,,,Wikipedia returned 0 results
5570,Manuel Neuer,taker,no_search_results,,,Wikipedia returned 0 results
5565,Mario Gómez García,taker,no_search_results,,,Wikipedia returned 0 results
5560,Carlos Alberto Vela Garrido,taker,no_search_results,,,Wikipedia returned 0 results
5552,Marcelo Vieira da Silva Júnior,taker,no_search_results,,,Wikipedia returned 0 results
5543,Haris Seferović,taker,no_search_results,,,Wikipedia returned 0 results
5539,Carlos Henrique Casimiro,taker,no_search_results,,,Wikipedia returned 0 results
5534,Simon Thorup Kjær,taker,no_search_results,,,Wikipedia returned 0 results
5522,Nicolai Jørgensen,taker,no_search_results,,,Wikipedia returned 0 results
5520,Lasse Schöne,taker,no_search_results,,,Wikipedia returned 0 results
5519,Christian Alberto Cueva Bravo,taker,no_search_results,,,Wikipedia returned 0 results
5514,Alfreð Finnbogason,taker,no_search_results,,,Wikipedia returned 0 results
7105,Fabián Ariel Orellana Valenzuela,taker,no_search_results,,,Wikipedia returned 0 results
5259,José María Giménez de Vargas,taker,no_search_results,,,Wikipedia returned 0 results
5237,Hakim Ziyech,taker,no_search_results,,,Wikipedia returned 0 results
5231,Karim Ansarifard,taker,no_search_results,,,Wikipedia returned 0 results
5226,Mehdi Taremi,taker,no_search_results,,,Wikipedia returned 0 results
5216,Andrés Iniesta Luján,taker,no_search_results,,,Wikipedia returned 0 results
5213,Gerard Piqué Bernabéu,taker,no_search_results,,,Wikipedia returned 0 results
5208,Thiago Alcântara do Nascimento,taker,no_search_results,,,Wikipedia returned 0 results
7038,Manuel Locatelli,taker,no_search_results,,,Wikipedia returned 0 results
7033,Nikola Kalinić,taker,no_search_results,,,Wikipedia returned 0 results
7011,Fabio Quagliarella,taker,no_search_results,,,Wikipedia returned 0 results
6947,Miralem Pjanić,taker,no_search_results,,,Wikipedia returned 0 results
6930,Jonathan Calleri,taker,no_search_results,,,Wikipedia returned 0 results
6907,Pedro León Sánchez Gil,taker,no_search_results,,,Wikipedia returned 0 results
6891,Ezequiel Marcelo Garay,taker,no_search_results,,,Wikipedia returned 0 results
5506,Javier Alejandro Mascherano,taker,no_search_results,,,Wikipedia returned 0 results
7891,Teun Koopmeiners,taker,no_search_results,,,Wikipedia returned 0 results
7829,Wout Weghorst,taker,no_search_results,,,Wikipedia returned 0 results
7781,Felipe Salvador Caicedo Corozo,taker,no_search_results,,,Wikipedia returned 0 results
7745,Steven Berghuis,taker,no_search_results,,,Wikipedia returned 0 results
7696,Ryder Matos Santos,taker,no_search_results,,,Wikipedia returned 0 results
7693,Bruno Petković,taker,no_search_results,,,Wikipedia returned 0 results
7475,Tomás Eduardo Rincón Hernández,taker,no_search_results,,,Wikipedia returned 0 results
7456,Diego Perotti,taker,no_search_results,,,Wikipedia returned 0 results
7363,Diego Rigonato Rodrigues,taker,no_search_results,,,Wikipedia returned 0 results
7349,Gaël Danic,taker,no_search_results,,,Wikipedia returned 0 results
7219,Florian Tardieu,taker,no_search_results,,,Wikipedia returned 0 results
7171,Fabio Borini,taker,no_search_results,,,Wikipedia returned 0 results
7150,Riccardo Saponara,taker,no_search_results,,,Wikipedia returned 0 results
7141,Giuseppe Rossi,taker,no_search_results,,,Wikipedia returned 0 results
7130,Cheick Tidiane Diabaté,taker,no_search_results,,,Wikipedia returned 0 results
7125,Khouma El Hadji Babacar,taker,no_search_results,,,Wikipedia returned 0 results
8219,Admir Mehmedi,taker,no_search_results,,,Wikipedia returned 0 results
8217,Kingsley Coman,taker,no_search_results,,,Wikipedia returned 0 results
8093,Diego Falcinelli,taker,no_search_results,,,Wikipedia returned 0 results
7979,Przemysław Frankowski,taker,no_search_results,,,Wikipedia returned 0 results
5200,Lucas Vázquez Iglesias,taker,no_search_results,,,Wikipedia returned 0 results
5199,Jorge Resurrección Merodio,taker,no_search_results,,,Wikipedia returned 0 results
5190,Fahad Mosaed Al Muwallad Al Harbi,taker,no_search_results,,,Wikipedia returned 0 results
5187,Salem Mohammed Al Dawsari,taker,no_search_results,,,Wikipedia returned 0 results
5186,Denis Cheryshev,taker,no_search_results,,,Wikipedia returned 0 results
5180,Alan Dzagoev,taker,no_search_results,,,Wikipedia returned 0 results
5179,Daler Kuzyaev,taker,no_search_results,,,Wikipedia returned 0 results
5178,Salman Mohammed Al Faraj,taker,no_search_results,,,Wikipedia returned 0 results
5177,Aleksandr Golovin,taker,no_search_results,,,Wikipedia returned 0 results
5170,Mário Figueira Fernandes,taker,no_search_results,,,Wikipedia returned 0 results
4939,Joris Kayembe Ditu,taker,no_search_results,,,Wikipedia returned 0 results
7900,Tiago Manuel Dias Correia,taker,no_search_results,,,Wikipedia returned 0 results
8871,Marco Borriello,taker,no_search_results,,,Wikipedia returned 0 results
8810,Raffael Caetano de Araújo,taker,no_search_results,,,Wikipedia returned 0 results
8806,Lars Edi Stindl,taker,no_search_results,,,Wikipedia returned 0 results
8776,Takumi Minamino,taker,no_search_results,,,Wikipedia returned 0 results
8679,Yunus Mallı,taker,no_search_results,,,Wikipedia returned 0 results
8675,Jonathan de Guzmán,taker,no_search_results,,,Wikipedia returned 0 results
8673,Sébastien Haller,taker,no_search_results,,,Wikipedia returned 0 results
8523,Yevhen Konoplyanka,taker,no_search_results,,,Wikipedia returned 0 results
8469,Jean-Christophe Bahebeck,taker,no_search_results,,,Wikipedia returned 0 results
8454,Mohamed Bayo,taker,no_search_results,,,Wikipedia returned 0 results
8420,Luca Cigarini,taker,no_search_results,,,Wikipedia returned 0 results
8419,Duje Čop,taker,no_search_results,,,Wikipedia returned 0 results
8404,Eugen Polanski,taker,no_search_results,,,Wikipedia returned 0 results
8402,Aron Jóhannsson,taker,no_search_results,,,Wikipedia returned 0 results
8322,André Hahn,taker,no_search_results,,,Wikipedia returned 0 results
8308,Aaron Hunt,taker,no_search_results,,,Wikipedia returned 0 results
9554,Steven Fletcher,taker,no_search_results,,,Wikipedia returned 0 results
9485,Craig Gardner,taker,no_search_results,,,Wikipedia returned 0 results
9409,Daniel Ginczek,taker,no_search_results,,,Wikipedia returned 0 results
9178,Felix Kroos,taker,no_search_results,,,Wikipedia returned 0 results
9103,Lukas Hinterseer,taker,no_search_results,,,Wikipedia returned 0 results
4900,Paul-Georges Ntep de Madiba,taker,no_search_results,,,Wikipedia returned 0 results
4799,Sloan Privat,taker,no_search_results,,,Wikipedia returned 0 results
4753,Aaron Tshibola,taker,no_search_results,,,Wikipedia returned 0 results
4713,Ezgjan Alioski,taker,no_search_results,,,Wikipedia returned 0 results
4464,Adama Traoré,taker,no_search_results,,,Wikipedia returned 0 results
4445,Jules Koundé,taker,no_search_results,,,Wikipedia returned 0 results
4441,Billy Ketkeophomphone,taker,no_search_results,,,Wikipedia returned 0 results
4372,Marcos Aoás Corrêa,taker,no_search_results,,,Wikipedia returned 0 results
4319,Edinson Roberto Cavani Gómez,taker,no_search_results,,,Wikipedia returned 0 results
4271,Andy Carroll,taker,no_search_results,,,Wikipedia returned 0 results
8949,Takuma Asano,taker,no_search_results,,,Wikipedia returned 0 results
12041,João Félix Sequeira,taker,no_search_results,,,Wikipedia returned 0 results
11990,Youssouf Fofana,taker,no_search_results,,,Wikipedia returned 0 results
11603,Mario Pašalić,taker,no_search_results,,,Wikipedia returned 0 results
11550,Jaime Mata Arnaiz,taker,no_search_results,,,Wikipedia returned 0 results
11492,Temitayo Olufisayo Olaoluwa Aina,taker,no_search_results,,,Wikipedia returned 0 results
11456,Lautaro Javier Martínez,taker,no_search_results,,,Wikipedia returned 0 results
11386,Santiago Cazorla González,taker,no_search_results,,,Wikipedia returned 0 results
11348,Robbie Keane,taker,no_search_results,,,Wikipedia returned 0 results
11187,Stephen Antunes Eustáquio,taker,no_search_results,,,Wikipedia returned 0 results
11162,Jhonder Leonel Cádiz Fernández,taker,no_search_results,,,Wikipedia returned 0 results
11117,Scott Sinclair,taker,no_search_results,,,Wikipedia returned 0 results
10966,Wes Hoolahan,taker,no_search_results,,,Wikipedia returned 0 results
10956,Eric Dier,taker,no_search_results,,,Wikipedia returned 0 results
10594,Bas Dost,taker,no_search_results,,,Wikipedia returned 0 results
10481,Aurélien Djani Tchouaméni,taker,no_search_results,,,Wikipedia returned 0 results
10325,Luís Miguel Afonso Fernandes,taker,no_search_results,,,Wikipedia returned 0 results
13329,Silas Katompa Mvumpa,taker,no_search_results,,,Wikipedia returned 0 results
13025,Jefferson David Savarino Quintero,taker,no_search_results,,,Wikipedia returned 0 results
12759,Maximiliano Nicol Moralez,taker,no_search_results,,,Wikipedia returned 0 results
12624,Anthony Ujah,taker,no_search_results,,,Wikipedia returned 0 results
4063,Ahmed Elsayed Ali Elsayed Hegazy,taker,no_search_results,,,Wikipedia returned 0 results
3963,Victor Moses,taker,no_search_results,,,Wikipedia returned 0 results
3956,David Luiz Moreira Marinho,taker,no_search_results,,,Wikipedia returned 0 results
3949,Manolo Gabbiadini,taker,no_search_results,,,Wikipedia returned 0 results
3834,Ivan Toney,taker,no_search_results,,,Wikipedia returned 0 results
3831,Dušan Tadić,taker,no_search_results,,,Wikipedia returned 0 results
3811,Islam Slimani,taker,no_search_results,,,Wikipedia returned 0 results
3745,Lucas Rodrigues Moura da Silva,taker,no_search_results,,,Wikipedia returned 0 results
3708,Kelechi Promise Iheanacho,taker,no_search_results,,,Wikipedia returned 0 results
12529,Ashley Cole,taker,no_search_results,,,Wikipedia returned 0 results
12496,Christian Kouamé,taker,no_search_results,,,Wikipedia returned 0 results
12423,Jadon Sancho,taker,no_search_results,,,Wikipedia returned 0 results
18244,Grady Diangana,taker,no_search_results,,,Wikipedia returned 0 results
18103,Dietmar Hamann,taker,no_search_results,,,Wikipedia returned 0 results
16557,Ruslan Malinovskiy,taker,no_search_results,,,Wikipedia returned 0 results
16527,Mislav Oršić,taker,no_search_results,,,Wikipedia returned 0 results
16510,Benjamin Verbič,taker,no_search_results,,,Wikipedia returned 0 results
16503,Pedro Henrique Konzen Medina da Silva,taker,no_search_results,,,Wikipedia returned 0 results
16344,Răzvan Gabriel Marin,taker,no_search_results,,,Wikipedia returned 0 results
16249,Yangel Clemente Herrera Ravelo,taker,no_search_results,,,Wikipedia returned 0 results
15996,Éderzito António Macedo Lopes,taker,no_search_results,,,Wikipedia returned 0 results
15780,Francesco Totti,taker,no_search_results,,,Wikipedia returned 0 results
15689,Floyd Ayité,taker,no_search_results,,,Wikipedia returned 0 results
15526,Jon Dahl Tomasson,taker,no_search_results,,,Wikipedia returned 0 results
15415,Matteo Mancosu,taker,no_search_results,,,Wikipedia returned 0 results
15280,Vladimir Smicer,taker,no_search_results,,,Wikipedia returned 0 results
13620,Éder Gabriel Militão,taker,no_search_results,,,Wikipedia returned 0 results
13581,Emilio Nsue López,taker,no_search_results,,,Wikipedia returned 0 results
20330,Frank Lampard,taker,no_search_results,,,Wikipedia returned 0 results
20300,Jérémy Ménez,taker,no_search_results,,,Wikipedia returned 0 results
20133,Xabier Alonso Olano,taker,no_search_results,,,Wikipedia returned 0 results
20045,Ryan Bertrand,taker,no_search_results,,,Wikipedia returned 0 results
20033,Luuk de Jong,taker,no_search_results,,,Wikipedia returned 0 results
20027,Mevlüt Erdinç,taker,no_search_results,,,Wikipedia returned 0 results
19849,Andrea Pirlo,taker,no_search_results,,,Wikipedia returned 0 results
19677,Karim Benzema,taker,no_search_results,,,Wikipedia returned 0 results
19295,Philipp Lahm,taker,no_search_results,,,Wikipedia returned 0 results
19294,Diego Alberto Milito,taker,no_search_results,,,Wikipedia returned 0 results
19289,Ivica Olić,taker,no_search_results,,,Wikipedia returned 0 results
19286,Miroslav Klose,taker,no_search_results,,,Wikipedia returned 0 results
18953,Vágner Silva de Souza,taker,no_search_results,,,Wikipedia returned 0 results
18783,Omenuke Mfulu,taker,no_search_results,,,Wikipedia returned 0 results
18639,Mathieu Choiniere,taker,no_search_results,,,Wikipedia returned 0 results
18414,Bastian Schweinsteiger,taker,no_search_results,,,Wikipedia returned 0 results
21131,John Yeboah Zamora,taker,no_search_results,,,Wikipedia returned 0 results
20641,Connor Wickham,taker,no_search_results,,,Wikipedia returned 0 results
20521,Bafétimbi Gomis,taker,no_search_results,,,Wikipedia returned 0 results
3671,José Leonardo Ulloa,taker,no_search_results,,,Wikipedia returned 0 results
3669,Virgil van Dijk,taker,no_search_results,,,Wikipedia returned 0 results
3664,Trent Alexander-Arnold,taker,no_search_results,,,Wikipedia returned 0 results
3634,Abdelhamid Sabiri,taker,no_search_results,,,Wikipedia returned 0 results
3621,Eden Hazard,taker,no_search_results,,,Wikipedia returned 0 results
3616,Callum Wilson,taker,no_search_results,,,Wikipedia returned 0 results
3606,Ander Herrera Agüera,taker,no_search_results,,,Wikipedia returned 0 results
3598,Wilfried Guemiand Bony,taker,no_search_results,,,Wikipedia returned 0 results
3587,Arthur Masuaku,taker,no_search_results,,,Wikipedia returned 0 results
3570,Pierre-Emile Højbjerg,taker,no_search_results,,,Wikipedia returned 0 results
3567,Georginio Wijnaldum,taker,no_search_results,,,Wikipedia returned 0 results
3553,Lacina Traoré,taker,no_search_results,,,Wikipedia returned 0 results
20352,Didier Yves Drogba Tébily,taker,no_search_results,,,Wikipedia returned 0 results
25104,Rodrygo Silva de Goes,taker,no_search_results,,,Wikipedia returned 0 results
24507,Manuel del Moral Fernández,taker,no_search_results,,,Wikipedia returned 0 results
24235,Federico Dionisi,taker,no_search_results,,,Wikipedia returned 0 results
24149,José Antonio García Rabasco,taker,no_search_results,,,Wikipedia returned 0 results
24143,Álvaro Vadillo Cifuentes,taker,no_search_results,,,Wikipedia returned 0 results
24035,Álvaro Vázquez García,taker,no_search_results,,,Wikipedia returned 0 results
23967,Alejandro Fernández Iglesias,taker,no_search_results,,,Wikipedia returned 0 results
23933,Abdelaziz Barrada,taker,no_search_results,,,Wikipedia returned 0 results
23812,Rafael Mir Vicente,taker,no_search_results,,,Wikipedia returned 0 results
23791,Víctor Casadesús Castaño,taker,no_search_results,,,Wikipedia returned 0 results
23363,Liam Millar,taker,no_search_results,,,Wikipedia returned 0 results
23268,Alexander Meier,taker,no_search_results,,,Wikipedia returned 0 results
22097,Randal Kolo Muani,taker,no_search_results,,,Wikipedia returned 0 results
22041,Marko Livaja,taker,no_search_results,,,Wikipedia returned 0 results
21272,Luiz Adriano de Souza da Silva,taker,no_search_results,,,Wikipedia returned 0 results
21173,Laros Duarte,taker,no_search_results,,,Wikipedia returned 0 results
26399,Emilio José Viqueira Moure,taker,no_search_results,,,Wikipedia returned 0 results
26280,Orbelín Pineda Alvarado,taker,no_search_results,,,Wikipedia returned 0 results
26243,Iván Daniel Alonso Vallejo,taker,no_search_results,,,Wikipedia returned 0 results
26192,Matías Ariel Fernández Fernández,taker,no_search_results,,,Wikipedia returned 0 results
26181,Rahamat Riga Mustapha,taker,no_search_results,,,Wikipedia returned 0 results
26144,Francisco Javier Casquero Paredes,taker,no_search_results,,,Wikipedia returned 0 results
26074,Nikola Žigić,taker,no_search_results,,,Wikipedia returned 0 results
26031,Andoni Iraola Sagarna,taker,no_search_results,,,Wikipedia returned 0 results
26020,Ángel Lafita Castillo,taker,no_search_results,,,Wikipedia returned 0 results
26009,Roberto Soldado Rillo,taker,no_search_results,,,Wikipedia returned 0 results
25997,Jonás Manuel Gutiérrez,taker,no_search_results,,,Wikipedia returned 0 results
25947,Fabián Larry Estoyanoff Poggio,taker,no_search_results,,,Wikipedia returned 0 results
25859,Sérgio Paulo Barbosa Valente,taker,no_search_results,,,Wikipedia returned 0 results
25707,Francisco Manuel Rico Castro,taker,no_search_results,,,Wikipedia returned 0 results
25351,Alexandre Rodrigues da Silva,taker,no_search_results,,,Wikipedia returned 0 results
25305,Pedro Guilherme Abreu dos Santos,taker,no_search_results,,,Wikipedia returned 0 results
28914,Lovro Majer,taker,no_search_results,,,Wikipedia returned 0 results
28511,Ángel Israel Mena Delgado,taker,no_search_results,,,Wikipedia returned 0 results
28413,Willy Afonso Semedo Johnson,taker,no_search_results,,,Wikipedia returned 0 results
27886,Alexis Mac Allister,taker,no_search_results,,,Wikipedia returned 0 results
27158,Luis Fernando Díaz Marulanda,taker,no_search_results,,,Wikipedia returned 0 results
3538,Wayne Mark Rooney,taker,no_search_results,,,Wikipedia returned 0 results
3533,Xherdan Shaqiri,taker,no_search_results,,,Wikipedia returned 0 results
3532,Jordan Brian Henderson,taker,no_search_results,,,Wikipedia returned 0 results
3518,Leighton Baines,taker,no_search_results,,,Wikipedia returned 0 results
3500,Granit Xhaka,taker,no_search_results,,,Wikipedia returned 0 results
3490,James Morrison,taker,no_search_results,,,Wikipedia returned 0 results
3481,Serge Aurier,taker,no_search_results,,,Wikipedia returned 0 results
3473,James Philip Milner,taker,no_search_results,,,Wikipedia returned 0 results
3445,Radamel Falcao García Zárate,taker,no_search_results,,,Wikipedia returned 0 results
26712,Ricardo Izecson dos Santos Leite,taker,no_search_results,,,Wikipedia returned 0 results
26490,Mohamed Gasana Tchité,taker,no_search_results,,,Wikipedia returned 0 results
3434,Stevan Jovetić,taker,no_search_results,,,Wikipedia returned 0 results
3423,Alexander Toft Søderlund,taker,no_search_results,,,Wikipedia returned 0 results
3380,Christian Benteke Liolo,taker,no_search_results,,,Wikipedia returned 0 results
3371,Mario Barwuah Balotelli,taker,no_search_results,,,Wikipedia returned 0 results
3347,André Ayew Pelé,taker,no_search_results,,,Wikipedia returned 0 results
3337,Jermain Defoe,taker,no_search_results,,,Wikipedia returned 0 results
3336,Harry Maguire,taker,no_search_results,,,Wikipedia returned 0 results
3328,James Ward-Prowse,taker,no_search_results,,,Wikipedia returned 0 results
3308,Kieran Trippier,taker,no_search_results,,,Wikipedia returned 0 results
3302,Nordin Amrabat,taker,no_search_results,,,Wikipedia returned 0 results
3300,Maya Yoshida,taker,no_search_results,,,Wikipedia returned 0 results
30940,Jure Balkovec,taker,no_search_results,,,Wikipedia returned 0 results
30714,Jude Bellingham,taker,no_search_results,,,Wikipedia returned 0 results
30193,Gedeon Kalulu Kyatengwa,taker,no_search_results,,,Wikipedia returned 0 results
29976,Gabriel Teodoro Martinelli Silva,taker,no_search_results,,,Wikipedia returned 0 results
29560,Julián Álvarez,taker,no_search_results,,,Wikipedia returned 0 results
40124,Rickie Lambert,taker,no_search_results,,,Wikipedia returned 0 results
39721,Johan Neeskens,taker,no_search_results,,,Wikipedia returned 0 results
39461,Cole Palmer,taker,no_search_results,,,Wikipedia returned 0 results
39420,Bradley Barcola,taker,no_search_results,,,Wikipedia returned 0 results
38718,Enzo Fernandez,taker,no_search_results,,,Wikipedia returned 0 results
38610,Paul Breitner,taker,no_search_results,,,Wikipedia returned 0 results
37211,Kaoru Mitoma,taker,no_search_results,,,Wikipedia returned 0 results
36659,Manuel Ugarte Ribeiro,taker,no_search_results,,,Wikipedia returned 0 results
35684,Meschak Elia,taker,no_search_results,,,Wikipedia returned 0 results
35413,Lionel Mpasi-Nzau,taker,no_search_results,,,Wikipedia returned 0 results
34386,John Arne Semundseth Riise,taker,no_search_results,,,Wikipedia returned 0 results
34385,Claudio Santos,taker,no_search_results,,,Wikipedia returned 0 results
34384,Djibril Cissé,taker,no_search_results,,,Wikipedia returned 0 results
34335,Terem Igobor Moffi,taker,no_search_results,,,Wikipedia returned 0 results
33459,Alexander Baumjohann,taker,no_search_results,,,Wikipedia returned 0 results
32868,Bryan Silva Teixera,taker,no_search_results,,,Wikipedia returned 0 results
2941,Ismaïla Sarr,taker,no_search_results,,,Wikipedia returned 0 results
401453,"David N""Gog",taker,no_search_results,,,Wikipedia returned 0 results
397991,Hugo Alvez,taker,no_search_results,,,Wikipedia returned 0 results
387475,Andrea Lazzari,taker,no_search_results,,,Wikipedia returned 0 results
386607,Gianpaolo Bellini,taker,no_search_results,,,Wikipedia returned 0 results
384888,Ray Kendry Páez Andrade,taker,no_search_results,,,Wikipedia returned 0 results
66892,Mohamed Hany Gamal Eldemerdash,taker,no_search_results,,,Wikipedia returned 0 results
66879,Mohamed Abougabal,taker,no_search_results,,,Wikipedia returned 0 results
66725,Oswin Reagan Appollis,taker,no_search_results,,,Wikipedia returned 0 results
65853,Evidence Makgopa,taker,no_search_results,,,Wikipedia returned 0 results
64629,Thabang Amod Monare,taker,no_search_results,,,Wikipedia returned 0 results
50968,Erickson Patrick Correia Andrade,taker,no_search_results,,,Wikipedia returned 0 results
50498,Pape Matar Sarr,taker,no_search_results,,,Wikipedia returned 0 results
48335,Mohamed Zeki Amdouni,taker,no_search_results,,,Wikipedia returned 0 results
47822,Wilker José Ángel Romero,taker,no_search_results,,,Wikipedia returned 0 results
42902,Adam Johnson,taker,no_search_results,,,Wikipedia returned 0 results
102722,Siyanda Xulu,taker,no_search_results,,,Wikipedia returned 0 results
88123,Cheikh Ahmadou Bamba Mbacke Dieng,taker,no_search_results,,,Wikipedia returned 0 results
70783,Omar Kamal Abdel Wahed,taker,no_search_results,,,Wikipedia returned 0 results
69563,Mohamed Abdel Monem,taker,no_search_results,,,Wikipedia returned 0 results
68755,Mostafa Fathi,taker,no_search_results,,,Wikipedia returned 0 results
67974,Nkosinathi Sibisi,taker,no_search_results,,,Wikipedia returned 0 results
67728,Mahmoud Hamada,taker,no_search_results,,,Wikipedia returned 0 results
67700,Badr Banoun,taker,no_search_results,,,Wikipedia returned 0 results
3057,Jonjo Shelvey,taker,no_search_results,,,Wikipedia returned 0 results
3043,Christian Dannemann Eriksen,taker,no_search_results,,,Wikipedia returned 0 results
3018,Giovanni-Guy Yann Sio,taker,no_search_results,,,Wikipedia returned 0 results
3013,Nicolas Pépé,taker,no_search_results,,,Wikipedia returned 0 results
2999,Presnel Kimpembe,taker,no_search_results,,,Wikipedia returned 0 results
2988,Memphis Depay,taker,no_search_results,,,Wikipedia returned 0 results
2972,Marcus Thuram,taker,no_search_results,,,Wikipedia returned 0 results
2959,Julien Féret,taker,no_search_results,,,Wikipedia returned 0 results
20176,Víctor Valdés Arribas,keeper,no_search_results,,,Wikipedia returned 0 results
5550,Yann Sommer,keeper,no_search_results,,,Wikipedia returned 0 results
7036,Gianluigi Donnarumma,keeper,no_search_results,,,Wikipedia returned 0 results
3099,Hugo Lloris,keeper,no_search_results,,,Wikipedia returned 0 results
66721,Ronwen Williams,keeper,no_search_results,,,Wikipedia returned 0 results
3468,Jordan Pickford,keeper,no_search_results,,,Wikipedia returned 0 results
6909,Damián Emiliano Martínez,keeper,no_search_results,,,Wikipedia returned 0 results
3815,Kasper Schmeichel,keeper,no_search_results,,,Wikipedia returned 0 results
3444,Danijel Subašić,keeper,no_search_results,,,Wikipedia returned 0 results
5597,Keylor Navas Gamboa,keeper,no_search_results,,,Wikipedia returned 0 results
11748,Unai Simón Mendibil,keeper,no_search_results,,,Wikipedia returned 0 results
6625,Vicente Guaita Panadero,keeper,no_search_results,,,Wikipedia returned 0 results
20055,Marc-André ter Stegen,keeper,no_search_results,,,Wikipedia returned 0 results
36710,Sergio Rochet Álvarez,keeper,no_search_results,,,Wikipedia returned 0 results
5172,Igor Akinfeev,keeper,no_search_results,,,Wikipedia returned 0 results
7193,Paul Bernardoni,keeper,no_search_results,,,Wikipedia returned 0 results
6378,Jan Oblak,keeper,no_search_results,,,Wikipedia returned 0 results
16531,Dominik Livaković,keeper,no_search_results,,,Wikipedia returned 0 results
5669,Wojciech Szczęsny,keeper,no_search_results,,,Wikipedia returned 0 results
7018,Emiliano Viviano,keeper,no_search_results,,,Wikipedia returned 0 results
5547,Alisson Ramsés Becker,keeper,no_search_results,,,Wikipedia returned 0 results
32975,Diogo Meireles Costa,keeper,no_search_results,,,Wikipedia returned 0 results
22823,Dimitry Bertaud,keeper,no_search_results,,,Wikipedia returned 0 results
3333,David de Gea Quintana,keeper,no_search_results,,,Wikipedia returned 0 results
6576,Gorka Iraizoz Moreno,keeper,no_search_results,,,Wikipedia returned 0 results
6610,Iván Cuéllar Sacristán,keeper,no_search_results,,,Wikipedia returned 0 results
3522,Heurelho da Silva Gomes,keeper,no_search_results,,,Wikipedia returned 0 results
3742,Orestis Karnezis,keeper,no_search_results,,,Wikipedia returned 0 results
4691,Claudio Andrés Bravo Muñoz,keeper,no_search_results,,,Wikipedia returned 0 results
3761,Mike Maignan,keeper,no_search_results,,,Wikipedia returned 0 results
7174,Antonio Mirante,keeper,no_search_results,,,Wikipedia returned 0 results
3623,Adrián San Miguel del Castillo,keeper,no_search_results,,,Wikipedia returned 0 results
3543,Steve Mandanda,keeper,no_search_results,,,Wikipedia returned 0 results
34881,Daniele Padelli,keeper,no_search_results,,,Wikipedia returned 0 results
32012,Rafael Enrique Romo Pérez,keeper,no_search_results,,,Wikipedia returned 0 results
36629,Yahia Fofana,keeper,no_search_results,,,Wikipedia returned 0 results
3630,Loris Karius,keeper,no_search_results,,,Wikipedia returned 0 results
3461,Petr Čech,keeper,no_search_results,,,Wikipedia returned 0 results
6792,Pau López Sabata,keeper,no_search_results,,,Wikipedia returned 0 results
8697,Andrés Eduardo Fernández Moreno,keeper,no_search_results,,,Wikipedia returned 0 results
8947,Ron-Robert Zieler,keeper,no_search_results,,,Wikipedia returned 0 results
7055,Stefano Sorrentino,keeper,no_search_results,,,Wikipedia returned 0 results
3322,Jonas Lössl,keeper,no_search_results,,,Wikipedia returned 0 results
7157,Marco Sportiello,keeper,no_search_results,,,Wikipedia returned 0 results
8314,Marwin Hitz,keeper,no_search_results,,,Wikipedia returned 0 results
4276,David Ospina Ramírez,keeper,no_search_results,,,Wikipedia returned 0 results
8667,Lukáš Hrádecký,keeper,no_search_results,,,Wikipedia returned 0 results
7001,Samir Handanovič,keeper,no_search_results,,,Wikipedia returned 0 results
15581,Bernd Leno,keeper,no_search_results,,,Wikipedia returned 0 results
23269,Felix Wiedwald,keeper,no_search_results,,,Wikipedia returned 0 results
12491,Federico Marchetti,keeper,no_search_results,,,Wikipedia returned 0 results
23758,Maxime Crépeau,keeper,no_search_results,,,Wikipedia returned 0 results
7379,Edouard Mendy,keeper,no_search_results,,,Wikipedia returned 0 results
8326,Andries Noppert,keeper,no_search_results,,,Wikipedia returned 0 results
23635,John Ruddy,keeper,no_search_results,,,Wikipedia returned 0 results
358410,Stanley Bobo Nwabali,keeper,no_search_results,,,Wikipedia returned 0 results
8274,Pierluigi Gollini,keeper,no_search_results,,,Wikipedia returned 0 results
10763,Asier Riesgo Unamuno,keeper,no_search_results,,,Wikipedia returned 0 results
26146,Dudú Aouate,keeper,no_search_results,,,Wikipedia returned 0 results
26103,Idriss Carlos Kameni,keeper,no_search_results,,,Wikipedia returned 0 results
24255,Juan Carlos Martín Corral,keeper,no_search_results,,,Wikipedia returned 0 results
5108,Glyn Oliver Myhill,keeper,no_search_results,,,Wikipedia returned 0 results
32677,Alexander Domínguez Carabalí,keeper,no_search_results,,,Wikipedia returned 0 results
32037,Nicola Leali,keeper,no_search_results,,,Wikipedia returned 0 results
34393,Nelson de Jesus da Silva,keeper,no_search_results,,,Wikipedia returned 0 results
25719,Shūichi Gonda,keeper,no_search_results,,,Wikipedia returned 0 results
25377,Rémy Riou,keeper,no_search_results,,,Wikipedia returned 0 results
26070,Antonio Rodríguez Martínez,keeper,no_search_results,,,Wikipedia returned 0 results
4440,Kevin Trapp,keeper,no_search_results,,,Wikipedia returned 0 results
6694,Gerónimo Rulli,keeper,no_search_results,,,Wikipedia returned 0 results
6730,Rubén Iván Martínez Andrade,keeper,no_search_results,,,Wikipedia returned 0 results
6884,Sergio Álvarez Conde,keeper,no_search_results,,,Wikipedia returned 0 results
9082,Przemysław Tytoń,keeper,no_search_results,,,Wikipedia returned 0 results
25144,Diego Alves Carreira,keeper,no_search_results,,,Wikipedia returned 0 results
20074,Artur Boruc,keeper,no_search_results,,,Wikipedia returned 0 results
3509,Thibaut Courtois,keeper,no_search_results,,,Wikipedia returned 0 results
34390,Jerzy Dudek,keeper,no_search_results,,,Wikipedia returned 0 results
4257,Yoan Cardinale,keeper,no_search_results,,,Wikipedia returned 0 results
27305,Germán Darío Lux,keeper,no_search_results,,,Wikipedia returned 0 results
36794,Dayne Tristan St. Clair,keeper,no_search_results,,,Wikipedia returned 0 results
10612,Yoel Rodríguez Oterino,keeper,no_search_results,,,Wikipedia returned 0 results
6590,Norberto Murara Neto,keeper,no_search_results,,,Wikipedia returned 0 results
20015,Jens Lehmann,keeper,no_search_results,,,Wikipedia returned 0 results
23843,Diego Mariño Villar,keeper,no_search_results,,,Wikipedia returned 0 results
13042,Tim Howard,keeper,no_search_results,,,Wikipedia returned 0 results
8821,Timo Horn,keeper,no_search_results,,,Wikipedia returned 0 results
9014,Declan Rudd,keeper,no_search_results,,,Wikipedia returned 0 results
8306,Christian Mathenia,keeper,no_search_results,,,Wikipedia returned 0 results
8225,Roman Bürki,keeper,no_search_results,,,Wikipedia returned 0 results
8577,Rune Almenning Jarstein,keeper,no_search_results,,,Wikipedia returned 0 results
6785,Yassine Bounou,keeper,no_search_results,,,Wikipedia returned 0 results
6871,Costel Fane Pantilimon,keeper,no_search_results,,,Wikipedia returned 0 results
8662,Vid Belec,keeper,no_search_results,,,Wikipedia returned 0 results
7803,Albano Benjamín Bizzarri,keeper,no_search_results,,,Wikipedia returned 0 results
401508,Clément Maury,keeper,no_search_results,,,Wikipedia returned 0 results
7282,Jean-Louis Leca,keeper,no_search_results,,,Wikipedia returned 0 results
7132,Andrea Consigli,keeper,no_search_results,,,Wikipedia returned 0 results
3432,Alexandre Letellier,keeper,no_search_results,,,Wikipedia returned 0 results
105932,Josimar José Évora Dias,keeper,no_search_results,,,Wikipedia returned 0 results
3096,Rob Elliot,keeper,no_search_results,,,Wikipedia returned 0 results
3008,Benjamin Lecomte,keeper,no_search_results,,,Wikipedia returned 0 results
2947,Anthony Lopes,keeper,no_search_results,,,Wikipedia returned 0 results
3354,Benoît Guy Robert Costil,keeper,no_search_results,,,Wikipedia returned 0 results
6949,Gianluigi Buffon,keeper,no_search_results,,,Wikipedia returned 0 results
6898,Jaume Doménech Sánchez,keeper,no_search_results,,,Wikipedia returned 0 results
6768,Diego López Rodríguez,keeper,no_search_results,,,Wikipedia returned 0 results
7028,José Manuel Reina Páez,keeper,no_search_results,,,Wikipedia returned 0 results
8560,René Adler,keeper,no_search_results,,,Wikipedia returned 0 results
8517,Ralf Fährmann,keeper,no_search_results,,,Wikipedia returned 0 results
24040,Cristian Darío Álvarez,keeper,no_search_results,,,Wikipedia returned 0 results
4259,Stéphane Ruffier,keeper,no_search_results,,,Wikipedia returned 0 results
26753,Javier Varas Herrera,keeper,no_search_results,,,Wikipedia returned 0 results
3537,Jack Butland,keeper,no_search_results,,,Wikipedia returned 0 results
3539,Simon Mignolet,keeper,no_search_results,,,Wikipedia returned 0 results
3711,Martin Dúbravka,keeper,no_search_results,,,Wikipedia returned 0 results
36553,Matthieu Dreyer,keeper,no_search_results,,,Wikipedia returned 0 results
25946,Andrés Palop Cervera,keeper,no_search_results,,,Wikipedia returned 0 results
12608,Bradley Guzan,keeper,no_search_results,,,Wikipedia returned 0 results
25917,César Sánchez Domínguez,keeper,no_search_results,,,Wikipedia returned 0 results
26005,José Manuel Pinto Colorado,keeper,no_search_results,,,Wikipedia returned 0 results
6662,Iago Herrerín Buisán,keeper,no_search_results,,,Wikipedia returned 0 results
6629,Fernando Pacheco Flores,keeper,no_search_results,,,Wikipedia returned 0 results
6654,Antonio Adán Garrido,keeper,no_search_results,,,Wikipedia returned 0 results
11537,Alberto García Cabrera,keeper,no_search_results,,,Wikipedia returned 0 results
386510,Massimo Zenildo Zappino,keeper,no_search_results,,,Wikipedia returned 0 results
8393,Oliver Baumann,keeper,no_search_results,,,Wikipedia returned 0 results
10483,Ørjan Håskjold Nyland,keeper,no_search_results,,,Wikipedia returned 0 results
9539,Vito Mannone,keeper,no_search_results,,,Wikipedia returned 0 results
6571,Roberto Jiménez Gago,keeper,no_search_results,,,Wikipedia returned 0 results
13614,Francesco Bardi,keeper,no_search_results,,,Wikipedia returned 0 results
6312,Franco Armani,keeper,no_search_results,,,Wikipedia returned 0 results
5636,Jaime Manuel Penedo Cano,keeper,no_search_results,,,Wikipedia returned 0 results
5454,Francis Odinaka Uzoho,keeper,no_search_results,,,Wikipedia returned 0 results
6292,Essam Kamal Tawfik El Hadary,keeper,no_search_results,,,Wikipedia returned 0 results
26221,Gustavo Adolfo Munúa Vera,keeper,no_search_results,,,Wikipedia returned 0 results
6706,Francisco Casilla Cortés,keeper,no_search_results,,,Wikipedia returned 0 results
18672,Mark Bunn,keeper,no_search_results,,,Wikipedia returned 0 results
5577,Francisco Guillermo Ochoa Magaña,keeper,no_search_results,,,Wikipedia returned 0 results
20446,Shay Given,keeper,no_search_results,,,Wikipedia returned 0 results
21397,Stole Dimitrievski,keeper,no_search_results,,,Wikipedia returned 0 results
20662,Alexander Nübel,keeper,no_search_results,,,Wikipedia returned 0 results
16309,Joel Robles Blázquez,keeper,no_search_results,,,Wikipedia returned 0 results
182573,Ibrahim Kone,keeper,no_search_results,,,Wikipedia returned 0 results
104179,Orlando Mosquera,keeper,no_search_results,,,Wikipedia returned 0 results
161718,Ivane Carminio Francisco Urrubal,keeper,no_search_results,,,Wikipedia returned 0 results
6755,Sergio Asenjo Andrés,keeper,no_search_results,,,Wikipedia returned 0 results
6823,Sergio Rico González,keeper,no_search_results,,,Wikipedia returned 0 results
6991,Etrit Berisha,keeper,no_search_results,,,Wikipedia returned 0 results
9095,Manuel Riemann,keeper,no_search_results,,,Wikipedia returned 0 results
7641,Johann Carrasso,keeper,no_search_results,,,Wikipedia returned 0 results
7905,Raúl Lizoáin Cruz,keeper,no_search_results,,,Wikipedia returned 0 results
3240,Mathew Ryan,keeper,no_search_results,,,Wikipedia returned 0 results
2963,Rémy Vercoutre,keeper,no_search_results,,,Wikipedia returned 0 results
3339,Asmir Begović,keeper,no_search_results,,,Wikipedia returned 0 results
3262,Łukasz Fabiański,keeper,no_search_results,,,Wikipedia returned 0 results
102992,Djigui Diarra,keeper,no_search_results,,,Wikipedia returned 0 results
3379,Alphonse Areola,keeper,no_search_results,,,Wikipedia returned 0 results
34953,Denis Petrić,keeper,no_search_results,,,Wikipedia returned 0 results
30767,Gabriel Vasconelos Ferreira,keeper,no_search_results,,,Wikipedia returned 0 results
5205,Rui Pedro dos Santos Patrício,keeper,no_search_results,,,Wikipedia returned 0 results
3488,Wayne Hennessey,keeper,no_search_results,,,Wikipedia returned 0 results
40533,Cédric Carrasso,keeper,no_search_results,,,Wikipedia returned 0 results
40529,Morgan De Sanctis,keeper,no_search_results,,,Wikipedia returned 0 results
40484,Vincent Enyeama,keeper,no_search_results,,,Wikipedia returned 0 results
36951,Babacar Niasse,keeper,no_search_results,,,Wikipedia returned 0 results
29003,Jonas Omlin,keeper,no_search_results,,,Wikipedia returned 0 results
4509,Jérôme Prior,keeper,no_search_results,,,Wikipedia returned 0 results
5619,Hyeon-Woo Jo,keeper,no_search_results,,,Wikipedia returned 0 results
62016,Rodrigo Mario Morínigo Acosta,keeper,no_search_results,,,Wikipedia returned 0 results
41381,Anthony Louis Mandréa,keeper,no_search_results,,,Wikipedia returned 0 results
57655,Željko Brkić,keeper,no_search_results,,,Wikipedia returned 0 results
40645,Laurent Pionnier,keeper,no_search_results,,,Wikipedia returned 0 results
41067,Davide Bassi,keeper,no_search_results,,,Wikipedia returned 0 results
6692,Oier Olazábal Paredes,keeper,no_search_results,,,Wikipedia returned 0 results
11508,Łukasz Skorupski,keeper,no_search_results,,,Wikipedia returned 0 results
11302,Jordi Masip López,keeper,no_search_results,,,Wikipedia returned 0 results
11179,Iker Casillas Fernández,keeper,no_search_results,,,Wikipedia returned 0 results
12319,Ramazan Özcan,keeper,no_search_results,,,Wikipedia returned 0 results
3291,Joe Hart,keeper,no_search_results,,,Wikipedia returned 0 results
226523,Jahmali Waite,keeper,no_search_results,,,Wikipedia returned 0 results
397802,Jan Jongbloed,keeper,no_search_results,,,Wikipedia returned 0 results
136064,Ernan Alberto Siluane,keeper,no_search_results,,,Wikipedia returned 0 results
398823,Eike Immel,keeper,no_search_results,,,Wikipedia returned 0 results
401501,David Yelldell,keeper,no_search_results,,,Wikipedia returned 0 results
7069,Miguel Ángel Moyà Rumbo,keeper,no_search_results,,,Wikipedia returned 0 results
397972,Viktor Chanov,keeper,no_search_results,,,Wikipedia returned 0 results
2981,Alban Lafont,keeper,no_search_results,,,Wikipedia returned 0 results
3419,Jessy Moulin,keeper,no_search_results,,,Wikipedia returned 0 results
124496,Saad Abdullah Al Sheeb,keeper,no_search_results,,,Wikipedia returned 0 results
10332,Odisseas Vlachodimos,keeper,no_search_results,,,Wikipedia returned 0 results
9887,Rafael de Andrade Bittencourt Pinheiro,keeper,no_search_results,,,Wikipedia returned 0 results
9879,Jon Ander Serantes Simon,keeper,no_search_results,,,Wikipedia returned 0 results
9747,Axel Werner,keeper,no_search_results,,,Wikipedia returned 0 results
9205,Kevin Müller,keeper,no_search_results,,,Wikipedia returned 0 results
6795,Rubén Blanco Veiga,keeper,no_search_results,,,Wikipedia returned 0 results
7123,Gianluca Pegolo,keeper,no_search_results,,,Wikipedia returned 0 results
7148,Mattia Perin,keeper,no_search_results,,,Wikipedia returned 0 results
7804,Alberto Brignoli,keeper,no_search_results,,,Wikipedia returned 0 results
7517,Gauthier Gallon,keeper,no_search_results,,,Wikipedia returned 0 results
7469,Salvatore Sirigu,keeper,no_search_results,,,Wikipedia returned 0 results
8108,Lawrence Ati-Zigi,keeper,no_search_results,,,Wikipedia returned 0 results
8240,Koen Casteels,keeper,no_search_results,,,Wikipedia returned 0 results
8208,Sven Ulreich,keeper,no_search_results,,,Wikipedia returned 0 results
8524,Péter Gulácsi,keeper,no_search_results,,,Wikipedia returned 0 results
8652,Jasper Cillessen,keeper,no_search_results,,,Wikipedia returned 0 results
7515,Jules Goda,keeper,no_search_results,,,Wikipedia returned 0 results
125324,Lloyd Junior Kazapua,keeper,no_search_results,,,Wikipedia returned 0 results
20201,Maarten Stekelenburg,keeper,no_search_results,,,Wikipedia returned 0 results
21532,Daniel Bachmann,keeper,no_search_results,,,Wikipedia returned 0 results
22125,Arthur Desmas,keeper,no_search_results,,,Wikipedia returned 0 results
6722,David Soria Solís,keeper,no_search_results,,,Wikipedia returned 0 results
19761,Ricardo Alexandre Martins Soares Pereira,keeper,no_search_results,,,Wikipedia returned 0 results
20066,Darren Randolph,keeper,no_search_results,,,Wikipedia returned 0 results
6698,Marko Dmitrović,keeper,no_search_results,,,Wikipedia returned 0 results
12352,Matthew Charles Turner,keeper,no_search_results,,,Wikipedia returned 0 results
23344,Aitor Fernández Abarisketa,keeper,no_search_results,,,Wikipedia returned 0 results
20256,Grégory Coupet,keeper,no_search_results,,,Wikipedia returned 0 results
20145,Thomas Løvendahl Sørensen,keeper,no_search_results,,,Wikipedia returned 0 results
11541,Tomáš Vaclík,keeper,no_search_results,,,Wikipedia returned 0 results
12475,Angelo Esmael da Costa Júnior,keeper,no_search_results,,,Wikipedia returned 0 results
12420,Frederik Rønnow,keeper,no_search_results,,,Wikipedia returned 0 results
26219,Timo Hildebrand,keeper,no_search_results,,,Wikipedia returned 0 results
26084,Iñaki Lafuente Sancha,keeper,no_search_results,,,Wikipedia returned 0 results
25953,Armando Riveiro de Aguilar Malda,keeper,no_search_results,,,Wikipedia returned 0 results
25974,Franco Costanzo,keeper,no_search_results,,,Wikipedia returned 0 results
25430,Felipe Melo de Carvalho,keeper,no_search_results,,,Wikipedia returned 0 results
25858,Ricardo Sanzol Goñi,keeper,no_search_results,,,Wikipedia returned 0 results
25881,Juan Antonio Rodríguez Villamuela,keeper,no_search_results,,,Wikipedia returned 0 results
25912,Ricardo López Felipe,keeper,no_search_results,,,Wikipedia returned 0 results
6311,Lovre Kalinić,keeper,no_search_results,,,Wikipedia returned 0 results
5714,Mohammed Khalil Al Owais,keeper,no_search_results,,,Wikipedia returned 0 results
5653,Mouez Hassen,keeper,no_search_results,,,Wikipedia returned 0 results
23198,Michael Zetterer,keeper,no_search_results,,,Wikipedia returned 0 results
5528,Pedro David Gallese Quiróz,keeper,no_search_results,,,Wikipedia returned 0 results
5498,Hannes Þór Halldórsson,keeper,no_search_results,,,Wikipedia returned 0 results
24888,Adam Federici,keeper,no_search_results,,,Wikipedia returned 0 results
5648,Farouk Ben Mustapha,keeper,no_search_results,,,Wikipedia returned 0 results
22243,Heorhii Bushchan,keeper,no_search_results,,,Wikipedia returned 0 results
22379,Angus Gunn,keeper,no_search_results,,,Wikipedia returned 0 results
22130,Mauro Daniel Goicoechea Furia,keeper,no_search_results,,,Wikipedia returned 0 results
23815,Casto Espinosa Barriga,keeper,no_search_results,,,Wikipedia returned 0 results
23499,Jaroslav Drobný,keeper,no_search_results,,,Wikipedia returned 0 results
3980,Johny Placide,keeper,no_search_results,,,Wikipedia returned 0 results
30357,Uğurcan Çakır,keeper,no_search_results,,,Wikipedia returned 0 results
29198,Jeremías Ledesma,keeper,no_search_results,,,Wikipedia returned 0 results
4053,Ben Foster,keeper,no_search_results,,,Wikipedia returned 0 results
27240,Jesús Fernández Collado,keeper,no_search_results,,,Wikipedia returned 0 results
27517,Jaime Jiménez Merlo,keeper,no_search_results,,,Wikipedia returned 0 results
26438,David Cobeño Iglesias,keeper,no_search_results,,,Wikipedia returned 0 results
26786,Mario Fernández Cuesta,keeper,no_search_results,,,Wikipedia returned 0 results
27111,António Alberto Bastos Pimparel,keeper,no_search_results,,,Wikipedia returned 0 results
26452,Pedro Gonzalez Contreras Cano,keeper,no_search_results,,,Wikipedia returned 0 results
26460,Francesc Arnau,keeper,no_search_results,,,Wikipedia returned 0 results
37274,Bart Verbruggen,keeper,no_search_results,,,Wikipedia returned 0 results
36949,Julio José González Vela-Alvizu,keeper,no_search_results,,,Wikipedia returned 0 results
32185,Alejandro Remiro Gargallo,keeper,no_search_results,,,Wikipedia returned 0 results
34315,Simone Colombi,keeper,no_search_results,,,Wikipedia returned 0 results
31904,Giedrius Arlauskis,keeper,no_search_results,,,Wikipedia returned 0 results
5227,Alireza Safar Beiranvand,keeper,no_search_results,,,Wikipedia returned 0 results
30830,Luca Lezzerini,keeper,no_search_results,,,Wikipedia returned 0 results
31437,Andreas Hirzel,keeper,no_search_results,,,Wikipedia returned 0 results
4547,Ludovic Butelle,keeper,no_search_results,,,Wikipedia returned 0 results
4600,Diego Orlando Benaglio,keeper,no_search_results,,,Wikipedia returned 0 results
28357,Thomas Vincensini,keeper,no_search_results,,,Wikipedia returned 0 results
28040,Jindřich Staněk,keeper,no_search_results,,,Wikipedia returned 0 results
38616,Sepp Maier,keeper,no_search_results,,,Wikipedia returned 0 results
37641,Seung-Gyu Kim,keeper,no_search_results,,,Wikipedia returned 0 results
38312,Eugenio Lamanna,keeper,no_search_results,,,Wikipedia returned 0 results
37522,Hernán Ismael Galíndez,keeper,no_search_results,,,Wikipedia returned 0 results
3619,Alex McCarthy,keeper,no_search_results,,,Wikipedia returned 0 results
40322,Mark Schwarzer,keeper,no_search_results,,,Wikipedia returned 0 results
40332,Alberto Pelagotti,keeper,no_search_results,,,Wikipedia returned 0 results
3487,Julián Speroni,keeper,no_search_results,,,Wikipedia returned 0 results
40280,Richard Wright,keeper,no_search_results,,,Wikipedia returned 0 results
39825,Stefano Tacconi,keeper,no_search_results,,,Wikipedia returned 0 results
40132,Paul Robinson,keeper,no_search_results,,,Wikipedia returned 0 results
40236,Ian Walker,keeper,no_search_results,,,Wikipedia returned 0 results
38403,Shaka Hislop,keeper,no_search_results,,,Wikipedia returned 0 results
3649,Karl Darlow,keeper,no_search_results,,,Wikipedia returned 0 results
41185,Jakob Haugaard,keeper,no_search_results,,,Wikipedia returned 0 results
41385,Ali Nadhoim Ahamada,keeper,no_search_results,,,Wikipedia returned 0 results
48502,Mory Diaw,keeper,no_search_results,,,Wikipedia returned 0 results
42428,Jonathan Ligali,keeper,no_search_results,,,Wikipedia returned 0 results
68757,Richard Ofori Antwi,keeper,no_search_results,,,Wikipedia returned 0 results
97291,Patrick Gilmar Sequeira Mejías,keeper,no_search_results,,,Wikipedia returned 0 results
40464,Moritz Hartmann,taker,not_a_footballer,Moritz Hartmann,,Categories: Category:1821 births | Category:1872 deaths | Category:19th-century Czech Jews | Category:19th-century German Jews | Category:All articles lacking in-text citations | Category:Articles lacking in-text
5743,Paulo Bruno Exequiel Dybala,taker,not_a_footballer,2022 FIFA World Cup knockout stage,,Categories: Category:2020s in Doha | Category:2022 FIFA World Cup | Category:Argentina at the 2022 FIFA World Cup | Category:Articles containing Croatian-language text | Category:Articles with short description |
8237,Paul Verhaegh,taker,no_image,Paul Verhaegh,,Page exists but has no infobox image
11132,Claudio Miguel Pizarro Bossio,taker,no_image,List of foreign Liga MX players,,Page exists but has no infobox image
3712,Pierre-Emerick Aubameyang,taker,success,Pierre-Emerick Aubameyang,https://upload.wikimedia.org/wikipedia/commons/thumb/3/37/1_Pierre-Emerick_Aubameyang_%28cropped%29.jpg/500px-1_Pierre-Emerick_Aubameyang_%28cropped%29.jpg,
66716,Teboho Mokoena,taker,no_image,"Teboho Mokoena (soccer, born 1997)",,Page exists but has no infobox image
30401,Ruben Vargas,taker,no_image,Rubén Vargas,,Page exists but has no infobox image
26780,Guilherme Magdalena Siqueira,taker,not_a_footballer,List of rivers by discharge,,Categories: Category:Articles with short description | Category:CS1 maint: DOI inactive as of April 2026 | Category:Lists of rivers | Category:Short description is different from Wikidata | Category:Webarchive te
3345,Charlie Daniels,taker,not_a_footballer,Charlie Daniels,,Categories: Category:1936 births | Category:2020 deaths | Category:20th-century American fiddlers | Category:20th-century American guitarists | Category:20th-century American male musicians | Category:21st-centur
64607,Zakhele Lerato Lepasa,taker,no_image,Zakhele Lepasa,,Page exists but has no infobox image
36770,Mauricio Ricardo Pinilla Ferreira,taker,not_a_footballer,ESPN (Latin America),,Categories: Category:All articles needing additional references | Category:Articles needing additional references from October 2021 | Category:Articles with short description | Category:CS1 European Spanish-langu
28268,Exequiel Alejandro Palacios,taker,success,Exequiel Palacios,https://upload.wikimedia.org/wikipedia/commons/thumb/6/6f/Exequiel_Palacios%2C_2022-07-31%2C_Saisoner%C3%B6ffnung_Bayer_04%2C_Leverkusen_%281%29.jpg/500px-Exequiel_Palacios%2C_2022-07-31%2C_Saisoner%C3%B6ffnung_Bayer_04%2C_Leverkusen_%281%29.jpg,
3478,Francesc Fàbregas i Soler,taker,success,Cesc Fàbregas,https://upload.wikimedia.org/wikipedia/commons/thumb/5/5b/2023_-_Cesc_Fabregas_%28cropped%29.jpg/500px-2023_-_Cesc_Fabregas_%28cropped%29.jpg,
3457,Michy Batshuayi Tunga,taker,not_a_footballer,Tunga,,Categories: Category:All article disambiguation pages | Category:All disambiguation pages | Category:Disambiguation pages | Category:Place name disambiguation pages | Category:Short description is different from 
7044,Patrik Schick,taker,success,Patrik Schick,https://upload.wikimedia.org/wikipedia/commons/thumb/7/71/2020-03-10_Fu%C3%9Fball%2C_M%C3%A4nner%2C_UEFA_Champions_League_Achtelfinale%2C_RB_Leipzig_-_Tottenham_Hotspur_1DX_3672_by_Stepro.jpg/500px-2020-03-10_Fu%C3%9Fball%2C_M%C3%A4nner%2C_UEFA_Champions_League_Achtelfinale%2C_RB_Leipzig_-_Tottenham_Hotspur_1DX_3672_by_Stepro.jpg,
7294,Yoane Wissa,taker,success,Yoane Wissa,https://upload.wikimedia.org/wikipedia/commons/thumb/9/9b/CAN_2023RD_Congo_2-1_Guin%C3%A9e_9939_%28cropped%29.jpg/500px-CAN_2023RD_Congo_2-1_Guin%C3%A9e_9939_%28cropped%29.jpg,
7173,Leonardo Bonucci,taker,success,Leonardo Bonucci,https://upload.wikimedia.org/wikipedia/commons/6/6b/20150616_-_Portugal_-_Italie_-_Gen%C3%A8ve_-_Leonardo_Bonucci_%28cropped_2%29.jpg,
7170,Simone Verdi,taker,success,Simone Verdi,https://upload.wikimedia.org/wikipedia/commons/thumb/8/89/Lens_-_Torino_FC_%2802-08-2023%29_23_%28cropped%29.jpg/500px-Lens_-_Torino_FC_%2802-08-2023%29_23_%28cropped%29.jpg,
7367,Grejohn Kyei,taker,success,Grejohn Kyei,https://upload.wikimedia.org/wikipedia/commons/thumb/5/5d/RC_Lens_-_Paris_FC_%2828-09-2018%29_12.jpg/500px-RC_Lens_-_Paris_FC_%2828-09-2018%29_12.jpg,
4913,Bojan Krkíc Pérez,taker,success,Bojan Krkić,https://upload.wikimedia.org/wikipedia/commons/thumb/0/08/Photo_of_Bojan_Krkic.jpg/500px-Photo_of_Bojan_Krkic.jpg,
5174,Sergei Ignashevich,taker,success,Sergei Ignashevich,https://upload.wikimedia.org/wikipedia/commons/thumb/b/bb/Sergei_Ignashevich_2021.jpg/500px-Sergei_Ignashevich_2021.jpg,
7615,Abdul Majeed Waris,taker,success,Abdul Majeed Waris,https://upload.wikimedia.org/wikipedia/commons/thumb/8/8e/Abdul_Majeed_Waris_2013.jpg/500px-Abdul_Majeed_Waris_2013.jpg,
7777,Federico Bernardeschi,taker,success,Federico Bernardeschi,https://upload.wikimedia.org/wikipedia/commons/thumb/1/11/FC_Zenit_Saint_Petersburg_vs._Juventus%2C_20_October_2021_17_%28Federico_Bernardeschi%29.jpg/500px-FC_Zenit_Saint_Petersburg_vs._Juventus%2C_20_October_2021_17_%28Federico_Bernardeschi%29.jpg,
8575,Salomon Armand Magloire Kalou,taker,success,Salomon Kalou,https://upload.wikimedia.org/wikipedia/commons/thumb/e/ef/Hertha_BSC_vs._West_Ham_United_20190731_%28044%29.jpg/500px-Hertha_BSC_vs._West_Ham_United_20190731_%28044%29.jpg,
8644,Sergio Pellissier,taker,success,Sergio Pellissier,https://upload.wikimedia.org/wikipedia/commons/thumb/d/d5/Cardiff_City_FC_v_AC_ChievoVerona%2C_3_August_2013_-_Sergio_Pellissier_%28edited%29.jpg/500px-Cardiff_City_FC_v_AC_ChievoVerona%2C_3_August_2013_-_Sergio_Pellissier_%28edited%29.jpg,
8895,Pierre-Michel Lasogga,taker,success,Pierre-Michel Lasogga,https://upload.wikimedia.org/wikipedia/commons/thumb/3/37/LASOGGA.JPG/500px-LASOGGA.JPG,
4275,Ross Barkley,taker,success,Ross Barkley,https://upload.wikimedia.org/wikipedia/commons/thumb/a/a6/Ross_Barkley_in_2019.jpg/500px-Ross_Barkley_in_2019.jpg,
8218,Arjen Robben,taker,success,Arjen Robben,https://upload.wikimedia.org/wikipedia/commons/4/42/Arjen_Robben_v_Shakhtar_2015_%28cropped%29.jpg,
5195,Artem Dzyuba,taker,success,Artem Dzyuba,https://upload.wikimedia.org/wikipedia/commons/f/f8/Dzyuba_in_2021.jpg,
5194,Fyodor Smolov,taker,success,Fyodor Smolov,https://upload.wikimedia.org/wikipedia/commons/thumb/d/d7/Fyodor_Smolov_2022.jpg/500px-Fyodor_Smolov_2022.jpg,
8966,Kai Havertz,taker,success,Kai Havertz,https://upload.wikimedia.org/wikipedia/commons/thumb/e/e8/2019-06-11_Fu%C3%9Fball%2C_M%C3%A4nner%2C_L%C3%A4nderspiel%2C_Deutschland-Estland_StP_2059_LR10_by_Stepro.jpg/500px-2019-06-11_Fu%C3%9Fball%2C_M%C3%A4nner%2C_L%C3%A4nderspiel%2C_Deutschland-Estland_StP_2059_LR10_by_Stepro.jpg,
8243,Daniel Didavi,taker,success,Daniel Didavi,https://upload.wikimedia.org/wikipedia/commons/thumb/6/67/Daniel_didavi1.jpg/500px-Daniel_didavi1.jpg,
4041,José Salomón Rondón Giménez,taker,success,Salomón Rondón,https://upload.wikimedia.org/wikipedia/commons/thumb/7/78/Salom%C3%B3n_Rond%C3%B3n_2021.jpg/500px-Salom%C3%B3n_Rond%C3%B3n_2021.jpg,
13613,Daniel Ciofani,taker,success,Daniel Ciofani,https://upload.wikimedia.org/wikipedia/commons/thumb/7/7f/Daniel_ciofani_-_frosinone.jpg/500px-Daniel_ciofani_-_frosinone.jpg,
16532,Daniel Olmo Carvajal,taker,success,Dani Olmo,https://upload.wikimedia.org/wikipedia/commons/thumb/e/e0/Dani_Olmo_2022.jpg/500px-Dani_Olmo_2022.jpg,
3604,Olivier Giroud,taker,success,Olivier Giroud,https://upload.wikimedia.org/wikipedia/commons/9/96/Olivier_Giroud_December_2024.png,
3625,Sofiane Boufal,taker,success,Sofiane Boufal,https://upload.wikimedia.org/wikipedia/commons/thumb/f/f9/Southampton_FC_versus_Sevilla_%2836346327746%29.jpg/500px-Southampton_FC_versus_Sevilla_%2836346327746%29.jpg,
19846,Antonio Di Natale,taker,success,Antonio Di Natale,https://upload.wikimedia.org/wikipedia/commons/3/37/Antonio_di_natale.JPG,
20135,Marcos Antonio Senna da Silva,taker,success,Marcos Senna,https://upload.wikimedia.org/wikipedia/commons/thumb/d/d9/Marcos_senna_neustift_080606_%28cropped%29.jpg/500px-Marcos_senna_neustift_080606_%28cropped%29.jpg,
4254,Valentin Eysseric,taker,success,Valentin Eysseric,https://upload.wikimedia.org/wikipedia/commons/thumb/5/58/DSC_5326_%289329316310%29.jpg/500px-DSC_5326_%289329316310%29.jpg,
4269,Aleksandar Mitrović,taker,success,Aleksandar Mitrović,https://upload.wikimedia.org/wikipedia/commons/7/78/Aleksandar_Mitrovi%C4%87_2018_%28cropped%29.jpg,
10616,Mohamed Larbi,taker,no_image,Mohamed Larbi,,Page exists but has no infobox image
10287,İlkay Gündoğan,taker,success,İlkay Gündoğan,https://upload.wikimedia.org/wikipedia/commons/thumb/c/c7/20180602_FIFA_Friendly_Match_Austria_vs._Germany_%C4%B0lkay_G%C3%BCndo%C4%9Fan_850_0728.jpg/500px-20180602_FIFA_Friendly_Match_Austria_vs._Germany_%C4%B0lkay_G%C3%BCndo%C4%9Fan_850_0728.jpg,
4630,Saido Berahino,taker,success,Saido Berahino,https://upload.wikimedia.org/wikipedia/commons/thumb/2/25/Saido_Berahino_8886_%2815632059695%29.jpg/500px-Saido_Berahino_8886_%2815632059695%29.jpg,
4434,Thibault Giresse,taker,success,Thibault Giresse,https://upload.wikimedia.org/wikipedia/commons/thumb/1/11/Thibault_Giresse.jpg/500px-Thibault_Giresse.jpg,
4412,Samuel Moutoussamy,taker,success,Samuel Moutoussamy,https://upload.wikimedia.org/wikipedia/commons/thumb/4/4b/Samuel_Moutoussamy_%28cropped%29.jpg/500px-Samuel_Moutoussamy_%28cropped%29.jpg,
5559,Marco Reus,taker,success,Marco Reus,https://upload.wikimedia.org/wikipedia/commons/thumb/c/cf/2023-08-12_TSV_Schott_Mainz_gegen_Borussia_Dortmund_%28DFB-Pokal_2023-24%29_by_Sandro_Halank%E2%80%93126.jpg/500px-2023-08-12_TSV_Schott_Mainz_gegen_Borussia_Dortmund_%28DFB-Pokal_2023-24%29_by_Sandro_Halank%E2%80%93126.jpg,
5470,Ivan Rakitić,taker,success,Ivan Rakitić,https://upload.wikimedia.org/wikipedia/commons/f/f0/Ivan_Rakiti%C4%87_2020_%28cropped%29.jpg,
5469,Marcelo Brozović,taker,success,Marcelo Brozović,https://upload.wikimedia.org/wikipedia/commons/c/c9/Marcelo_Brozovi%C4%87_2021_%28cropped%29.jpg,
5477,Ousmane Dembélé,taker,success,Ousmane Dembélé,https://upload.wikimedia.org/wikipedia/commons/4/4a/Ousmane_Demb%C3%A9l%C3%A9_2018_%28cropped%29.jpg,
5510,Lucas Rodrigo Biglia,taker,success,Lucas Biglia,https://upload.wikimedia.org/wikipedia/commons/a/ad/Lucas_Biglia_%28cropped%29.jpg,
6973,Edin Džeko,taker,success,Edin Džeko,https://upload.wikimedia.org/wikipedia/commons/thumb/2/2c/20150331_2026_AUT_BIH_2177_Edin_D%C5%BEeko_%28cropped%29.jpg/500px-20150331_2026_AUT_BIH_2177_Edin_D%C5%BEeko_%28cropped%29.jpg,
5489,Mile Jedinak,taker,success,Mile Jedinak,https://upload.wikimedia.org/wikipedia/commons/thumb/4/45/Mile_Jedinak_Antalyaspor.JPG/500px-Mile_Jedinak_Antalyaspor.JPG,
5260,Rodrigo Bentancur Colmán,taker,success,Rodrigo Bentancur,https://upload.wikimedia.org/wikipedia/commons/thumb/c/c8/20171114_AUT_URU_4518_-_Rodrigo_Bentancur_%28cropped%29_2.jpg/500px-20171114_AUT_URU_4518_-_Rodrigo_Bentancur_%28cropped%29_2.jpg,
5245,Achraf Hakimi Mouh,taker,success,Achraf Hakimi,https://upload.wikimedia.org/wikipedia/commons/thumb/7/77/Achraf_Hakimi_%28cropped%29.jpg/500px-Achraf_Hakimi_%28cropped%29.jpg,
5203,Sergio Busquets i Burgos,taker,success,Sergio Busquets,https://upload.wikimedia.org/wikipedia/commons/thumb/4/40/Sergio_Busquets_NYCFC_Miami_24_Sep_2025-020_%28cropped%29.jpg/500px-Sergio_Busquets_NYCFC_Miami_24_Sep_2025-020_%28cropped%29.jpg,
7037,Lorenzo Insigne,taker,success,Lorenzo Insigne,https://upload.wikimedia.org/wikipedia/commons/6/60/Lorenzo_Insigne_2021.jpg,
7039,Hakan Çalhanoğlu,taker,success,Hakan Çalhanoğlu,https://upload.wikimedia.org/wikipedia/commons/thumb/d/d7/AUT_vs._TUR_2016-03-29_%28342%29.jpg/500px-AUT_vs._TUR_2016-03-29_%28342%29.jpg,
7025,Marek Hamšík,taker,success,Marek Hamšík,https://upload.wikimedia.org/wikipedia/commons/5/5e/Hamsik_2016.jpg,
7024,Jorge Luiz Frello Filho,taker,success,"Jorginho (footballer, born December 1991)",https://upload.wikimedia.org/wikipedia/commons/thumb/6/60/Jorginho%2C_2021_%28cropped%29.jpg/500px-Jorginho%2C_2021_%28cropped%29.jpg,
7023,Franck Yannick Kessié,taker,success,Franck Kessié,https://upload.wikimedia.org/wikipedia/commons/thumb/4/43/Franck_Yannick_Kessi%C3%A9.jpg/500px-Franck_Yannick_Kessi%C3%A9.jpg,
6987,Mauro Emanuel Icardi Rivero,taker,success,Mauro Icardi,https://upload.wikimedia.org/wikipedia/commons/thumb/1/14/Mauro_Icardi_en_2025.jpg/500px-Mauro_Icardi_en_2025.jpg,
5258,Giorgian Daniel De Arrascaeta Benedetti,taker,success,Giorgian de Arrascaeta,https://upload.wikimedia.org/wikipedia/commons/thumb/1/1d/Giorgian_De_Arrascaeta_20171114_AUT_URU_4546_%28cropped%29.jpg/500px-Giorgian_De_Arrascaeta_20171114_AUT_URU_4546_%28cropped%29.jpg,
5217,Iago Aspas Juncal,taker,success,Iago Aspas,https://upload.wikimedia.org/wikipedia/commons/thumb/0/05/Partido_Galicia_-_Panam%C3%A1_en_Bala%C3%ADdos_182_%28cropped%29.jpg/500px-Partido_Galicia_-_Panam%C3%A1_en_Bala%C3%ADdos_182_%28cropped%29.jpg,
6685,Mikel Oyarzabal Ugarte,taker,success,Mikel Oyarzabal,https://upload.wikimedia.org/wikipedia/commons/thumb/f/f1/UEFA_EURO_qualifiers_Sweden_vs_Spain_20191015_108_%28cropped%29.jpg/500px-UEFA_EURO_qualifiers_Sweden_vs_Spain_20191015_108_%28cropped%29.jpg,
6690,Xabier Prieto Argarate,taker,success,Xabi Prieto,https://upload.wikimedia.org/wikipedia/commons/f/fe/Real_Sociedad_-_Red_Bull_Salzburgo_26_%2839594403074%29_%28cropped%29.jpg,
6773,Federico Santiago Valverde Dipetta,taker,success,Federico Valverde,https://upload.wikimedia.org/wikipedia/commons/thumb/7/73/Federico_Valverde_2021_%28cropped%29.jpg/500px-Federico_Valverde_2021_%28cropped%29.jpg,
6862,Cédric Bakambu,taker,success,Cédric Bakambu,https://upload.wikimedia.org/wikipedia/commons/thumb/4/4b/C%C3%A9dric_Bakambu_2016_%28cropped%29.jpg/500px-C%C3%A9dric_Bakambu_2016_%28cropped%29.jpg,
6724,Manuel Agudo Durán,taker,success,Nolito,https://upload.wikimedia.org/wikipedia/commons/thumb/8/80/Nolito.JPG/500px-Nolito.JPG,
5834,Mario Gavranović,taker,success,Mario Gavranović,https://upload.wikimedia.org/wikipedia/commons/thumb/9/91/Mario_Gavranovic_2011-08-03.jpg/500px-Mario_Gavranovic_2011-08-03.jpg,
383250,Moise Bombito,taker,success,Moïse Bombito,https://upload.wikimedia.org/wikipedia/commons/thumb/6/60/Bombito_asse_ogcn_2425.png/500px-Bombito_asse_ogcn_2425.png,
5607,Andreas Granqvist,taker,success,Andreas Granqvist,https://upload.wikimedia.org/wikipedia/commons/9/93/SWE-SWI_%2813%29_%28cropped%29_2.jpg,
5661,M''Baye Babacar Niang,taker,not_a_footballer,Senegal men's national basketball team,,Categories: Category:1964 establishments in Senegal | Category:Articles with short description | Category:Basketball in Senegal | Category:Basketball teams in Senegal | Category:Men's national basketball teams | 
133229,Ismael Koné,taker,success,Ismaël Koné,https://upload.wikimedia.org/wikipedia/commons/0/08/Kone_asse_om_2425.png,
3022,Fallou Diagne,taker,success,Fallou Diagne,https://upload.wikimedia.org/wikipedia/commons/thumb/e/ee/Stade_rennais_-_Le_Havre_AC_20150708_05.JPG/500px-Stade_rennais_-_Le_Havre_AC_20150708_05.JPG,
3044,Chancel Mbemba Mangulu,taker,success,Chancel Mbemba,https://upload.wikimedia.org/wikipedia/commons/thumb/6/60/24BBRW_-_53535940590_%28cropped%29.jpg/500px-24BBRW_-_53535940590_%28cropped%29.jpg,
3002,Benjamin Nivet,taker,success,Benjamin Nivet,https://upload.wikimedia.org/wikipedia/commons/thumb/4/47/Benjamin-nivet.jpg/500px-Benjamin-nivet.jpg,
2950,Jonas Martin,taker,success,Jonas Martin,https://upload.wikimedia.org/wikipedia/commons/thumb/a/a4/Martin_asse_sb_2425.png/500px-Martin_asse_sb_2425.png,
401505,Jacques Zoua Daogari,taker,success,Jacques Zoua,https://upload.wikimedia.org/wikipedia/commons/c/cd/Jacques_Zoua_2013.jpg,
3235,Ludovic Blas,taker,success,Ludovic Blas,https://upload.wikimedia.org/wikipedia/commons/thumb/9/93/Blas_asse_srfc_2425.png/500px-Blas_asse_srfc_2425.png,
3213,Jimmy Briand,taker,success,Jimmy Briand,https://upload.wikimedia.org/wikipedia/commons/thumb/8/84/Lens_-_Girondins_de_Bordeaux_%2819-09-2020%29_9.jpg/500px-Lens_-_Girondins_de_Bordeaux_%2819-09-2020%29_9.jpg,
3198,Moussa Niakhate,taker,success,Moussa Niakhaté,https://upload.wikimedia.org/wikipedia/commons/thumb/1/1f/Niakhat%C3%A9_asse_ol_2425.png/500px-Niakhat%C3%A9_asse_ol_2425.png,
3196,Wahbi Khazri,taker,success,Wahbi Khazri,https://upload.wikimedia.org/wikipedia/commons/8/86/Wahbi_Khazri.jpg,
3179,Nolan Roux,taker,success,Nolan Roux,https://upload.wikimedia.org/wikipedia/commons/thumb/8/86/Nolan_Roux%2C_LOSC_Lille.JPG/500px-Nolan_Roux%2C_LOSC_Lille.JPG,
3090,Nicolás Hernán Otamendi,taker,success,Nicolás Otamendi,https://upload.wikimedia.org/wikipedia/commons/d/de/Argentina_team_in_St._Petersburg_%28cropped%29_Otamendi.jpg,
3087,Gnégnéri Yaya Touré,taker,success,Yaya Touré,https://upload.wikimedia.org/wikipedia/commons/thumb/b/b7/Yaya_Tour%C3%A9_%28cropped%29.jpg/500px-Yaya_Tour%C3%A9_%28cropped%29.jpg,
3085,Glenn Murray,taker,success,Glenn Murray,https://upload.wikimedia.org/wikipedia/commons/thumb/0/02/Glenn_Murray_Brighton_%28cropped%29.jpg/500px-Glenn_Murray_Brighton_%28cropped%29.jpg,
3078,Abdoul Razzagui Camara,taker,success,Abdoul Camara,https://upload.wikimedia.org/wikipedia/commons/a/a5/Abdoul_Razzagui_Camara.jpg,
3058,Javier Hernández Balcázar,taker,success,Javier Hernández,https://upload.wikimedia.org/wikipedia/commons/thumb/9/95/Hertha_BSC_vs._West_Ham_United_20190731_%28139%29.jpg/500px-Hertha_BSC_vs._West_Ham_United_20190731_%28139%29.jpg,
41092,Nuno Mendes,taker,success,"Nuno Mendes (footballer, born 2002)",https://upload.wikimedia.org/wikipedia/commons/7/7b/Portugal_national_football_team_0866_%28cropped%29.jpg,
40761,Omar Marmoush,taker,success,Omar Marmoush,https://upload.wikimedia.org/wikipedia/commons/thumb/0/09/OmarMarmoush.png/500px-OmarMarmoush.png,
40724,Florian Wirtz,taker,success,Florian Wirtz,https://upload.wikimedia.org/wikipedia/commons/thumb/5/5d/Florian_Wirtz%2C_2022-07-31%2C_Saisoner%C3%B6ffnung_Bayer_04%2C_Leverkusen_%281%29_%28cropped%29.jpg/500px-Florian_Wirtz%2C_2022-07-31%2C_Saisoner%C3%B6ffnung_Bayer_04%2C_Leverkusen_%281%29_%28cropped%29.jpg,
40699,Sylvain Armand,taker,success,Sylvain Armand,https://upload.wikimedia.org/wikipedia/commons/thumb/0/05/Stade_rennais_vs_USM_Alger%2C_July_16th_2016_-_Sylvain_Armand_4.jpg/500px-Stade_rennais_vs_USM_Alger%2C_July_16th_2016_-_Sylvain_Armand_4.jpg,
40485,Ryan Isaac Mendes da Graça,taker,success,Ryan Mendes,https://upload.wikimedia.org/wikipedia/commons/thumb/9/9e/Ryan_Mendes_%28LOSC_Lille%29.JPG/500px-Ryan_Mendes_%28LOSC_Lille%29.JPG,
40375,Paolo Di Canio,taker,success,Paolo Di Canio,https://upload.wikimedia.org/wikipedia/commons/thumb/3/39/Paolo_Di_Canio_Upton_Park_11_September_2010_%28cropped%29.jpg/500px-Paolo_Di_Canio_Upton_Park_11_September_2010_%28cropped%29.jpg,
5830,Kenneth Josiah Omeruo,taker,success,Kenneth Omeruo,https://upload.wikimedia.org/wikipedia/commons/1/12/Argentina-Nigeria_%283%29_cropped%29.jpg,
5695,James David Rodríguez Rubio,taker,success,James Rodríguez,https://upload.wikimedia.org/wikipedia/commons/thumb/7/79/James_Rodriguez_2018.jpg/500px-James_Rodriguez_2018.jpg,
5689,Juan Guillermo Cuadrado Bello,taker,success,Juan Cuadrado,https://upload.wikimedia.org/wikipedia/commons/b/b6/Juan_Cuadrado_2019_%28cropped%29.jpg,
5684,Shinji Kagawa,taker,success,Shinji Kagawa,https://upload.wikimedia.org/wikipedia/commons/8/81/Shinji_Kagawa_2018_%28cropped%29.jpg,
5675,Kalidou Koulibaly,taker,success,Kalidou Koulibaly,https://upload.wikimedia.org/wikipedia/commons/thumb/3/31/Joueur_de_foot.jpg/500px-Joueur_de_foot.jpg,
5650,Ferjani Sassi,taker,success,Ferjani Sassi,https://upload.wikimedia.org/wikipedia/commons/4/49/Ferjani_Sassi_2.jpg,
5625,Emil Peter Forsberg,taker,success,Emil Forsberg,https://upload.wikimedia.org/wikipedia/commons/thumb/c/c8/Emil_Forsberg_Red_Bulls_Revolution-27_%28cropped%29.jpg/500px-Emil_Forsberg_Red_Bulls_Revolution-27_%28cropped%29.jpg,
5596,Aleksandar Kolarov,taker,success,Aleksandar Kolarov,https://upload.wikimedia.org/wikipedia/commons/0/07/Aleksandar_Kolarov_2018.jpg,
5592,Bryan Ruiz González,taker,success,Bryan Ruiz,https://upload.wikimedia.org/wikipedia/commons/thumb/1/15/Bryan_Ruiz_Gonz%C3%A1lez_2018%2C_Bra-Cos_%2811%29.jpg/500px-Bryan_Ruiz_Gonz%C3%A1lez_2018%2C_Bra-Cos_%2811%29.jpg,
5591,Filip Kostić,taker,success,Filip Kostić,https://upload.wikimedia.org/wikipedia/commons/thumb/5/54/2022128173937_2022-05-08_Fussball_Eintracht_Frankfurt_vs_Borussia_M%C3%B6nchengladbach_-_Sven_-_1D_X_MK_II_-_2399_-_B70I8510_%28Filip_Kosti%C4%87_cropped%29.jpg/500px-2022128173937_2022-05-08_Fussball_Eintracht_Frankfurt_vs_Borussia_M%C3%B6nchengladbach_-_Sven_-_1D_X_MK_II_-_2399_-_B70I8510_%28Filip_Kosti%C4%87_cropped%29.jpg,
133003,Mihlali Samson Mayambela,taker,no_image,Mihlali Mayambela,,Page exists but has no infobox image
128881,Cristóvão Paciência Mabululo,taker,no_search_results,,,Wikipedia returned 0 results
127300,Geny Cipriano Catamo,taker,no_image,Geny Catamo,,Page exists but has no infobox image
123625,Alan Steve Minda García,taker,no_image,Alan Minda,,Page exists but has no infobox image
123554,Jordy Josué Caicedo Medina,taker,success,Jordy Caicedo,https://upload.wikimedia.org/wikipedia/commons/thumb/3/38/J._Kaisedo.jpg/500px-J._Kaisedo.jpg,
105946,Henoc Inonga Baka,taker,no_image,Henock Inonga Baka,,Page exists but has no infobox image
6630,Jorge Molina Vidal,taker,success,"Jorge Molina (footballer, born 1982)",https://upload.wikimedia.org/wikipedia/commons/thumb/f/fe/JorgeMolina.JPG/500px-JorgeMolina.JPG,
6624,Jorge Franco Alviz,taker,no_image,Burgui,,Page exists but has no infobox image
6600,Claudio Beauvue,taker,success,Claudio Beauvue,https://upload.wikimedia.org/wikipedia/commons/thumb/8/89/XXIII_Memorial_Quinocho_%28RC_Celta_vs_Mainz_05%29_-_15.jpg/500px-XXIII_Memorial_Quinocho_%28RC_Celta_vs_Mainz_05%29_-_15.jpg,
6583,Carlos Soler Barragán,taker,success,Carlos Soler,https://upload.wikimedia.org/wikipedia/commons/thumb/e/e0/Carlos_Soler_2020_%28cropped%29.png/500px-Carlos_Soler_2020_%28cropped%29.png,
6581,Jonathan Rodríguez Menéndez,taker,success,Jony Rodríguez,https://upload.wikimedia.org/wikipedia/commons/thumb/9/9c/Jony_Sporting_%28cropped%29.JPG/500px-Jony_Sporting_%28cropped%29.JPG,
6574,Douglas Luiz Soares de Paulo,taker,success,Douglas Luiz,https://upload.wikimedia.org/wikipedia/commons/thumb/2/24/Douglas_Luiz_April_2026_%28cropped%29.jpg/500px-Douglas_Luiz_April_2026_%28cropped%29.jpg,
6384,Gabriel Fernández Arenas,taker,success,"Gabi (footballer, born 1983)",https://upload.wikimedia.org/wikipedia/commons/f/f2/Loko-AM2018_tren_%2813%29.jpg,
6375,Juan Francisco Torres Belén,taker,success,"Juanfran (footballer, born 1985)",https://upload.wikimedia.org/wikipedia/commons/thumb/e/ed/Loko-AM2018_tren_%2814%29.jpg/500px-Loko-AM2018_tren_%2814%29.jpg,
6356,Michael Krohn-Dehli,taker,success,Michael Krohn-Dehli,https://upload.wikimedia.org/wikipedia/commons/e/e9/Krohn-Dehli.JPG,
6334,Luis Fernando Muriel Fruto,taker,success,Luis Muriel,https://upload.wikimedia.org/wikipedia/commons/thumb/2/23/FWC_2018_-_Round_of_16_-_COL_v_ENG_-_Luis_Muriel.jpg/500px-FWC_2018_-_Round_of_16_-_COL_v_ENG_-_Luis_Muriel.jpg,
6333,Miguel Ángel Borja Hernández,taker,success,Miguel Borja,https://upload.wikimedia.org/wikipedia/commons/thumb/a/a5/Miguel_Borja_2016.jpg/500px-Miguel_Borja_2016.jpg,
6308,Josip Pivarić,taker,success,Josip Pivarić,https://upload.wikimedia.org/wikipedia/commons/thumb/2/23/Josip_Pivari%C4%87.jpg/500px-Josip_Pivari%C4%87.jpg,
6305,Milan Badelj,taker,success,Milan Badelj,https://upload.wikimedia.org/wikipedia/commons/thumb/5/5d/Milan_Badelj_2023.jpg/500px-Milan_Badelj_2023.jpg,
6297,Maximiliano Gómez González,taker,success,Maxi Gómez,https://upload.wikimedia.org/wikipedia/commons/thumb/5/57/Maxi_Gomez_2020.png/500px-Maxi_Gomez_2020.png,
6193,Andrés Mateus Uribe Villa,taker,success,Mateus Uribe,https://upload.wikimedia.org/wikipedia/commons/thumb/0/01/FWC_2018_-_Round_of_16_-_COL_v_ENG_-_Mateus_Uribe_during_the_penalty_shootout_%28cropped%29.jpg/500px-FWC_2018_-_Round_of_16_-_COL_v_ENG_-_Mateus_Uribe_during_the_penalty_shootout_%28cropped%29.jpg,
6038,John Guidetti,taker,success,John Guidetti,https://upload.wikimedia.org/wikipedia/commons/1/16/John_Guidetti_2017_%28cropped%29.jpg,
6880,Arnaldo Antonio Sanabria Ayala,taker,success,Antonio Sanabria,https://upload.wikimedia.org/wikipedia/commons/thumb/2/23/Antonio_Sanabria%2C_2025_%28cropped%29.jpg/500px-Antonio_Sanabria%2C_2025_%28cropped%29.jpg,
6879,Alberto Bueno Calvo,taker,no_image,Alberto Bueno,,Page exists but has no infobox image
6859,Nicola Sansone,taker,success,Nicola Sansone,https://upload.wikimedia.org/wikipedia/commons/thumb/d/df/20150616_-_Portugal_-_Italie_-_Gen%C3%A8ve_-_Nicola_Sansone.jpg/500px-20150616_-_Portugal_-_Italie_-_Gen%C3%A8ve_-_Nicola_Sansone.jpg,
6846,Andreas Hoelgebaum Pereira,taker,success,Andreas Pereira,https://upload.wikimedia.org/wikipedia/commons/thumb/b/b4/Andreas-Pereira-Palmeiras-Internacional-sep2025_%28cropped%29.jpg/500px-Andreas-Pereira-Palmeiras-Internacional-sep2025_%28cropped%29.jpg,
6775,Daniel García Carrillo,taker,success,"Dani García (footballer, born 1990)",https://upload.wikimedia.org/wikipedia/commons/f/f9/CSC_0177_%2835991276365%29_%28cropped%29.jpg,
6765,Rodrigo Hernández Cascante,taker,success,"Rodri (footballer, born 1996)",https://upload.wikimedia.org/wikipedia/commons/thumb/4/41/RODRI_-_SWE_vs_ESP_-_UEFA_EURO_2020_QUALIFIERS_-_2019.10.15_%28cropped%29.jpg/500px-RODRI_-_SWE_vs_ESP_-_UEFA_EURO_2020_QUALIFIERS_-_2019.10.15_%28cropped%29.jpg,
6760,Enes Ünal,taker,success,Enes Ünal,https://upload.wikimedia.org/wikipedia/commons/thumb/5/5e/Enes_%C3%9Cnal_2024.png/500px-Enes_%C3%9Cnal_2024.png,
6748,Ferrán Torres García,taker,success,Ferran Torres,https://upload.wikimedia.org/wikipedia/commons/thumb/1/1e/Ferran_Torres_2019.png/500px-Ferran_Torres_2019.png,
6732,Lucas Pérez Martínez,taker,success,Lucas Pérez,https://upload.wikimedia.org/wikipedia/commons/thumb/6/6e/Partido_Galicia_-_Panam%C3%A1_en_Bala%C3%ADdos_20_%28cropped%29.jpg/500px-Partido_Galicia_-_Panam%C3%A1_en_Bala%C3%ADdos_20_%28cropped%29.jpg,
6720,Pablo Sarabia García,taker,success,Pablo Sarabia,https://upload.wikimedia.org/wikipedia/commons/thumb/9/9d/2019-07-17_SG_Dynamo_Dresden_vs._Paris_Saint-Germain_by_Sandro_Halank%E2%80%93017_%28cropped%29.jpg/500px-2019-07-17_SG_Dynamo_Dresden_vs._Paris_Saint-Germain_by_Sandro_Halank%E2%80%93017_%28cropped%29.jpg,
6719,Franco Damián Vázquez,taker,success,Franco Vázquez,https://upload.wikimedia.org/wikipedia/commons/thumb/6/62/20150616_-_Portugal_-_Italie_-_Gen%C3%A8ve_-_Franco_Vazquez_%28cropped%29.jpg/500px-20150616_-_Portugal_-_Italie_-_Gen%C3%A8ve_-_Franco_Vazquez_%28cropped%29.jpg,
6717,Johannes Geis,taker,success,Johannes Geis,https://upload.wikimedia.org/wikipedia/commons/e/e2/Johannes_Geis.jpg,
6707,Charles Días Barbosa de Oliveira,taker,not_a_footballer,Oliveira (surname),,Categories: Category:All articles needing additional references | Category:All set index articles | Category:Articles containing Latin-language text | Category:Articles containing Proto-Indo-European-language tex
6704,Theo Bernard François Hernández,taker,success,Théo Hernandez,https://upload.wikimedia.org/wikipedia/commons/thumb/3/39/FC_Salzburg_vs._AC_Mailand_%28UEFA_Championsleague_2022-09-06%29_Th%C3%A9o_Hernandez.jpg/500px-FC_Salzburg_vs._AC_Mailand_%28UEFA_Championsleague_2022-09-06%29_Th%C3%A9o_Hernandez.jpg,
6673,Sergio Canales Madrazo,taker,success,Sergio Canales,https://upload.wikimedia.org/wikipedia/commons/7/7f/Real_Sociedad_-_Red_Bull_Salzburgo_52_%2839408621605%29_%28cropped%29_2.jpg,
6661,Ryad Boudebouz,taker,success,Ryad Boudebouz,https://upload.wikimedia.org/wikipedia/commons/b/b9/Ryad_Boudebouz.jpg,
5504,Éver Maximiliano David Banega,taker,success,Éver Banega,https://upload.wikimedia.org/wikipedia/commons/9/9f/FRA-ARG_%281%29_%28cropped%29.jpg,
5481,Mathew Leckie,taker,success,Mathew Leckie,https://upload.wikimedia.org/wikipedia/commons/thumb/d/dd/Hertha_BSC_vs._West_Ham_United_20190731_%28054%29.jpg/500px-Hertha_BSC_vs._West_Ham_United_20190731_%28054%29.jpg,
5472,Mario Mandžukić,taker,success,Mario Mandžukić,https://upload.wikimedia.org/wikipedia/commons/thumb/4/47/Mario_Mand%C5%BEuki%C4%87_in_2018.jpg/500px-Mario_Mand%C5%BEuki%C4%87_in_2018.jpg,
5468,Domagoj Vida,taker,success,Domagoj Vida,https://upload.wikimedia.org/wikipedia/commons/thumb/5/5d/Vida_2018_%28cropped%29.jpg/500px-Vida_2018_%28cropped%29.jpg,
5456,Mateo Kovačić,taker,success,Mateo Kovačić,https://upload.wikimedia.org/wikipedia/commons/d/d9/Chelsea_vs._Arsenal%2C_29_May_2019_18_Kovacic.jpg,
5570,Manuel Neuer,taker,success,Manuel Neuer,https://upload.wikimedia.org/wikipedia/commons/thumb/1/10/20180602_FIFA_Friendly_Match_Austria_vs._Germany_Manuel_Neuer_850_0723.jpg/500px-20180602_FIFA_Friendly_Match_Austria_vs._Germany_Manuel_Neuer_850_0723.jpg,
5565,Mario Gómez García,taker,success,Mario Gómez,https://upload.wikimedia.org/wikipedia/commons/thumb/8/8e/Mario_gomez.jpg/500px-Mario_gomez.jpg,
5560,Carlos Alberto Vela Garrido,taker,success,Carlos Vela,https://upload.wikimedia.org/wikipedia/commons/6/6d/Mex-Kor_%2821%29_%28cropped%29.jpg,
5552,Marcelo Vieira da Silva Júnior,taker,success,"Marcelo (footballer, born 1988)",https://upload.wikimedia.org/wikipedia/commons/thumb/c/c6/Marcelo_Vieira_in_2022.jpg/500px-Marcelo_Vieira_in_2022.jpg,
5543,Haris Seferović,taker,success,Haris Seferovic,https://upload.wikimedia.org/wikipedia/commons/c/ce/Haris_Seferovi%C4%87_2018_%28cropped%29.jpg,
5539,Carlos Henrique Casimiro,taker,success,Casemiro,https://upload.wikimedia.org/wikipedia/commons/thumb/d/dc/Casemiro_Brazil_Austria_June_2018.jpg/500px-Casemiro_Brazil_Austria_June_2018.jpg,
5534,Simon Thorup Kjær,taker,success,Simon Kjær,https://upload.wikimedia.org/wikipedia/commons/e/ed/Simon_Kj%C3%A6r_2017_%28cropped%29.jpg,
5522,Nicolai Jørgensen,taker,success,Nicolai Jørgensen,https://upload.wikimedia.org/wikipedia/commons/thumb/5/54/Nicolai_J%C3%B8rgensen_%282%29_%28cropped%29.JPG/500px-Nicolai_J%C3%B8rgensen_%282%29_%28cropped%29.JPG,
5520,Lasse Schöne,taker,success,Lasse Schöne,https://upload.wikimedia.org/wikipedia/commons/thumb/3/37/20140904_-_Lasse_Sch%C3%B6ne_%28cropped%29_2.jpg/500px-20140904_-_Lasse_Sch%C3%B6ne_%28cropped%29_2.jpg,
5519,Christian Alberto Cueva Bravo,taker,success,Christian Cueva,https://upload.wikimedia.org/wikipedia/commons/thumb/4/42/Peru_tren_%284%29.jpg/500px-Peru_tren_%284%29.jpg,
5514,Alfreð Finnbogason,taker,success,Alfreð Finnbogason,https://upload.wikimedia.org/wikipedia/commons/8/80/Alfre%C3%B0_Finnbogason_2018_%28cropped%29.jpg,
7105,Fabián Ariel Orellana Valenzuela,taker,no_image,Fabián Orellana,,Page exists but has no infobox image
5259,José María Giménez de Vargas,taker,success,José María Giménez,https://upload.wikimedia.org/wikipedia/commons/thumb/5/5d/Jos%C3%A9_Mar%C3%ADa_Gim%C3%A9nez.jpg/500px-Jos%C3%A9_Mar%C3%ADa_Gim%C3%A9nez.jpg,
5237,Hakim Ziyech,taker,success,Hakim Ziyech,https://upload.wikimedia.org/wikipedia/commons/e/e1/Hakim_Ziyech_2021.jpg,
5231,Karim Ansarifard,taker,success,Karim Ansarifard,https://upload.wikimedia.org/wikipedia/commons/1/1f/Karim_Ansarifard_2018.jpg,
5226,Mehdi Taremi,taker,success,Mehdi Taremi,https://upload.wikimedia.org/wikipedia/commons/7/74/Iran_-_Japan%2C_AFC_Asian_Cup_2019_42_%28cropped%29.jpg,
5216,Andrés Iniesta Luján,taker,success,Andrés Iniesta,https://upload.wikimedia.org/wikipedia/commons/thumb/a/a5/Andr%C3%A9s_Iniesta_%28cropped%29.jpg/500px-Andr%C3%A9s_Iniesta_%28cropped%29.jpg,
5213,Gerard Piqué Bernabéu,taker,success,Gerard Piqué,https://upload.wikimedia.org/wikipedia/commons/f/f2/Gerard_Piqu%C3%A9_Euro_2012_vs_France_01.jpg,
5208,Thiago Alcântara do Nascimento,taker,success,Thiago Alcântara,https://upload.wikimedia.org/wikipedia/commons/thumb/b/bc/UEFA_EURO_qualifiers_Sweden_vs_Spain_20191015_Thiago_Alcantara_13_%28cropped%29.jpg/500px-UEFA_EURO_qualifiers_Sweden_vs_Spain_20191015_Thiago_Alcantara_13_%28cropped%29.jpg,
7038,Manuel Locatelli,taker,success,Manuel Locatelli,https://upload.wikimedia.org/wikipedia/commons/thumb/7/7d/FC_Zenit_Saint_Petersburg_vs._Juventus%2C_20_October_2021_34_%28Manuel_Locatelli%29.jpg/500px-FC_Zenit_Saint_Petersburg_vs._Juventus%2C_20_October_2021_34_%28Manuel_Locatelli%29.jpg,
7033,Nikola Kalinić,taker,success,Nikola Kalinić (footballer),https://upload.wikimedia.org/wikipedia/commons/thumb/5/5a/Nikola_Kalinic_-_Croatia_vs._Portugal%2C_10th_June_2013_%28crop%29.jpg/500px-Nikola_Kalinic_-_Croatia_vs._Portugal%2C_10th_June_2013_%28crop%29.jpg,
7011,Fabio Quagliarella,taker,success,Fabio Quagliarella,https://upload.wikimedia.org/wikipedia/commons/thumb/d/db/Zenit-Torino_%287%29.jpg/500px-Zenit-Torino_%287%29.jpg,
6947,Miralem Pjanić,taker,success,Miralem Pjanić,https://upload.wikimedia.org/wikipedia/commons/a/af/Miralem_Pjani%C4%87_2025.jpg,
6930,Jonathan Calleri,taker,success,Jonathan Calleri,https://upload.wikimedia.org/wikipedia/commons/thumb/e/e6/Calleri_%28cropped%29.jpg/500px-Calleri_%28cropped%29.jpg,
6907,Pedro León Sánchez Gil,taker,success,Pedro León,https://upload.wikimedia.org/wikipedia/commons/thumb/b/b0/Pedro_Le%C3%B3n.jpg/500px-Pedro_Le%C3%B3n.jpg,
6891,Ezequiel Marcelo Garay,taker,success,Ezequiel Garay,https://upload.wikimedia.org/wikipedia/commons/thumb/4/4e/Zenit-KS_%287%29.jpg/500px-Zenit-KS_%287%29.jpg,
5506,Javier Alejandro Mascherano,taker,success,Javier Mascherano,https://upload.wikimedia.org/wikipedia/commons/thumb/9/9a/Javier_Mascherano_NE_Revolution_Inter_Miami_7.9.25-040_%28cropped%29.jpg/500px-Javier_Mascherano_NE_Revolution_Inter_Miami_7.9.25-040_%28cropped%29.jpg,
7891,Teun Koopmeiners,taker,success,Teun Koopmeiners,https://upload.wikimedia.org/wikipedia/commons/thumb/6/61/Teun_Koopmeiners_Manchester_United_v_Atalanta_BC%2C_20_October_2021_%2812%29_%28cropped%29.jpg/500px-Teun_Koopmeiners_Manchester_United_v_Atalanta_BC%2C_20_October_2021_%2812%29_%28cropped%29.jpg,
7829,Wout Weghorst,taker,success,Wout Weghorst,https://upload.wikimedia.org/wikipedia/commons/6/6e/Qaraba%C4%9F_vs_Ajax_%2824.10.2024%29_%284%29_%28Wout_Weghorst%29.jpg,
7781,Felipe Salvador Caicedo Corozo,taker,success,Felipe Caicedo,https://upload.wikimedia.org/wikipedia/commons/thumb/e/ed/Felipe_Caicedo_2015.jpg/500px-Felipe_Caicedo_2015.jpg,
7745,Steven Berghuis,taker,success,Steven Berghuis,https://upload.wikimedia.org/wikipedia/commons/thumb/f/f1/GAE_-_Ajax_-_52788476320_%28Steven_Berghuis%29.jpg/500px-GAE_-_Ajax_-_52788476320_%28Steven_Berghuis%29.jpg,
7696,Ryder Matos Santos,taker,no_image,Ryder Matos,,Page exists but has no infobox image
7693,Bruno Petković,taker,success,Bruno Petković,https://upload.wikimedia.org/wikipedia/commons/0/00/Bruno-Petkovic.png,
7475,Tomás Eduardo Rincón Hernández,taker,success,Tomás Rincón,https://upload.wikimedia.org/wikipedia/commons/thumb/0/0a/USAvVEN_2019-06-09_-_Tom%C3%A1s_Rinc%C3%B3n_%2851169629847%29_%28cropped%29.jpg/500px-USAvVEN_2019-06-09_-_Tom%C3%A1s_Rinc%C3%B3n_%2851169629847%29_%28cropped%29.jpg,
7456,Diego Perotti,taker,success,Diego Perotti,https://upload.wikimedia.org/wikipedia/commons/2/24/Rus-Arg_2017_%285%29.jpg,
7363,Diego Rigonato Rodrigues,taker,success,Diego Rigonato,https://upload.wikimedia.org/wikipedia/commons/thumb/c/cc/Diego_Rodrigues.jpg/500px-Diego_Rodrigues.jpg,
7349,Gaël Danic,taker,success,Gaël Danic,https://upload.wikimedia.org/wikipedia/commons/thumb/3/30/Ga%C3%ABl_Danic_%28SC_Bastia%29.JPG/500px-Ga%C3%ABl_Danic_%28SC_Bastia%29.JPG,
7219,Florian Tardieu,taker,success,Florian Tardieu,https://upload.wikimedia.org/wikipedia/commons/b/b7/Tardieu_asse_mhsc_2425.png,
7171,Fabio Borini,taker,success,Fabio Borini,https://upload.wikimedia.org/wikipedia/commons/thumb/4/46/FabioBoriniMilan_%28cropped%29.jpg/500px-FabioBoriniMilan_%28cropped%29.jpg,
7150,Riccardo Saponara,taker,success,Riccardo Saponara,https://upload.wikimedia.org/wikipedia/commons/9/90/Saponara_nel_2013.jpg,
7141,Giuseppe Rossi,taker,success,Giuseppe Rossi,https://upload.wikimedia.org/wikipedia/commons/thumb/b/be/Giuseppe_Rossi01_%28cropped%29.jpg/500px-Giuseppe_Rossi01_%28cropped%29.jpg,
7130,Cheick Tidiane Diabaté,taker,success,"Cheick Diabaté (footballer, born 1988)",https://upload.wikimedia.org/wikipedia/commons/thumb/3/3d/Persepolis_vs_Zob_Ahan_20_Jan_2023_03.jpg/500px-Persepolis_vs_Zob_Ahan_20_Jan_2023_03.jpg,
7125,Khouma El Hadji Babacar,taker,no_image,List of foreign Süper Lig players,,Page exists but has no infobox image
8219,Admir Mehmedi,taker,success,Admir Mehmedi,https://upload.wikimedia.org/wikipedia/commons/thumb/5/55/Admir_Mehmedi_sign_to_Antalyaspor_20220114_2.jpg/500px-Admir_Mehmedi_sign_to_Antalyaspor_20220114_2.jpg,
8217,Kingsley Coman,taker,success,Kingsley Coman,https://upload.wikimedia.org/wikipedia/commons/thumb/e/ef/Kingsley_Coman_%282019%29_%28cropped%29.jpg/500px-Kingsley_Coman_%282019%29_%28cropped%29.jpg,
8093,Diego Falcinelli,taker,success,Diego Falcinelli,https://upload.wikimedia.org/wikipedia/commons/thumb/1/1f/Diego_Falcinelli_%28cropped%29.jpg/500px-Diego_Falcinelli_%28cropped%29.jpg,
7979,Przemysław Frankowski,taker,success,Przemysław Frankowski,https://upload.wikimedia.org/wikipedia/commons/f/f2/Przemys%C5%82aw_Frankowski_ASSE_rcl_2425_%28cropped%29.jpg,
5200,Lucas Vázquez Iglesias,taker,success,Lucas Vázquez,https://upload.wikimedia.org/wikipedia/commons/thumb/b/ba/Lucas-V%C3%A1zquez-2025-2.jpg/500px-Lucas-V%C3%A1zquez-2025-2.jpg,
5199,Jorge Resurrección Merodio,taker,success,"Koke (footballer, born 1992)",https://upload.wikimedia.org/wikipedia/commons/thumb/1/17/Koke_2019.jpg/500px-Koke_2019.jpg,
5190,Fahad Mosaed Al Muwallad Al Harbi,taker,success,2009–10 Saudi Crown Prince Cup,https://upload.wikimedia.org/wikipedia/commons/thumb/9/98/Al-Hilal_Champion_of_Crown_Prince_Cup_2010.jpg/500px-Al-Hilal_Champion_of_Crown_Prince_Cup_2010.jpg,
5187,Salem Mohammed Al Dawsari,taker,success,Salem Al-Dawsari,https://upload.wikimedia.org/wikipedia/commons/thumb/6/6d/Salem_Al-Dawsari_2018.jpg/500px-Salem_Al-Dawsari_2018.jpg,
5186,Denis Cheryshev,taker,success,Denis Cheryshev,https://upload.wikimedia.org/wikipedia/commons/thumb/4/48/Denis_Cheryshev_2019.jpg/500px-Denis_Cheryshev_2019.jpg,
5180,Alan Dzagoev,taker,success,Alan Dzagoev,https://upload.wikimedia.org/wikipedia/commons/thumb/8/8d/CSKA-RM18_%2814%29.jpg/500px-CSKA-RM18_%2814%29.jpg,
5179,Daler Kuzyaev,taker,success,Daler Kuzyayev,https://upload.wikimedia.org/wikipedia/commons/thumb/c/c6/Daler_Kuzyaev_in_2024.png/500px-Daler_Kuzyaev_in_2024.png,
5178,Salman Mohammed Al Faraj,taker,success,Salman Al-Faraj,https://upload.wikimedia.org/wikipedia/commons/thumb/3/34/Salman_Al-Faraj_2018.jpg/500px-Salman_Al-Faraj_2018.jpg,
5177,Aleksandr Golovin,taker,success,Aleksandr Golovin (footballer),https://upload.wikimedia.org/wikipedia/commons/thumb/e/e7/Aleksandr_Golovin.jpg/500px-Aleksandr_Golovin.jpg,
5170,Mário Figueira Fernandes,taker,success,Mário Fernandes,https://upload.wikimedia.org/wikipedia/commons/b/b7/M%C3%A1rio_Fernandes_2022.jpg,
4939,Joris Kayembe Ditu,taker,no_image,Joris Kayembe,,Page exists but has no infobox image
7900,Tiago Manuel Dias Correia,taker,success,Bebé,https://upload.wikimedia.org/wikipedia/commons/thumb/5/57/Tiago_Manuel_Dias_Correia.JPG/500px-Tiago_Manuel_Dias_Correia.JPG,
8871,Marco Borriello,taker,success,Marco Borriello,https://upload.wikimedia.org/wikipedia/commons/b/b8/Marco_Borriello.jpg,
8810,Raffael Caetano de Araújo,taker,success,Raffael (footballer),https://upload.wikimedia.org/wikipedia/commons/9/99/Raffael_CL.jpg,
8806,Lars Edi Stindl,taker,success,Lars Stindl,https://upload.wikimedia.org/wikipedia/commons/6/62/Lars_Stindl.jpg,
8776,Takumi Minamino,taker,success,Takumi Minamino,https://upload.wikimedia.org/wikipedia/commons/thumb/1/16/Minamino_asse_asm_2425.png/500px-Minamino_asse_asm_2425.png,
8679,Yunus Mallı,taker,success,Yunus Mallı,https://upload.wikimedia.org/wikipedia/commons/thumb/4/48/AUT_vs._TUR_2016-03-29_%28360%29_%28cropped%29.jpg/500px-AUT_vs._TUR_2016-03-29_%28360%29_%28cropped%29.jpg,
8675,Jonathan de Guzmán,taker,success,Jonathan de Guzmán,https://upload.wikimedia.org/wikipedia/commons/thumb/4/40/GAE_-_Sparta_Rotterdam_-_53278021348_%28_Jonathan_de_Guzm%C3%A1n%29.jpg/500px-GAE_-_Sparta_Rotterdam_-_53278021348_%28_Jonathan_de_Guzm%C3%A1n%29.jpg,
8673,Sébastien Haller,taker,success,Sébastien Haller,https://upload.wikimedia.org/wikipedia/commons/thumb/3/39/S%C3%A9bastien_Haller_2.jpg/500px-S%C3%A9bastien_Haller_2.jpg,
8523,Yevhen Konoplyanka,taker,success,Yevhen Konoplyanka,https://upload.wikimedia.org/wikipedia/commons/d/d3/2015_UEFA_Super_Cup_96_%28cropped%29.jpg,
8469,Jean-Christophe Bahebeck,taker,success,Jean-Christophe Bahebeck,https://upload.wikimedia.org/wikipedia/commons/thumb/d/db/Jean-Christophe_Bahebeck_au_CL_2011.jpg/500px-Jean-Christophe_Bahebeck_au_CL_2011.jpg,
8454,Mohamed Bayo,taker,success,Mohamed Bayo,https://upload.wikimedia.org/wikipedia/commons/thumb/f/f2/Mohamed_Bayo3.jpg/500px-Mohamed_Bayo3.jpg,
8420,Luca Cigarini,taker,success,Luca Cigarini,https://upload.wikimedia.org/wikipedia/commons/thumb/f/f2/LucaCigarini_%28cropped%29.JPG/500px-LucaCigarini_%28cropped%29.JPG,
8419,Duje Čop,taker,success,Duje Čop,https://upload.wikimedia.org/wikipedia/commons/e/ea/Real_Valladolid-Valencia_CF%2C_2019-05-18_%2890%29_%28cropped%29_2.jpg,
8404,Eugen Polanski,taker,success,Eugen Polanski,https://upload.wikimedia.org/wikipedia/commons/d/d0/Eugen_Polanski.jpg,
8402,Aron Jóhannsson,taker,success,Aron Jóhannsson,https://upload.wikimedia.org/wikipedia/commons/thumb/8/82/Austria_vs._USA_2013-11-19_%28092%29.jpg/500px-Austria_vs._USA_2013-11-19_%28092%29.jpg,
8322,André Hahn,taker,success,André Hahn,https://upload.wikimedia.org/wikipedia/commons/c/c0/Andre_Hahn.jpg,
8308,Aaron Hunt,taker,success,Aaron Hunt,https://upload.wikimedia.org/wikipedia/commons/thumb/1/19/Aaron_Hunt_2018.jpg/500px-Aaron_Hunt_2018.jpg,
9554,Steven Fletcher,taker,success,Steven Fletcher (footballer),https://upload.wikimedia.org/wikipedia/commons/thumb/7/70/Steven_Fletcher_-_Sunderland_2015.jpg/500px-Steven_Fletcher_-_Sunderland_2015.jpg,
9485,Craig Gardner,taker,success,Craig Gardner,https://upload.wikimedia.org/wikipedia/commons/1/1b/Craig_Gardner_Cropped.jpg,
9409,Daniel Ginczek,taker,success,Daniel Ginczek,https://upload.wikimedia.org/wikipedia/commons/thumb/b/bd/DanielGinczek_%28cropped%29.jpg/500px-DanielGinczek_%28cropped%29.jpg,
9178,Felix Kroos,taker,success,Felix Kroos,https://upload.wikimedia.org/wikipedia/commons/thumb/4/45/Felix_Kroos_Champions_for_Charity_2022_%28cropped%29.jpg/500px-Felix_Kroos_Champions_for_Charity_2022_%28cropped%29.jpg,
9103,Lukas Hinterseer,taker,success,Lukas Hinterseer,https://upload.wikimedia.org/wikipedia/commons/thumb/5/54/20141118_1842_AUTBRA_4955.jpg/500px-20141118_1842_AUTBRA_4955.jpg,
4900,Paul-Georges Ntep de Madiba,taker,success,Paul-Georges Ntep,https://upload.wikimedia.org/wikipedia/commons/thumb/9/9a/Rennes_-_Orl%C3%A9ans_20140706_-_Paul-Georges_Ntep_bis.JPG/500px-Rennes_-_Orl%C3%A9ans_20140706_-_Paul-Georges_Ntep_bis.JPG,
4799,Sloan Privat,taker,success,Sloan Privat,https://upload.wikimedia.org/wikipedia/commons/thumb/a/a1/Sloan_Privat2.jpg/500px-Sloan_Privat2.jpg,
4753,Aaron Tshibola,taker,success,Aaron Tshibola,https://upload.wikimedia.org/wikipedia/commons/a/a1/Aaron_Tshibola_%28cropped%29.jpg,
4713,Ezgjan Alioski,taker,success,Ezgjan Alioski,https://upload.wikimedia.org/wikipedia/commons/9/98/Ukro-Maki_%2817%29.jpg,
4464,Adama Traoré,taker,success,"Adama Traoré (footballer, born 1996)",https://upload.wikimedia.org/wikipedia/commons/thumb/6/68/Adama_Traor%C3%A9_14092024.jpg/500px-Adama_Traor%C3%A9_14092024.jpg,
4445,Jules Koundé,taker,success,Jules Koundé,https://upload.wikimedia.org/wikipedia/commons/b/bd/Jules_Kound%C3%A9_2020.jpg,
4441,Billy Ketkeophomphone,taker,success,Billy Ketkeophomphone,https://upload.wikimedia.org/wikipedia/commons/thumb/d/da/BillyKetkeophomphone.jpg/500px-BillyKetkeophomphone.jpg,
4372,Marcos Aoás Corrêa,taker,success,Marquinhos,https://upload.wikimedia.org/wikipedia/commons/thumb/d/dc/FC_Salzburg_gegen_Paris_Saint-Germain_UEFA_Champions_League_49_%28cropped%29.jpg/500px-FC_Salzburg_gegen_Paris_Saint-Germain_UEFA_Champions_League_49_%28cropped%29.jpg,
4319,Edinson Roberto Cavani Gómez,taker,success,Edinson Cavani,https://upload.wikimedia.org/wikipedia/commons/9/9f/Edinson_Cavani_2018_%28cropped%29.jpg,
4271,Andy Carroll,taker,success,Andy Carroll,https://upload.wikimedia.org/wikipedia/commons/thumb/0/02/AndyCarrollSeptember2015.JPG/500px-AndyCarrollSeptember2015.JPG,
8949,Takuma Asano,taker,success,Takuma Asano,https://upload.wikimedia.org/wikipedia/commons/thumb/2/22/Takuma_Asano_-_JPN_vs_GER_-_FIFA_WC_2022.jpg/500px-Takuma_Asano_-_JPN_vs_GER_-_FIFA_WC_2022.jpg,
12041,João Félix Sequeira,taker,success,João Félix,https://upload.wikimedia.org/wikipedia/commons/thumb/5/55/Jo%C3%A3o_F%C3%A9lix_USMNT_v_Portugal_Mar_31_2026-22_%28cropped%29.jpg/500px-Jo%C3%A3o_F%C3%A9lix_USMNT_v_Portugal_Mar_31_2026-22_%28cropped%29.jpg,
11990,Youssouf Fofana,taker,success,Youssouf Fofana (French footballer),https://upload.wikimedia.org/wikipedia/commons/6/65/Youssouf_Fofana_%28footballer%2C_born_1999%29_%28cropped%29.jpg,
11603,Mario Pašalić,taker,success,Mario Pašalić,https://upload.wikimedia.org/wikipedia/commons/2/28/Pasalic_6459_%28cropped%29.jpg,
11550,Jaime Mata Arnaiz,taker,success,Jaime Mata,https://upload.wikimedia.org/wikipedia/commons/thumb/1/1a/Jaime_Mata_-_GFC_CDM_%2816721795552%29_%28cropped%29.jpg/500px-Jaime_Mata_-_GFC_CDM_%2816721795552%29_%28cropped%29.jpg,
11492,Temitayo Olufisayo Olaoluwa Aina,taker,success,Ola Aina,https://upload.wikimedia.org/wikipedia/commons/thumb/b/b5/Ola_Aina_Forest.jpg/500px-Ola_Aina_Forest.jpg,
11456,Lautaro Javier Martínez,taker,success,Lautaro Martínez,https://upload.wikimedia.org/wikipedia/commons/thumb/2/2e/Lautaro_Martinez_ARGENTINA_VS_VENEZUELA_2017.jpg/500px-Lautaro_Martinez_ARGENTINA_VS_VENEZUELA_2017.jpg,
11386,Santiago Cazorla González,taker,success,Santi Cazorla,https://upload.wikimedia.org/wikipedia/commons/thumb/a/af/Santi_Cazorla%2C_2012-08-18_%28cropped%29.jpg/500px-Santi_Cazorla%2C_2012-08-18_%28cropped%29.jpg,
11348,Robbie Keane,taker,success,Robbie Keane,https://upload.wikimedia.org/wikipedia/commons/thumb/3/30/2013_Robbie_Keane_%28cropped%29.jpg/500px-2013_Robbie_Keane_%28cropped%29.jpg,
11187,Stephen Antunes Eustáquio,taker,success,Stephen Eustáquio,https://upload.wikimedia.org/wikipedia/commons/f/f5/S_Eustaqui_Canada_national_football_team_WC2022_%28cropped%29.jpg,
11162,Jhonder Leonel Cádiz Fernández,taker,no_image,Jhonder Cádiz,,Page exists but has no infobox image
11117,Scott Sinclair,taker,success,Scott Sinclair,https://upload.wikimedia.org/wikipedia/commons/thumb/b/be/2017_Scott_Sinclair_%28cropped%29.jpg/500px-2017_Scott_Sinclair_%28cropped%29.jpg,
10966,Wes Hoolahan,taker,success,Wes Hoolahan,https://upload.wikimedia.org/wikipedia/commons/thumb/9/9f/FIFA_WC-qualification_2014_-_Austria_vs_Ireland_2013-09-10_-_Wes_Hoolahan_12.JPG/500px-FIFA_WC-qualification_2014_-_Austria_vs_Ireland_2013-09-10_-_Wes_Hoolahan_12.JPG,
10956,Eric Dier,taker,success,Eric Dier,https://upload.wikimedia.org/wikipedia/commons/thumb/1/16/2020-03-10_Fu%C3%9Fball%2C_M%C3%A4nner%2C_UEFA_Champions_League_Achtelfinale%2C_RB_Leipzig_-_Tottenham_Hotspur_1DX_3691_by_Stepro.jpg/500px-2020-03-10_Fu%C3%9Fball%2C_M%C3%A4nner%2C_UEFA_Champions_League_Achtelfinale%2C_RB_Leipzig_-_Tottenham_Hotspur_1DX_3691_by_Stepro.jpg,
10594,Bas Dost,taker,success,Bas Dost,https://upload.wikimedia.org/wikipedia/commons/e/e9/CSKA-Wolfsburg_%284%29.jpg,
10481,Aurélien Djani Tchouaméni,taker,success,Aurélien Tchouaméni,https://upload.wikimedia.org/wikipedia/commons/0/0f/2025_04_26_Final_de_la_Copa_del_Rey_-_Aur%C3%A9lien_Tchouam%C3%A9ni.jpg,
10325,Luís Miguel Afonso Fernandes,taker,success,Pizzi (Portuguese footballer),https://upload.wikimedia.org/wikipedia/commons/thumb/7/71/Pizzi_2_Benfica-Zenit_UCL201920.jpg/500px-Pizzi_2_Benfica-Zenit_UCL201920.jpg,
13329,Silas Katompa Mvumpa,taker,success,Silas Katompa Mvumpa,https://upload.wikimedia.org/wikipedia/commons/thumb/2/26/Silas_Katompa_Mvumpa.jpg/500px-Silas_Katompa_Mvumpa.jpg,
13025,Jefferson David Savarino Quintero,taker,success,Jefferson Savarino,https://upload.wikimedia.org/wikipedia/commons/thumb/9/9b/USAvVEN_2019-06-09_-_Jefferson_Savarino_%2851169633652%29_%28cropped%29.jpg/500px-USAvVEN_2019-06-09_-_Jefferson_Savarino_%2851169633652%29_%28cropped%29.jpg,
12759,Maximiliano Nicol Moralez,taker,no_search_results,,,Wikipedia returned 0 results
12624,Anthony Ujah,taker,success,Anthony Ujah,https://upload.wikimedia.org/wikipedia/commons/thumb/b/b4/Empfang_f%C3%BCr_den_1._FC_K%C3%B6ln_im_Rathaus-8945.jpg/500px-Empfang_f%C3%BCr_den_1._FC_K%C3%B6ln_im_Rathaus-8945.jpg,
4063,Ahmed Elsayed Ali Elsayed Hegazy,taker,success,Ahmed Hegazi,https://upload.wikimedia.org/wikipedia/commons/a/ab/Ahmed_Hegazi_2018.jpg,
3963,Victor Moses,taker,success,Victor Moses,https://upload.wikimedia.org/wikipedia/commons/thumb/b/b2/Victor_Moses_%28SPA-AKH%29.jpg/500px-Victor_Moses_%28SPA-AKH%29.jpg,
3956,David Luiz Moreira Marinho,taker,success,David Luiz,https://upload.wikimedia.org/wikipedia/commons/thumb/5/51/David_Luiz_at_Baku_before_2019_UEFA_Europe_League_Final.jpg/500px-David_Luiz_at_Baku_before_2019_UEFA_Europe_League_Final.jpg,
3949,Manolo Gabbiadini,taker,success,Manolo Gabbiadini,https://upload.wikimedia.org/wikipedia/commons/thumb/8/86/Southampton_FC_versus_Sevilla_%2835994679430%29_-_Manolo_Gabbiadini_%28American_shot%29.jpg/500px-Southampton_FC_versus_Sevilla_%2835994679430%29_-_Manolo_Gabbiadini_%28American_shot%29.jpg,
3834,Ivan Toney,taker,success,Ivan Toney,https://upload.wikimedia.org/wikipedia/commons/1/1e/Ivan_Tony_with_Al-Ahli.jpg,
3831,Dušan Tadić,taker,success,Dušan Tadić,https://upload.wikimedia.org/wikipedia/commons/7/75/Dusan_Tadic_EURO2024.png,
3811,Islam Slimani,taker,success,Islam Slimani,https://upload.wikimedia.org/wikipedia/commons/thumb/b/ba/Alg%C3%A9rie_-_Arm%C3%A9nie_-_20140531_-_Islam_Slimani_%28cropped%29.jpg/500px-Alg%C3%A9rie_-_Arm%C3%A9nie_-_20140531_-_Islam_Slimani_%28cropped%29.jpg,
3745,Lucas Rodrigues Moura da Silva,taker,success,Lucas Moura,https://upload.wikimedia.org/wikipedia/commons/thumb/2/26/2020-03-10_Fu%C3%9Fball%2C_M%C3%A4nner%2C_UEFA_Champions_League_Achtelfinale%2C_RB_Leipzig_-_Tottenham_Hotspur_1DX_3703_by_Stepro.jpg/500px-2020-03-10_Fu%C3%9Fball%2C_M%C3%A4nner%2C_UEFA_Champions_League_Achtelfinale%2C_RB_Leipzig_-_Tottenham_Hotspur_1DX_3703_by_Stepro.jpg,
3708,Kelechi Promise Iheanacho,taker,success,Kelechi Iheanacho,https://upload.wikimedia.org/wikipedia/commons/3/35/Kelechi_Iheanacho_2021.jpg,
12529,Ashley Cole,taker,success,Ashley Cole,https://upload.wikimedia.org/wikipedia/commons/d/d5/ACole.JPG,
12496,Christian Kouamé,taker,no_image,Christian Kouamé,,Page exists but has no infobox image
12423,Jadon Sancho,taker,success,Jadon Sancho,https://upload.wikimedia.org/wikipedia/commons/thumb/4/43/Manchester_United_v_Liverpool%2C_22_August_2022_%2833%29_%28cropped%29.jpg/500px-Manchester_United_v_Liverpool%2C_22_August_2022_%2833%29_%28cropped%29.jpg,
18244,Grady Diangana,taker,success,Grady Diangana,https://upload.wikimedia.org/wikipedia/commons/thumb/f/f1/Hertha_BSC_vs._West_Ham_United_20190731_%28194%29.jpg/500px-Hertha_BSC_vs._West_Ham_United_20190731_%28194%29.jpg,
18103,Dietmar Hamann,taker,success,Dietmar Hamann,https://upload.wikimedia.org/wikipedia/commons/8/81/Hamann%2C_Dietmar_%28cropped%29.jpg,
16557,Ruslan Malinovskiy,taker,not_a_footballer,Kazakhstan at the 2022 Asian Games,,Categories: Category:2023 in Kazakhstani sport | Category:Articles with Kazakh-language sources (kk) | Category:Articles with hCards | Category:Articles with short description | Category:CS1 Russian-language sour
16527,Mislav Oršić,taker,success,Mislav Oršić,https://upload.wikimedia.org/wikipedia/commons/9/9f/Mislav-Orsic-2022.png,
16510,Benjamin Verbič,taker,success,Benjamin Verbič,https://upload.wikimedia.org/wikipedia/commons/thumb/f/f5/Sweden-Slovenia_Nations_League_2022-09-27_79_%28cropped%29.jpg/500px-Sweden-Slovenia_Nations_League_2022-09-27_79_%28cropped%29.jpg,
16503,Pedro Henrique Konzen Medina da Silva,taker,success,"Pedro Henrique (footballer, born 1990)",https://upload.wikimedia.org/wikipedia/commons/thumb/6/6a/Caen_-_Rennes_20140709_-_Pedro_Henrique.JPG/500px-Caen_-_Rennes_20140709_-_Pedro_Henrique.JPG,
16344,Răzvan Gabriel Marin,taker,success,Răzvan Marin,https://upload.wikimedia.org/wikipedia/commons/thumb/4/43/Razvan_Marin_%28cropped%29_-_Sweden_vs_Romaina_23_March_2019.jpg/500px-Razvan_Marin_%28cropped%29_-_Sweden_vs_Romaina_23_March_2019.jpg,
16249,Yangel Clemente Herrera Ravelo,taker,success,Yangel Herrera,https://upload.wikimedia.org/wikipedia/commons/thumb/4/49/Yangel_Clemente_Herrera_Ravelo.jpg/500px-Yangel_Clemente_Herrera_Ravelo.jpg,
15996,Éderzito António Macedo Lopes,taker,success,"Eder (footballer, born 1987)",https://upload.wikimedia.org/wikipedia/commons/thumb/b/b0/Eder_2020.jpg/500px-Eder_2020.jpg,
15780,Francesco Totti,taker,success,Francesco Totti,https://upload.wikimedia.org/wikipedia/commons/4/42/KL-2018_%284%29.jpg,
15689,Floyd Ayité,taker,success,Floyd Ayité,https://upload.wikimedia.org/wikipedia/commons/thumb/0/07/Floyd_Ayite%2C_Fulham_FC_%2842386499962%29_%28cropped%29.jpg/500px-Floyd_Ayite%2C_Fulham_FC_%2842386499962%29_%28cropped%29.jpg,
15526,Jon Dahl Tomasson,taker,success,Jon Dahl Tomasson,https://upload.wikimedia.org/wikipedia/commons/thumb/e/e6/Dahl_Thomasson_2021_%28cropped%29.jpg/500px-Dahl_Thomasson_2021_%28cropped%29.jpg,
15415,Matteo Mancosu,taker,no_image,Matteo Mancosu,,Page exists but has no infobox image
15280,Vladimir Smicer,taker,success,Vladimír Šmicer,https://upload.wikimedia.org/wikipedia/commons/thumb/9/97/Vladim%C3%ADr_%C5%A0micer_-_53690670918.jpg/500px-Vladim%C3%ADr_%C5%A0micer_-_53690670918.jpg,
13620,Éder Gabriel Militão,taker,success,Éder Militão,https://upload.wikimedia.org/wikipedia/commons/thumb/3/38/Eder_Militao_2021.jpg/500px-Eder_Militao_2021.jpg,
13581,Emilio Nsue López,taker,success,Emilio Nsue,https://upload.wikimedia.org/wikipedia/commons/thumb/9/90/Emilio_Nsue_%282017%29.jpg/500px-Emilio_Nsue_%282017%29.jpg,
20330,Frank Lampard,taker,success,Frank Lampard,https://upload.wikimedia.org/wikipedia/commons/8/8c/Frank_Lampard_2019.jpg,
20300,Jérémy Ménez,taker,success,Jérémy Ménez,https://upload.wikimedia.org/wikipedia/commons/thumb/0/00/J%C3%A9r%C3%A9my_M%C3%A9nez.jpg/500px-J%C3%A9r%C3%A9my_M%C3%A9nez.jpg,
20133,Xabier Alonso Olano,taker,success,Xabi Alonso,https://upload.wikimedia.org/wikipedia/commons/b/b6/Los_Caminos_del_f%C3%BAtbol._Xabi_Alonso_%2839666778464%29_%28cropped%29.jpg,
20045,Ryan Bertrand,taker,success,Ryan Bertrand,https://upload.wikimedia.org/wikipedia/commons/thumb/3/34/RyanBertrandvsLeicesterCity_%28cropped%29.jpg/500px-RyanBertrandvsLeicesterCity_%28cropped%29.jpg,
20033,Luuk de Jong,taker,success,Luuk de Jong,https://upload.wikimedia.org/wikipedia/commons/thumb/8/85/Zenit-PSV_%286%29.jpg/500px-Zenit-PSV_%286%29.jpg,
20027,Mevlüt Erdinç,taker,success,Mevlüt Erdinç,https://upload.wikimedia.org/wikipedia/commons/thumb/6/6e/Mevl%C3%BCt_Erding_20110724_crop.jpg/500px-Mevl%C3%BCt_Erding_20110724_crop.jpg,
19849,Andrea Pirlo,taker,success,Andrea Pirlo,https://upload.wikimedia.org/wikipedia/commons/6/6e/20150616_-_Portugal_-_Italie_-_Gen%C3%A8ve_-_Andrea_Pirlo_%28cropped%29.jpg,
19677,Karim Benzema,taker,success,Karim Benzema,https://upload.wikimedia.org/wikipedia/commons/thumb/5/5f/Karim_Benzema_Pick.jpg/500px-Karim_Benzema_Pick.jpg,
19295,Philipp Lahm,taker,success,Philipp Lahm,https://upload.wikimedia.org/wikipedia/commons/thumb/8/8a/Philipp_Lahm_auf_der_Berlinale_2024%2C_Ausschnitt.jpg/500px-Philipp_Lahm_auf_der_Berlinale_2024%2C_Ausschnitt.jpg,
19294,Diego Alberto Milito,taker,success,Diego Milito,https://upload.wikimedia.org/wikipedia/commons/thumb/6/63/Diego_Milito_%2822677058983%29_%28cropped%29.jpg/500px-Diego_Milito_%2822677058983%29_%28cropped%29.jpg,
19289,Ivica Olić,taker,success,Ivica Olić,https://upload.wikimedia.org/wikipedia/commons/thumb/1/1b/Ivica_Oli%C4%87_2021.jpg/500px-Ivica_Oli%C4%87_2021.jpg,
19286,Miroslav Klose,taker,success,Miroslav Klose,https://upload.wikimedia.org/wikipedia/commons/thumb/8/8c/2016209185719_2016-07-27_Champions_for_Charity_-_Sven_-_1D_X_-_0149_-_DV3P4742_mod.jpg/500px-2016209185719_2016-07-27_Champions_for_Charity_-_Sven_-_1D_X_-_0149_-_DV3P4742_mod.jpg,
18953,Vágner Silva de Souza,taker,success,Vágner Love,https://upload.wikimedia.org/wikipedia/commons/5/54/VagnerLove.jpg,
18783,Omenuke Mfulu,taker,success,Omenuke Mfulu,https://upload.wikimedia.org/wikipedia/commons/thumb/c/cb/20141012_1557_U21_AUT_COD_4069.jpg/500px-20141012_1557_U21_AUT_COD_4069.jpg,
18639,Mathieu Choiniere,taker,no_image,Mathieu Choinière,,Page exists but has no infobox image
18414,Bastian Schweinsteiger,taker,success,Bastian Schweinsteiger,https://upload.wikimedia.org/wikipedia/commons/thumb/a/ac/Re-publica_23_-_Tag_3_%2852957826298%29_%28cropped%29.jpg/500px-Re-publica_23_-_Tag_3_%2852957826298%29_%28cropped%29.jpg,
21131,John Yeboah Zamora,taker,success,John Yeboah,https://upload.wikimedia.org/wikipedia/commons/thumb/9/93/John_Yeboah_2020.png/500px-John_Yeboah_2020.png,
20641,Connor Wickham,taker,success,Connor Wickham,https://upload.wikimedia.org/wikipedia/commons/thumb/b/b7/Chelsea_1_Sunderland_2_%28Wickham_cropped%29.jpg/500px-Chelsea_1_Sunderland_2_%28Wickham_cropped%29.jpg,
20521,Bafétimbi Gomis,taker,success,Bafétimbi Gomis,https://upload.wikimedia.org/wikipedia/commons/thumb/7/7c/Gomis_asse_ol_2425.png/500px-Gomis_asse_ol_2425.png,
3671,José Leonardo Ulloa,taker,success,Leonardo Ulloa,https://upload.wikimedia.org/wikipedia/commons/thumb/d/de/Leonardo_Ulloa_20140705_%28cropped%29.jpg/500px-Leonardo_Ulloa_20140705_%28cropped%29.jpg,
3669,Virgil van Dijk,taker,success,Virgil van Dijk,https://upload.wikimedia.org/wikipedia/commons/thumb/5/5d/20160604_AUT_NED_8876_%28cropped%29.jpg/500px-20160604_AUT_NED_8876_%28cropped%29.jpg,
3664,Trent Alexander-Arnold,taker,success,Trent Alexander-Arnold,https://upload.wikimedia.org/wikipedia/commons/5/5d/Trent_Alexander-Arnold_2018_%28cropped%29.jpg,
3634,Abdelhamid Sabiri,taker,success,Abdelhamid Sabiri,https://upload.wikimedia.org/wikipedia/commons/thumb/2/23/Sabiri.jpg/500px-Sabiri.jpg,
3621,Eden Hazard,taker,success,Eden Hazard,https://upload.wikimedia.org/wikipedia/commons/4/46/Eden_Hazard_at_Baku_before_2019_UEFA_Europe_League_Final.jpg,
3616,Callum Wilson,taker,success,Callum Wilson,https://upload.wikimedia.org/wikipedia/commons/thumb/4/47/Callum_Wilson_2023.png/500px-Callum_Wilson_2023.png,
3606,Ander Herrera Agüera,taker,success,Ander Herrera,https://upload.wikimedia.org/wikipedia/commons/thumb/f/f8/2019-07-17_SG_Dynamo_Dresden_vs._Paris_Saint-Germain_by_Sandro_Halank%E2%80%93282_%28cropped%29.jpg/500px-2019-07-17_SG_Dynamo_Dresden_vs._Paris_Saint-Germain_by_Sandro_Halank%E2%80%93282_%28cropped%29.jpg,
3598,Wilfried Guemiand Bony,taker,success,Wilfried Bony,https://upload.wikimedia.org/wikipedia/commons/f/f4/Wilfried_Bony_%282013%29.JPG,
3587,Arthur Masuaku,taker,success,Arthur Masuaku,https://upload.wikimedia.org/wikipedia/commons/thumb/d/db/Arthur_Masuaku%2C_2023_%28cropped%29.jpg/500px-Arthur_Masuaku%2C_2023_%28cropped%29.jpg,
3570,Pierre-Emile Højbjerg,taker,success,Pierre-Emile Højbjerg,https://upload.wikimedia.org/wikipedia/commons/thumb/9/9e/Pierre-Emile_H%C3%B8jbjerg.jpg/500px-Pierre-Emile_H%C3%B8jbjerg.jpg,
3567,Georginio Wijnaldum,taker,success,Georginio Wijnaldum,https://upload.wikimedia.org/wikipedia/commons/thumb/6/61/20160604_AUT_NED_8884_%28cropped%29.jpg/500px-20160604_AUT_NED_8884_%28cropped%29.jpg,
3553,Lacina Traoré,taker,success,Lacina Traoré,https://upload.wikimedia.org/wikipedia/commons/e/e3/Lacina_Traor%C3%A9.jpg,
20352,Didier Yves Drogba Tébily,taker,success,Didier Drogba,https://upload.wikimedia.org/wikipedia/commons/thumb/7/77/Didier_Drogba_%282019%29_%28cropped2%29.jpg/500px-Didier_Drogba_%282019%29_%28cropped2%29.jpg,
25104,Rodrygo Silva de Goes,taker,success,Rodrygo,https://upload.wikimedia.org/wikipedia/commons/thumb/0/05/Rodrygo_2023_%28cropped%29.jpg/500px-Rodrygo_2023_%28cropped%29.jpg,
24507,Manuel del Moral Fernández,taker,download_failed,Manu del Moral,https://upload.wikimedia.org/wikipedia/commons/thumb/5/58/Manu_del_Moral.jpg/500px-Manu_del_Moral.jpg,Image URL found but download or processing failed
24235,Federico Dionisi,taker,success,Federico Dionisi,https://upload.wikimedia.org/wikipedia/commons/thumb/f/f1/Dionisi_Federico.jpg/500px-Dionisi_Federico.jpg,
24149,José Antonio García Rabasco,taker,success,Verza (footballer),https://upload.wikimedia.org/wikipedia/commons/thumb/c/cd/Verza.jpg/500px-Verza.jpg,
24143,Álvaro Vadillo Cifuentes,taker,success,Álvaro Vadillo,https://upload.wikimedia.org/wikipedia/commons/thumb/f/f8/%C3%81lvaro_Vadillo.jpg/500px-%C3%81lvaro_Vadillo.jpg,
24035,Álvaro Vázquez García,taker,success,Álvaro Vázquez,https://upload.wikimedia.org/wikipedia/commons/thumb/8/87/Alvaro_Vazquez_2013_Catalonia.jpg/500px-Alvaro_Vazquez_2013_Catalonia.jpg,
23967,Alejandro Fernández Iglesias,taker,success,"Álex Fernández (footballer, born 1992)",https://upload.wikimedia.org/wikipedia/commons/thumb/6/65/Alex_Fern%C3%A1ndez.jpg/500px-Alex_Fern%C3%A1ndez.jpg,
23933,Abdelaziz Barrada,taker,success,Abdelaziz Barrada,https://upload.wikimedia.org/wikipedia/commons/thumb/d/d4/DSC_9202_%288094804286%29.jpg/500px-DSC_9202_%288094804286%29.jpg,
23812,Rafael Mir Vicente,taker,success,Rafa Mir,https://upload.wikimedia.org/wikipedia/commons/thumb/d/d0/2025-12-03_-_Copa_del_Rey_de_f%C3%BAtbol%2C_C.D._Quintanar_del_Rey_contra_el_Elche_C.F_-_54962303553_%28cropped%29_Rafa_Mir.jpg/500px-2025-12-03_-_Copa_del_Rey_de_f%C3%BAtbol%2C_C.D._Quintanar_del_Rey_contra_el_Elche_C.F_-_54962303553_%28cropped%29_Rafa_Mir.jpg,
23791,Víctor Casadesús Castaño,taker,no_image,Víctor Casadesús,,Page exists but has no infobox image
23363,Liam Millar,taker,success,Liam Millar,https://upload.wikimedia.org/wikipedia/commons/thumb/f/f0/Liam_Millar.jpeg/500px-Liam_Millar.jpeg,
23268,Alexander Meier,taker,success,Alexander Meier,https://upload.wikimedia.org/wikipedia/commons/thumb/7/71/Alexander_Meier.jpg/500px-Alexander_Meier.jpg,
22097,Randal Kolo Muani,taker,success,Randal Kolo Muani,https://upload.wikimedia.org/wikipedia/commons/thumb/d/d8/Randal_Kolo_Muani_2020.jpg/500px-Randal_Kolo_Muani_2020.jpg,
22041,Marko Livaja,taker,success,Marko Livaja,https://upload.wikimedia.org/wikipedia/commons/f/fa/Marko-Livaja.png,
21272,Luiz Adriano de Souza da Silva,taker,success,Luiz Adriano,https://upload.wikimedia.org/wikipedia/commons/thumb/c/c2/Luiz_Adriano_at_Be%C5%9Fikta%C5%9F_vs_Antalyaspor_20220206.jpg/500px-Luiz_Adriano_at_Be%C5%9Fikta%C5%9F_vs_Antalyaspor_20220206.jpg,
21173,Laros Duarte,taker,no_image,Laros Duarte,,Page exists but has no infobox image
26399,Emilio José Viqueira Moure,taker,success,Emilio Viqueira,https://upload.wikimedia.org/wikipedia/commons/thumb/3/3c/Viqueira-XerezCD-p1040379.jpg/500px-Viqueira-XerezCD-p1040379.jpg,
26280,Orbelín Pineda Alvarado,taker,success,Orbelín Pineda,https://upload.wikimedia.org/wikipedia/commons/thumb/0/09/Orbel%C3%ADn_Pineda.png/500px-Orbel%C3%ADn_Pineda.png,
26243,Iván Daniel Alonso Vallejo,taker,success,Iván Alonso,https://upload.wikimedia.org/wikipedia/commons/e/eb/Iv%C3%A1n_Alonso_2016.jpg,
26192,Matías Ariel Fernández Fernández,taker,success,"Matías Fernández (footballer, born 1986)",https://upload.wikimedia.org/wikipedia/commons/thumb/8/87/Matias_Fernandez_2015.jpg/500px-Matias_Fernandez_2015.jpg,
26181,Rahamat Riga Mustapha,taker,success,Riga Mustapha,https://upload.wikimedia.org/wikipedia/commons/8/8c/Mustapha_Riga.jpg,
26144,Francisco Javier Casquero Paredes,taker,success,Javier Casquero,https://upload.wikimedia.org/wikipedia/commons/e/ee/Casquero_getafe.jpg,
26074,Nikola Žigić,taker,success,Nikola Žigić,https://upload.wikimedia.org/wikipedia/commons/8/83/Zigic_vs_Antwerp.jpg,
26031,Andoni Iraola Sagarna,taker,success,Andoni Iraola,https://upload.wikimedia.org/wikipedia/commons/thumb/8/8c/Andoni_Iraola_2023.jpg/500px-Andoni_Iraola_2023.jpg,
26020,Ángel Lafita Castillo,taker,success,Ángel Lafita,https://upload.wikimedia.org/wikipedia/commons/thumb/d/dd/%C3%81ngel_Lafita_2009.jpg/500px-%C3%81ngel_Lafita_2009.jpg,
26009,Roberto Soldado Rillo,taker,success,Roberto Soldado,https://upload.wikimedia.org/wikipedia/commons/a/ac/Soldado_Spain.png,
25997,Jonás Manuel Gutiérrez,taker,success,Jonás Gutiérrez,https://upload.wikimedia.org/wikipedia/commons/thumb/f/fb/Jonasgutierrezthumbsup.jpg/500px-Jonasgutierrezthumbsup.jpg,
25947,Fabián Larry Estoyanoff Poggio,taker,no_image,Fabián Estoyanoff,,Page exists but has no infobox image
25859,Sérgio Paulo Barbosa Valente,taker,success,"Duda (footballer, born 1980)",https://upload.wikimedia.org/wikipedia/commons/4/44/Duda_%28Portuguese_footballer%29.jpg,
25707,Francisco Manuel Rico Castro,taker,no_image,Fran Rico,,Page exists but has no infobox image
25351,Alexandre Rodrigues da Silva,taker,success,Alexandre Pato,https://upload.wikimedia.org/wikipedia/commons/3/33/Alexandre_Pato_Real_Madrid-Milan.jpg,
25305,Pedro Guilherme Abreu dos Santos,taker,success,"Pedro (footballer, born 1997)",https://upload.wikimedia.org/wikipedia/commons/1/18/2025-02-18_Pedro_Guilherme_Abreu_dos_Santos.jpg,
28914,Lovro Majer,taker,success,Lovro Majer,https://upload.wikimedia.org/wikipedia/commons/f/fc/Lovro-Majer.png,
28511,Ángel Israel Mena Delgado,taker,success,Ángel Mena,https://upload.wikimedia.org/wikipedia/commons/e/e7/Ecu_tren_%283%29_%28cropped%29.jpg,
28413,Willy Afonso Semedo Johnson,taker,success,Willy Semedo,https://upload.wikimedia.org/wikipedia/commons/thumb/b/b2/RC_Lens_-_Grenoble_Foot_38_%2810-02-2020%29_70.jpg/500px-RC_Lens_-_Grenoble_Foot_38_%2810-02-2020%29_70.jpg,
27886,Alexis Mac Allister,taker,success,Alexis Mac Allister,https://upload.wikimedia.org/wikipedia/commons/thumb/2/27/Alexis_Mac_Allister_04012026_%281%29.jpg/500px-Alexis_Mac_Allister_04012026_%281%29.jpg,
27158,Luis Fernando Díaz Marulanda,taker,success,"Luis Díaz (footballer, born 1997)",https://upload.wikimedia.org/wikipedia/commons/thumb/c/c7/FC_RB_Salzburg_gegen_FC_Bayern_M%C3%BCnchen_%282026-01-06_Testspiel%29_40_%28Luiz_D%C3%ADaz%29.jpg/500px-FC_RB_Salzburg_gegen_FC_Bayern_M%C3%BCnchen_%282026-01-06_Testspiel%29_40_%28Luiz_D%C3%ADaz%29.jpg,
3538,Wayne Mark Rooney,taker,success,Wayne Rooney,https://upload.wikimedia.org/wikipedia/commons/thumb/9/9d/Wayne_Rooney_%2850121495731%29_%28cropped%29.jpg/500px-Wayne_Rooney_%2850121495731%29_%28cropped%29.jpg,
3533,Xherdan Shaqiri,taker,success,Xherdan Shaqiri,https://upload.wikimedia.org/wikipedia/commons/2/2a/Xherdan_Shaqiri_2018.jpg,
3532,Jordan Brian Henderson,taker,success,Jordan Henderson,https://upload.wikimedia.org/wikipedia/commons/thumb/7/79/Jordan_Henderson_29112025_%284%29.jpg/500px-Jordan_Henderson_29112025_%284%29.jpg,
3518,Leighton Baines,taker,success,Leighton Baines,https://upload.wikimedia.org/wikipedia/commons/c/c7/Baines_Leighton_126176_%28cropped%29.jpg,
3500,Granit Xhaka,taker,success,Granit Xhaka,https://upload.wikimedia.org/wikipedia/commons/thumb/0/01/Granit_Xhaka_%28cropped%29.jpg/500px-Granit_Xhaka_%28cropped%29.jpg,
3490,James Morrison,taker,not_a_footballer,James Morrison (singer),,Categories: Category:1984 births | Category:21st-century English guitarists | Category:21st-century English male singers | Category:21st-century English singers | Category:ARIA Award winners | Category:All Wikipe
3481,Serge Aurier,taker,success,Serge Aurier,https://upload.wikimedia.org/wikipedia/commons/thumb/3/34/2020-03-10_Fu%C3%9Fball%2C_M%C3%A4nner%2C_UEFA_Champions_League_Achtelfinale%2C_RB_Leipzig_-_Tottenham_Hotspur_1DX_3707_by_Stepro_%28cropped%29.jpg/500px-2020-03-10_Fu%C3%9Fball%2C_M%C3%A4nner%2C_UEFA_Champions_League_Achtelfinale%2C_RB_Leipzig_-_Tottenham_Hotspur_1DX_3707_by_Stepro_%28cropped%29.jpg,
3473,James Philip Milner,taker,success,James Milner,https://upload.wikimedia.org/wikipedia/commons/thumb/a/a7/James_Milner_2022-07-21_Fu%C3%9Fball%2C_M%C3%A4nner%2CFreundschaftsspiel%2C_RB_Leipzig_-_FC_Liverpool_1DX_2223_by_Stepro_%28cropped%29.jpg/500px-James_Milner_2022-07-21_Fu%C3%9Fball%2C_M%C3%A4nner%2CFreundschaftsspiel%2C_RB_Leipzig_-_FC_Liverpool_1DX_2223_by_Stepro_%28cropped%29.jpg,
3445,Radamel Falcao García Zárate,taker,success,Radamel Falcao,https://upload.wikimedia.org/wikipedia/commons/thumb/9/98/Radamel_Falcao_Garc%C3%ADa_%28cropped%29.jpg/500px-Radamel_Falcao_Garc%C3%ADa_%28cropped%29.jpg,
26712,Ricardo Izecson dos Santos Leite,taker,success,Kaká,https://upload.wikimedia.org/wikipedia/commons/thumb/6/6d/Kak%C3%A1_visited_Stadium_St._Petersburg.jpg/500px-Kak%C3%A1_visited_Stadium_St._Petersburg.jpg,
26490,Mohamed Gasana Tchité,taker,no_image,Mohamed Tchité,,Page exists but has no infobox image
3434,Stevan Jovetić,taker,success,Stevan Jovetić,https://upload.wikimedia.org/wikipedia/commons/thumb/0/05/Iran_vs._Montenegro_2014-05-26_%28161%29.jpg/500px-Iran_vs._Montenegro_2014-05-26_%28161%29.jpg,
3423,Alexander Toft Søderlund,taker,success,Alexander Søderlund,https://upload.wikimedia.org/wikipedia/commons/thumb/c/c8/Alexander_S%C3%B8derlund.JPG/500px-Alexander_S%C3%B8derlund.JPG,
3380,Christian Benteke Liolo,taker,success,Christian Benteke,https://upload.wikimedia.org/wikipedia/commons/thumb/d/d8/Christian_Benteke_NYCFC_vs_DC_United_on_Aug_30_2025-027_%28cropped%29.jpg/500px-Christian_Benteke_NYCFC_vs_DC_United_on_Aug_30_2025-027_%28cropped%29.jpg,
3371,Mario Barwuah Balotelli,taker,success,Mario Balotelli,https://upload.wikimedia.org/wikipedia/commons/thumb/f/f4/Mario_Balotelli_%2815440231808%29_%28cropped%29_%28cropped%29.jpg/500px-Mario_Balotelli_%2815440231808%29_%28cropped%29_%28cropped%29.jpg,
3347,André Ayew Pelé,taker,success,André Ayew,https://upload.wikimedia.org/wikipedia/commons/thumb/d/db/20150331_Mali_vs_Ghana_170.jpg/500px-20150331_Mali_vs_Ghana_170.jpg,
3337,Jermain Defoe,taker,success,Jermain Defoe,https://upload.wikimedia.org/wikipedia/commons/9/9e/Jermain-Defoe_%28cropped%29.jpg,
3336,Harry Maguire,taker,success,Harry Maguire,https://upload.wikimedia.org/wikipedia/commons/thumb/a/ab/Harry_Maguire_2023_%28cropped%29.jpg/500px-Harry_Maguire_2023_%28cropped%29.jpg,
3328,James Ward-Prowse,taker,success,James Ward-Prowse,https://upload.wikimedia.org/wikipedia/commons/thumb/8/8b/James_Ward-Prowse_in_2024.jpeg/500px-James_Ward-Prowse_in_2024.jpeg,
3308,Kieran Trippier,taker,success,Kieran Trippier,https://upload.wikimedia.org/wikipedia/commons/d/d8/Kieran_Trippier_2018-07-14_1.jpg,
3302,Nordin Amrabat,taker,success,Nordin Amrabat,https://upload.wikimedia.org/wikipedia/commons/thumb/2/2d/Nordin_Amrabat_%28cropped%29.jpg/500px-Nordin_Amrabat_%28cropped%29.jpg,
3300,Maya Yoshida,taker,success,Maya Yoshida,https://upload.wikimedia.org/wikipedia/commons/9/9c/Maya_Yoshida_along_with_Japan_National_Football_Team_at_the_Kantei.jpg,
30940,Jure Balkovec,taker,success,Jure Balkovec,https://upload.wikimedia.org/wikipedia/commons/thumb/b/b1/Jure_Balkovec_2021.jpg/500px-Jure_Balkovec_2021.jpg,
30714,Jude Bellingham,taker,success,Jude Bellingham,https://upload.wikimedia.org/wikipedia/commons/thumb/f/f9/25th_Laureus_World_Sports_Awards_-_Red_Carpet_-_Jude_Bellingham_-_240422_190551-2_%28cropped%29.jpg/500px-25th_Laureus_World_Sports_Awards_-_Red_Carpet_-_Jude_Bellingham_-_240422_190551-2_%28cropped%29.jpg,
30193,Gedeon Kalulu Kyatengwa,taker,success,Gédéon Kalulu,https://upload.wikimedia.org/wikipedia/commons/thumb/7/74/G%C3%A9d%C3%A9on_Kalulu_%28cropped%29.jpg/500px-G%C3%A9d%C3%A9on_Kalulu_%28cropped%29.jpg,
29976,Gabriel Teodoro Martinelli Silva,taker,success,Gabriel Martinelli,https://upload.wikimedia.org/wikipedia/commons/thumb/d/df/1_Gabriel_Martinelli_arsenal_2025_%28cropped%29.jpg/500px-1_Gabriel_Martinelli_arsenal_2025_%28cropped%29.jpg,
29560,Julián Álvarez,taker,success,Julián Alvarez,https://upload.wikimedia.org/wikipedia/commons/0/03/Argentina_national_football_team_-_2_-_2022_%28Juli%C3%A1n_%C3%81lvarez%29.jpg,
40124,Rickie Lambert,taker,success,Rickie Lambert,https://upload.wikimedia.org/wikipedia/commons/thumb/9/9f/Rickie_Lambert_2023.png/500px-Rickie_Lambert_2023.png,
39721,Johan Neeskens,taker,success,Johan Neeskens,https://upload.wikimedia.org/wikipedia/commons/thumb/7/7b/Johan_Neeskens_1974.jpg/500px-Johan_Neeskens_1974.jpg,
39461,Cole Palmer,taker,success,Cole Palmer,https://upload.wikimedia.org/wikipedia/commons/f/fb/Cole_Palmer_2025_FIFA_Club_World_Cup_Final.jpg,
39420,Bradley Barcola,taker,success,Bradley Barcola,https://upload.wikimedia.org/wikipedia/commons/thumb/0/08/Barcola_asse_psg_2425.png/500px-Barcola_asse_psg_2425.png,
38718,Enzo Fernandez,taker,success,Enzo Fernández,https://upload.wikimedia.org/wikipedia/commons/0/0a/Enzo_Fern%C3%A1ndez_2025_FIFA_Club_World_Cup_Final.jpg,
38610,Paul Breitner,taker,success,Paul Breitner,https://upload.wikimedia.org/wikipedia/commons/9/99/Paul_Breitner_2011.jpg,
37211,Kaoru Mitoma,taker,success,Kaoru Mitoma,https://upload.wikimedia.org/wikipedia/commons/thumb/9/90/Kaoru_Mitoma_%282022%29.jpg/500px-Kaoru_Mitoma_%282022%29.jpg,
36659,Manuel Ugarte Ribeiro,taker,success,Manuel Ugarte (footballer),https://upload.wikimedia.org/wikipedia/commons/thumb/2/2e/M.UGARTE.jpg/500px-M.UGARTE.jpg,
35684,Meschak Elia,taker,success,Meschak Elia,https://upload.wikimedia.org/wikipedia/commons/thumb/d/db/Meschack_Elia_%28cropped%29.jpg/500px-Meschack_Elia_%28cropped%29.jpg,
35413,Lionel Mpasi-Nzau,taker,success,Lionel Mpasi,https://upload.wikimedia.org/wikipedia/commons/1/1d/Lionel_Mpasi_%28cropped%29.jpg,
34386,John Arne Semundseth Riise,taker,success,John Arne Riise,https://upload.wikimedia.org/wikipedia/commons/thumb/b/bb/John_Arne_Riise_-_53492829703.jpg/500px-John_Arne_Riise_-_53492829703.jpg,
34385,Claudio Santos,taker,success,"Serginho (footballer, born 1971)",https://upload.wikimedia.org/wikipedia/commons/c/c5/Serginho.jpg,
34384,Djibril Cissé,taker,success,Djibril Cissé,https://upload.wikimedia.org/wikipedia/commons/thumb/d/d9/Djibril_Ciss%C3%A9_1.jpg/500px-Djibril_Ciss%C3%A9_1.jpg,
34335,Terem Igobor Moffi,taker,success,Terem Moffi,https://upload.wikimedia.org/wikipedia/commons/thumb/0/0d/Terem_Moffi.jpg/500px-Terem_Moffi.jpg,
33459,Alexander Baumjohann,taker,success,Alexander Baumjohann,https://upload.wikimedia.org/wikipedia/commons/thumb/b/b4/Alexander_Baumjohann_2011-08-03.jpg/500px-Alexander_Baumjohann_2011-08-03.jpg,
32868,Bryan Silva Teixera,taker,not_a_footballer,Deluxe Distribution,,Categories: Category:All articles with unsourced statements | Category:Articles with hAudio microformats | Category:Articles with short description | Category:Articles with unsourced statements from August 2012 |
2941,Ismaïla Sarr,taker,success,Ismaïla Sarr,https://upload.wikimedia.org/wikipedia/commons/thumb/0/0b/Ismaila_Sarr_2022.jpg/500px-Ismaila_Sarr_2022.jpg,
401453,"David N""Gog",taker,not_a_footballer,Gog and Magog,,Categories: Category:Articles containing Arabic-language text | Category:Articles containing Greek-language text | Category:Articles containing Hebrew-language text | Category:Articles containing Latin-language t
397991,Hugo Alvez,taker,no_image,Gonzalo Álvez,,Page exists but has no infobox image
387475,Andrea Lazzari,taker,not_a_footballer,Andrea Lazzari,,Categories: Category:All article disambiguation pages | Category:All disambiguation pages | Category:Human name disambiguation pages | Category:Short description is different from Wikidata
386607,Gianpaolo Bellini,taker,success,Gianpaolo Bellini,https://upload.wikimedia.org/wikipedia/commons/thumb/b/be/Gianpaolo_Bellini_01.JPG/500px-Gianpaolo_Bellini_01.JPG,
384888,Ray Kendry Páez Andrade,taker,no_image,Kendry Páez,,Page exists but has no infobox image
66892,Mohamed Hany Gamal Eldemerdash,taker,no_search_results,,,Wikipedia returned 0 results
66879,Mohamed Abougabal,taker,success,Mohamed Abou Gabal,https://upload.wikimedia.org/wikipedia/commons/4/42/Gabaski.jpg,
66725,Oswin Reagan Appollis,taker,no_image,Oswin Appollis,,Page exists but has no infobox image
65853,Evidence Makgopa,taker,no_image,Evidence Makgopa,,Page exists but has no infobox image
64629,Thabang Amod Monare,taker,no_image,Thabang Monare,,Page exists but has no infobox image
50968,Erickson Patrick Correia Andrade,taker,success,Patrick Andrade,https://upload.wikimedia.org/wikipedia/commons/thumb/5/5f/Patrick_Andrade.jpg/500px-Patrick_Andrade.jpg,
50498,Pape Matar Sarr,taker,success,Pape Matar Sarr,https://upload.wikimedia.org/wikipedia/commons/thumb/5/5a/Pape_Matar_Sarr.png/500px-Pape_Matar_Sarr.png,
48335,Mohamed Zeki Amdouni,taker,no_image,Zeki Amdouni,,Page exists but has no infobox image
47822,Wilker José Ángel Romero,taker,success,Wilker Ángel,https://upload.wikimedia.org/wikipedia/commons/thumb/9/99/Wilker_%C3%81ngel_2017.jpg/500px-Wilker_%C3%81ngel_2017.jpg,
42902,Adam Johnson,taker,success,Adam Johnson (footballer),https://upload.wikimedia.org/wikipedia/commons/6/66/Adam_Johnson_-_closeup.jpg,
102722,Siyanda Xulu,taker,success,Siyanda Xulu,https://upload.wikimedia.org/wikipedia/commons/4/4b/Siyanda_Xulu_2013.jpg,
88123,Cheikh Ahmadou Bamba Mbacke Dieng,taker,success,Bamba Dieng,https://upload.wikimedia.org/wikipedia/commons/thumb/9/9b/Dieng_asse_sco_2425.png/500px-Dieng_asse_sco_2425.png,
70783,Omar Kamal Abdel Wahed,taker,success,Omar Kamal,https://upload.wikimedia.org/wikipedia/commons/thumb/1/15/Omar_Kamal.jpg/500px-Omar_Kamal.jpg,
69563,Mohamed Abdel Monem,taker,success,Mohamed Abdelmonem,https://upload.wikimedia.org/wikipedia/commons/thumb/1/13/Abdelmonem_asse_ogcn_2425.png/500px-Abdelmonem_asse_ogcn_2425.png,
68755,Mostafa Fathi,taker,success,Mostafa Fathi,https://upload.wikimedia.org/wikipedia/commons/e/ed/Mostafa_Fathi.jpg,
67974,Nkosinathi Sibisi,taker,no_image,Nkosinathi Sibisi,,Page exists but has no infobox image
67728,Mahmoud Hamada,taker,no_image,Mahmoud Hamada,,Page exists but has no infobox image
67700,Badr Banoun,taker,success,Badr Benoun,https://upload.wikimedia.org/wikipedia/commons/thumb/8/80/Badr_Benoun_2019.jpg/500px-Badr_Benoun_2019.jpg,
3057,Jonjo Shelvey,taker,success,Jonjo Shelvey,https://upload.wikimedia.org/wikipedia/commons/thumb/c/c3/Jonjo_Shelvey_England_U21.jpg/500px-Jonjo_Shelvey_England_U21.jpg,
3043,Christian Dannemann Eriksen,taker,success,Christian Eriksen,https://upload.wikimedia.org/wikipedia/commons/d/d8/EriksenTottenham2016%28cropped%29_2.jpg,
3018,Giovanni-Guy Yann Sio,taker,success,Giovanni Sio,https://upload.wikimedia.org/wikipedia/commons/thumb/b/be/Stade_rennais_-_Le_Havre_AC_20150708_12.JPG/500px-Stade_rennais_-_Le_Havre_AC_20150708_12.JPG,
3013,Nicolas Pépé,taker,success,Nicolas Pépé,https://upload.wikimedia.org/wikipedia/commons/thumb/b/bb/Nicolas_Pepe_LOSC_%28cropped2%29.jpg/500px-Nicolas_Pepe_LOSC_%28cropped2%29.jpg,
2999,Presnel Kimpembe,taker,success,Presnel Kimpembe,https://upload.wikimedia.org/wikipedia/commons/thumb/8/81/Presnel_Kimpembe_2022.jpg/500px-Presnel_Kimpembe_2022.jpg,
2988,Memphis Depay,taker,success,Memphis Depay,https://upload.wikimedia.org/wikipedia/commons/1/1c/Memphis_Depay_2019.jpg,
2972,Marcus Thuram,taker,success,Marcus Thuram,https://upload.wikimedia.org/wikipedia/commons/thumb/6/69/Marcus_Thuram_in_2023.jpg/500px-Marcus_Thuram_in_2023.jpg,
2959,Julien Féret,taker,success,Julien Féret,https://upload.wikimedia.org/wikipedia/commons/thumb/5/56/Caen_-_Rennes_20140709_-_Julien_F%C3%A9ret_01.JPG/500px-Caen_-_Rennes_20140709_-_Julien_F%C3%A9ret_01.JPG,
20176,Víctor Valdés Arribas,keeper,success,Víctor Valdés,https://upload.wikimedia.org/wikipedia/commons/thumb/b/b4/Spain_-_Chile_-_10-09-2013_-_Geneva_-_Victor_Valdes_6_%28cropped%29.jpg/500px-Spain_-_Chile_-_10-09-2013_-_Geneva_-_Victor_Valdes_6_%28cropped%29.jpg,
5550,Yann Sommer,keeper,success,Yann Sommer,https://upload.wikimedia.org/wikipedia/commons/thumb/5/5a/FC_Salzburg_gegen_Inter_Mailand_%28Testspiel_2023-08-09%29_69.jpg/500px-FC_Salzburg_gegen_Inter_Mailand_%28Testspiel_2023-08-09%29_69.jpg,
7036,Gianluigi Donnarumma,keeper,success,Gianluigi Donnarumma,https://upload.wikimedia.org/wikipedia/commons/thumb/2/2d/Norway_Italy_-_June_2025_A_17_%28Gianluigi_Donnarumma%29.jpg/500px-Norway_Italy_-_June_2025_A_17_%28Gianluigi_Donnarumma%29.jpg,
3099,Hugo Lloris,keeper,success,Hugo Lloris,https://upload.wikimedia.org/wikipedia/commons/thumb/c/ca/Lloris_2018_%28cropped%29.jpg/500px-Lloris_2018_%28cropped%29.jpg,
66721,Ronwen Williams,keeper,no_image,Ronwen Williams,,Page exists but has no infobox image
3468,Jordan Pickford,keeper,success,Jordan Pickford,https://upload.wikimedia.org/wikipedia/commons/thumb/8/86/Jordan_Pickford_2022-07-16_1.jpg/500px-Jordan_Pickford_2022-07-16_1.jpg,
6909,Damián Emiliano Martínez,keeper,success,Emiliano Martínez,https://upload.wikimedia.org/wikipedia/commons/thumb/4/41/St._Louis_City_vs_Aston_Villa_%28Jul_2025%29_14_%28Emiliano_Mart%C3%ADnez%29.jpg/500px-St._Louis_City_vs_Aston_Villa_%28Jul_2025%29_14_%28Emiliano_Mart%C3%ADnez%29.jpg,
3815,Kasper Schmeichel,keeper,success,Kasper Schmeichel,https://upload.wikimedia.org/wikipedia/commons/thumb/9/95/Kasper_Schmeichel_Celtic-20240722_%28cropped%29.jpg/500px-Kasper_Schmeichel_Celtic-20240722_%28cropped%29.jpg,
3444,Danijel Subašić,keeper,success,Danijel Subašić,https://upload.wikimedia.org/wikipedia/commons/6/63/Danijel_Suba%C5%A1i%C4%87_2018_2.jpg,
5597,Keylor Navas Gamboa,keeper,success,Keylor Navas,https://upload.wikimedia.org/wikipedia/commons/d/dc/Keylor_Navas_2018_%28cropped%29.jpg,
11748,Unai Simón Mendibil,keeper,success,Unai Simón,https://upload.wikimedia.org/wikipedia/commons/thumb/b/ba/Unai_Sim%C3%B3n_2025_%28cropped%29.jpg/500px-Unai_Sim%C3%B3n_2025_%28cropped%29.jpg,
6625,Vicente Guaita Panadero,keeper,success,Vicente Guaita,https://upload.wikimedia.org/wikipedia/commons/thumb/6/64/Vicente_Guaita.jpg/500px-Vicente_Guaita.jpg,
20055,Marc-André ter Stegen,keeper,success,Marc-André ter Stegen,https://upload.wikimedia.org/wikipedia/commons/thumb/9/97/Marc-Andre_Ter_Stegen_ACCI_FCBARCELONA_Turisme_Catalunya_gira_pretemporada_CATPRESS.jpg/500px-Marc-Andre_Ter_Stegen_ACCI_FCBARCELONA_Turisme_Catalunya_gira_pretemporada_CATPRESS.jpg,
36710,Sergio Rochet Álvarez,keeper,success,Sergio Rochet,https://upload.wikimedia.org/wikipedia/commons/b/bc/Sergio_Rochet_%282022%29.jpg,
5172,Igor Akinfeev,keeper,success,Igor Akinfeev,https://upload.wikimedia.org/wikipedia/commons/thumb/c/c4/Igor_Akinfeev_2020.jpg/500px-Igor_Akinfeev_2020.jpg,
7193,Paul Bernardoni,keeper,success,Paul Bernardoni,https://upload.wikimedia.org/wikipedia/commons/thumb/4/42/Lens_-_Angers_%2829-11-2020%29_26.jpg/500px-Lens_-_Angers_%2829-11-2020%29_26.jpg,
6378,Jan Oblak,keeper,success,Jan Oblak,https://upload.wikimedia.org/wikipedia/commons/thumb/a/a1/Jan_Oblak_2019.jpg/500px-Jan_Oblak_2019.jpg,
16531,Dominik Livaković,keeper,success,Dominik Livaković,https://upload.wikimedia.org/wikipedia/commons/thumb/b/b5/Dominik_Livakovi%C4%87_2021.jpg/500px-Dominik_Livakovi%C4%87_2021.jpg,
5669,Wojciech Szczęsny,keeper,success,Wojciech Szczęsny,https://upload.wikimedia.org/wikipedia/commons/thumb/4/4d/Wojciech_Szcz%C4%99sny.png/500px-Wojciech_Szcz%C4%99sny.png,
7018,Emiliano Viviano,keeper,success,Emiliano Viviano,https://upload.wikimedia.org/wikipedia/commons/thumb/5/5f/Emiliano_Viviano.jpg/500px-Emiliano_Viviano.jpg,
5547,Alisson Ramsés Becker,keeper,success,Alisson Becker,https://upload.wikimedia.org/wikipedia/commons/thumb/4/4f/20180610_FIFA_Friendly_Match_Austria_vs._Brazil_850_1625.jpg/500px-20180610_FIFA_Friendly_Match_Austria_vs._Brazil_850_1625.jpg,
32975,Diogo Meireles Costa,keeper,success,Diogo Costa,https://upload.wikimedia.org/wikipedia/commons/c/c3/Portugal_national_football_team_0866_%28Diogo_Costa%29.jpg,
22823,Dimitry Bertaud,keeper,success,Dimitry Bertaud,https://upload.wikimedia.org/wikipedia/commons/thumb/7/7f/Bertaud_asse_mhsc_2425.png/500px-Bertaud_asse_mhsc_2425.png,
3333,David de Gea Quintana,keeper,success,David de Gea,https://upload.wikimedia.org/wikipedia/commons/thumb/6/68/David_de_Gea_2017.jpg/500px-David_de_Gea_2017.jpg,
6576,Gorka Iraizoz Moreno,keeper,success,Gorka Iraizoz,https://upload.wikimedia.org/wikipedia/commons/thumb/f/ff/Gorkairaizoz.jpg/500px-Gorkairaizoz.jpg,
6610,Iván Cuéllar Sacristán,keeper,success,Iván Cuéllar,https://upload.wikimedia.org/wikipedia/commons/8/80/Real_Valladolid_-_CD_Legan%C3%A9s_2018-12-01_%2839%29_%28cropped%29_2.jpg,
3522,Heurelho da Silva Gomes,keeper,success,Heurelho Gomes,https://upload.wikimedia.org/wikipedia/commons/thumb/3/38/Watford_v_Norwich_%282%29.jpg/500px-Watford_v_Norwich_%282%29.jpg,
3742,Orestis Karnezis,keeper,success,Orestis Karnezis,https://upload.wikimedia.org/wikipedia/commons/thumb/b/b3/20130814_AT-GR_Orestis_Karnezis_2402.jpg/500px-20130814_AT-GR_Orestis_Karnezis_2402.jpg,
4691,Claudio Andrés Bravo Muñoz,keeper,success,Claudio Bravo,https://upload.wikimedia.org/wikipedia/commons/8/8e/Claudio_Bravo_Footballteam_of_Chile_-_Spain_vs._Chile%2C_10th_September_2013_%28cropped%29.jpg,
3761,Mike Maignan,keeper,success,Mike Maignan,https://upload.wikimedia.org/wikipedia/commons/e/e1/Mike_Maignan_2022_Salzburg_vs_AC_Milan_2022-09-06.jpg,
7174,Antonio Mirante,keeper,success,Antonio Mirante,https://upload.wikimedia.org/wikipedia/commons/f/fa/AntonioMirante.png,
3623,Adrián San Miguel del Castillo,keeper,success,Adrián (footballer),https://upload.wikimedia.org/wikipedia/commons/thumb/4/4e/2022-07-21_Fu%C3%9Fball%2C_M%C3%A4nner%2CFreundschaftsspiel%2C_RB_Leipzig_-_FC_Liverpool_1DX_2019_by_Stepro.jpg/500px-2022-07-21_Fu%C3%9Fball%2C_M%C3%A4nner%2CFreundschaftsspiel%2C_RB_Leipzig_-_FC_Liverpool_1DX_2019_by_Stepro.jpg,
3543,Steve Mandanda,keeper,success,Steve Mandanda,https://upload.wikimedia.org/wikipedia/commons/thumb/d/df/Steve_Mandanda_2018.jpg/500px-Steve_Mandanda_2018.jpg,
34881,Daniele Padelli,keeper,success,Daniele Padelli,https://upload.wikimedia.org/wikipedia/commons/thumb/b/b5/20150616_-_Portugal_-_Italie_-_Gen%C3%A8ve_-_Daniele_Padelli_1.jpg/500px-20150616_-_Portugal_-_Italie_-_Gen%C3%A8ve_-_Daniele_Padelli_1.jpg,
32012,Rafael Enrique Romo Pérez,keeper,success,Rafael Romo,https://upload.wikimedia.org/wikipedia/commons/thumb/b/b7/USAvVEN_2019-06-09_-_Rafael_Romo_%2851170339541%29_%28cropped%29.jpg/500px-USAvVEN_2019-06-09_-_Rafael_Romo_%2851170339541%29_%28cropped%29.jpg,
36629,Yahia Fofana,keeper,success,Yahia Fofana,https://upload.wikimedia.org/wikipedia/commons/thumb/1/1a/Fofana_asse_sco_2425.png/500px-Fofana_asse_sco_2425.png,
3630,Loris Karius,keeper,success,Loris Karius,https://upload.wikimedia.org/wikipedia/commons/thumb/4/4c/Loris_Karius.jpg/500px-Loris_Karius.jpg,
3461,Petr Čech,keeper,success,Petr Čech,https://upload.wikimedia.org/wikipedia/commons/7/75/Arsenal_players_training_before_2019_UEFA_Europa_League_final_07_%28cropped%29.jpg,
6792,Pau López Sabata,keeper,success,Pau López,https://upload.wikimedia.org/wikipedia/commons/thumb/2/2f/Pau_Lopez_2019.jpg/500px-Pau_Lopez_2019.jpg,
8697,Andrés Eduardo Fernández Moreno,keeper,no_image,"Andrés Fernández (footballer, born December 1986)",,Page exists but has no infobox image
8947,Ron-Robert Zieler,keeper,success,Ron-Robert Zieler,https://upload.wikimedia.org/wikipedia/commons/thumb/7/79/Ron-Robert_Zieler.jpg/500px-Ron-Robert_Zieler.jpg,
7055,Stefano Sorrentino,keeper,success,Stefano Sorrentino,https://upload.wikimedia.org/wikipedia/commons/thumb/e/e5/Stefano_Sorrentino.JPG/500px-Stefano_Sorrentino.JPG,
3322,Jonas Lössl,keeper,success,Jonas Lössl,https://upload.wikimedia.org/wikipedia/commons/thumb/b/bc/Chelsea_1_Huddersfield_1_%28Jonas_Lossl%29_%28cropped%29.jpg/500px-Chelsea_1_Huddersfield_1_%28Jonas_Lossl%29_%28cropped%29.jpg,
7157,Marco Sportiello,keeper,success,Marco Sportiello,https://upload.wikimedia.org/wikipedia/commons/thumb/8/88/Marco_Sportiello_%28cropped%29.JPG/500px-Marco_Sportiello_%28cropped%29.JPG,
8314,Marwin Hitz,keeper,success,Marwin Hitz,https://upload.wikimedia.org/wikipedia/commons/thumb/5/59/Marwin-Hitz-Borussia-Dortmund-2021.jpg/500px-Marwin-Hitz-Borussia-Dortmund-2021.jpg,
4276,David Ospina Ramírez,keeper,success,David Ospina,https://upload.wikimedia.org/wikipedia/commons/thumb/f/fd/David_Ospina%2C_2015-05-31.JPG/500px-David_Ospina%2C_2015-05-31.JPG,
8667,Lukáš Hrádecký,keeper,success,Lukas Hradecky,https://upload.wikimedia.org/wikipedia/commons/thumb/6/6b/Luk%C3%A1%C5%A1_Hr%C3%A1deck%C3%BD%2C_2022-07-31%2C_Saisoner%C3%B6ffnung_Bayer_04%2C_Leverkusen_%281%29.jpg/500px-Luk%C3%A1%C5%A1_Hr%C3%A1deck%C3%BD%2C_2022-07-31%2C_Saisoner%C3%B6ffnung_Bayer_04%2C_Leverkusen_%281%29.jpg,
7001,Samir Handanovič,keeper,success,Samir Handanović,https://upload.wikimedia.org/wikipedia/commons/2/29/Samir_Handanovi%C4%87_Slovenia.jpg,
15581,Bernd Leno,keeper,success,Bernd Leno,https://upload.wikimedia.org/wikipedia/commons/thumb/4/4b/Bernd_Leno_06042025_%282%29.jpg/500px-Bernd_Leno_06042025_%282%29.jpg,
23269,Felix Wiedwald,keeper,success,Felix Wiedwald,https://upload.wikimedia.org/wikipedia/commons/thumb/7/7c/Felix_Wiedwald_2012_2_%28cropped%29.jpg/500px-Felix_Wiedwald_2012_2_%28cropped%29.jpg,
12491,Federico Marchetti,keeper,success,Federico Marchetti,https://upload.wikimedia.org/wikipedia/commons/thumb/6/6d/Federico_Marchetti.jpg/500px-Federico_Marchetti.jpg,
23758,Maxime Crépeau,keeper,success,Maxime Crépeau,https://upload.wikimedia.org/wikipedia/commons/thumb/f/f9/Maxime_Cr%C3%A9peau_and_James_Pantemis_Portland_Timbers_2024_%28cropped%29.jpg/500px-Maxime_Cr%C3%A9peau_and_James_Pantemis_Portland_Timbers_2024_%28cropped%29.jpg,
7379,Edouard Mendy,keeper,success,Édouard Mendy,https://upload.wikimedia.org/wikipedia/commons/8/8e/2021_FIFA_Club_World_Cup_Final_-_30.jpg,
8326,Andries Noppert,keeper,success,Andries Noppert,https://upload.wikimedia.org/wikipedia/commons/thumb/a/a2/SC_Heerenveen_-_BSV_Kickers_Emden_-_53034129999_%28Andries_Noppert%29.jpg/500px-SC_Heerenveen_-_BSV_Kickers_Emden_-_53034129999_%28Andries_Noppert%29.jpg,
23635,John Ruddy,keeper,success,John Ruddy,https://upload.wikimedia.org/wikipedia/commons/1/18/Ruddy2012.jpg,
358410,Stanley Bobo Nwabali,keeper,no_image,Stanley Nwabali,,Page exists but has no infobox image
8274,Pierluigi Gollini,keeper,success,Pierluigi Gollini,https://upload.wikimedia.org/wikipedia/commons/3/33/Pierluigi_Gollini_01.jpg,
10763,Asier Riesgo Unamuno,keeper,success,Asier Riesgo,https://upload.wikimedia.org/wikipedia/commons/f/fc/EUS_SD_Eibar_%28cropped%29.jpeg,
26146,Dudú Aouate,keeper,success,Dudu Aouate,https://upload.wikimedia.org/wikipedia/commons/thumb/1/1f/DuduAouate.jpg/500px-DuduAouate.jpg,
26103,Idriss Carlos Kameni,keeper,success,Carlos Kameni,https://upload.wikimedia.org/wikipedia/commons/thumb/7/7c/Idriss_Carlos_Kameni_2009.jpg/500px-Idriss_Carlos_Kameni_2009.jpg,
24255,Juan Carlos Martín Corral,keeper,success,"Juan Carlos (footballer, born 1988)",https://upload.wikimedia.org/wikipedia/commons/thumb/1/1f/Juan_Carlos_Mart%C3%ADn_Corral.JPG/500px-Juan_Carlos_Mart%C3%ADn_Corral.JPG,
5108,Glyn Oliver Myhill,keeper,success,Boaz Myhill,https://upload.wikimedia.org/wikipedia/commons/thumb/2/26/Boazmyhillforwiki.png/500px-Boazmyhillforwiki.png,
32677,Alexander Domínguez Carabalí,keeper,success,Alexander Domínguez,https://upload.wikimedia.org/wikipedia/commons/thumb/6/69/Ecuador_tren2015_%281%29.jpg/500px-Ecuador_tren2015_%281%29.jpg,
32037,Nicola Leali,keeper,success,Nicola Leali,https://upload.wikimedia.org/wikipedia/commons/thumb/b/b5/Leali1.png/500px-Leali1.png,
34393,Nelson de Jesus da Silva,keeper,not_a_footballer,Silva,,Categories: Category:All articles with unsourced statements | Category:All set index articles | Category:Articles containing Portuguese-language text | Category:Articles with short description | Category:Articles
25719,Shūichi Gonda,keeper,success,Shūichi Gonda,https://upload.wikimedia.org/wikipedia/commons/thumb/3/32/FC_Liefering_vs._SV_Horn_%28November_2016%29_04.jpg/500px-FC_Liefering_vs._SV_Horn_%28November_2016%29_04.jpg,
25377,Rémy Riou,keeper,success,Rémy Riou,https://upload.wikimedia.org/wikipedia/commons/thumb/c/ce/R%C3%A9my_Riou.JPG/500px-R%C3%A9my_Riou.JPG,
26070,Antonio Rodríguez Martínez,keeper,success,"Toño (footballer, born 1979)",https://upload.wikimedia.org/wikipedia/commons/thumb/7/70/Tono_Mart%C3%ADnez.jpg/500px-Tono_Mart%C3%ADnez.jpg,
4440,Kevin Trapp,keeper,success,Kevin Trapp,https://upload.wikimedia.org/wikipedia/commons/thumb/6/64/20180602_FIFA_Friendly_Match_Austria_vs._Germany_Kevin_Trapp_850_0760.jpg/500px-20180602_FIFA_Friendly_Match_Austria_vs._Germany_Kevin_Trapp_850_0760.jpg,
6694,Gerónimo Rulli,keeper,success,Gerónimo Rulli,https://upload.wikimedia.org/wikipedia/commons/1/19/Rulli_asse_om_2425.png,
6730,Rubén Iván Martínez Andrade,keeper,success,"Rubén Martínez (footballer, born 1984)",https://upload.wikimedia.org/wikipedia/commons/thumb/2/29/Z-A17_%282%29.jpg/500px-Z-A17_%282%29.jpg,
6884,Sergio Álvarez Conde,keeper,success,"Sergio Álvarez (footballer, born 1986)",https://upload.wikimedia.org/wikipedia/commons/thumb/c/c1/XXIII_Memorial_Quinocho_%28RC_Celta_vs_Mainz_05%29_-_06_%28cropped%29.jpg/500px-XXIII_Memorial_Quinocho_%28RC_Celta_vs_Mainz_05%29_-_06_%28cropped%29.jpg,
9082,Przemysław Tytoń,keeper,success,Przemysław Tytoń,https://upload.wikimedia.org/wikipedia/commons/thumb/e/ee/Przemyslaw_tyton.jpg/500px-Przemyslaw_tyton.jpg,
25144,Diego Alves Carreira,keeper,success,Diego Alves,https://upload.wikimedia.org/wikipedia/commons/thumb/b/bd/DiegoAlvesFlamengo.jpg/500px-DiegoAlvesFlamengo.jpg,
20074,Artur Boruc,keeper,success,Artur Boruc,https://upload.wikimedia.org/wikipedia/commons/thumb/b/b0/Artur_Boruc_2021.jpg/500px-Artur_Boruc_2021.jpg,
3509,Thibaut Courtois,keeper,success,Thibaut Courtois,https://upload.wikimedia.org/wikipedia/commons/c/c4/Courtois_2018_%28cropped%29.jpg,
34390,Jerzy Dudek,keeper,success,Jerzy Dudek,https://upload.wikimedia.org/wikipedia/commons/thumb/3/3d/Jerzy_Dudek_%28cropped%29.jpg/500px-Jerzy_Dudek_%28cropped%29.jpg,
4257,Yoan Cardinale,keeper,no_image,Yoan Cardinale,,Page exists but has no infobox image
27305,Germán Darío Lux,keeper,success,Germán Lux,https://upload.wikimedia.org/wikipedia/commons/d/dc/Germ%C3%A1n_Lux%2C_2011_%28cropped%29.jpg,
36794,Dayne Tristan St. Clair,keeper,success,Dayne St. Clair,https://upload.wikimedia.org/wikipedia/commons/thumb/7/78/Dayne_St._Clair_-_MNUFC_-_May_2025.jpg/500px-Dayne_St._Clair_-_MNUFC_-_May_2025.jpg,
10612,Yoel Rodríguez Oterino,keeper,success,Yoel Rodríguez,https://upload.wikimedia.org/wikipedia/commons/1/19/Real_Valladolid-Valencia_CF%2C_2019-05-18_%2898%29_%28cropped%29.jpg,
6590,Norberto Murara Neto,keeper,success,"Neto (footballer, born 1989)",https://upload.wikimedia.org/wikipedia/commons/thumb/9/96/Norberto_Murara_Neto_2019.jpg/500px-Norberto_Murara_Neto_2019.jpg,
20015,Jens Lehmann,keeper,success,Jens Lehmann,https://upload.wikimedia.org/wikipedia/commons/thumb/7/74/Jens_Lehmann_-_2019202184453_2019-07-21_Champions_for_Charity_-_3017_-_B70I3052_%28cropped%29.jpg/500px-Jens_Lehmann_-_2019202184453_2019-07-21_Champions_for_Charity_-_3017_-_B70I3052_%28cropped%29.jpg,
23843,Diego Mariño Villar,keeper,success,Diego Mariño,https://upload.wikimedia.org/wikipedia/commons/b/bb/Diego_Mari%C3%B1o_%28julio_de_2014%29.jpg,
13042,Tim Howard,keeper,success,Tim Howard,https://upload.wikimedia.org/wikipedia/commons/thumb/2/26/Tim_Howard_2023.jpg/500px-Tim_Howard_2023.jpg,
8821,Timo Horn,keeper,success,Timo Horn,https://upload.wikimedia.org/wikipedia/commons/thumb/2/29/FC_RB_salzburg_gegen_SK_Sturm_Graz_%282024-02-09%29_08.jpg/500px-FC_RB_salzburg_gegen_SK_Sturm_Graz_%282024-02-09%29_08.jpg,
9014,Declan Rudd,keeper,success,Declan Rudd,https://upload.wikimedia.org/wikipedia/commons/thumb/0/00/Declan_Rudd.jpg/500px-Declan_Rudd.jpg,
8306,Christian Mathenia,keeper,success,Christian Mathenia,https://upload.wikimedia.org/wikipedia/commons/thumb/d/de/20190428_DFL_1._Bundesliga_FCN_-_FCB_DSC_7763.jpg/500px-20190428_DFL_1._Bundesliga_FCN_-_FCB_DSC_7763.jpg,
8225,Roman Bürki,keeper,success,Roman Bürki,https://upload.wikimedia.org/wikipedia/commons/thumb/f/fd/St._Louis_City_vs_Aston_Villa_%28Jul_2025%29_11.jpg/500px-St._Louis_City_vs_Aston_Villa_%28Jul_2025%29_11.jpg,
8577,Rune Almenning Jarstein,keeper,success,Rune Jarstein,https://upload.wikimedia.org/wikipedia/commons/thumb/0/06/2019-03-30_Fu%C3%9Fball%2C_M%C3%A4nner%2C_1._Bundesliga%2C_RB_Leipzig_-_Hertha_BSC_StP_3734_LR10_by_Stepro_%28cropped%29.jpg/500px-2019-03-30_Fu%C3%9Fball%2C_M%C3%A4nner%2C_1._Bundesliga%2C_RB_Leipzig_-_Hertha_BSC_StP_3734_LR10_by_Stepro_%28cropped%29.jpg,
6785,Yassine Bounou,keeper,success,Yassine Bounou,https://upload.wikimedia.org/wikipedia/commons/thumb/5/53/Yassine_Bono_%28cropped%29.jpg/500px-Yassine_Bono_%28cropped%29.jpg,
6871,Costel Fane Pantilimon,keeper,success,Costel Pantilimon,https://upload.wikimedia.org/wikipedia/commons/thumb/7/7f/Alg%C3%A9rie-Roumanie_-_20140604_-_Costel_Pantilimon.jpg/500px-Alg%C3%A9rie-Roumanie_-_20140604_-_Costel_Pantilimon.jpg,
8662,Vid Belec,keeper,success,Vid Belec,https://upload.wikimedia.org/wikipedia/commons/thumb/4/46/Vid_Belec_%28cropped%29.jpg/500px-Vid_Belec_%28cropped%29.jpg,
7803,Albano Benjamín Bizzarri,keeper,success,Albano Bizzarri,https://upload.wikimedia.org/wikipedia/commons/2/22/Albano_Bizzarri.jpg,
401508,Clément Maury,keeper,no_image,Clément Maury,,Page exists but has no infobox image
7282,Jean-Louis Leca,keeper,success,Jean-Louis Leca,https://upload.wikimedia.org/wikipedia/commons/thumb/1/12/Entra%C3%AEnement_RC_Lens_-_3_juillet_2020_25.jpg/500px-Entra%C3%AEnement_RC_Lens_-_3_juillet_2020_25.jpg,
7132,Andrea Consigli,keeper,success,Andrea Consigli,https://upload.wikimedia.org/wikipedia/commons/7/7a/Andrea_Consigli_%28cropped%29.jpg,
3432,Alexandre Letellier,keeper,success,Alexandre Letellier,https://upload.wikimedia.org/wikipedia/commons/thumb/8/8f/Lens_-_Orl%C3%A9ans_%2809-03-2020%29_49_%28cropped%29.jpg/500px-Lens_-_Orl%C3%A9ans_%2809-03-2020%29_49_%28cropped%29.jpg,
105932,Josimar José Évora Dias,keeper,no_image,Vozinha,,Page exists but has no infobox image
3096,Rob Elliot,keeper,success,Rob Elliot,https://upload.wikimedia.org/wikipedia/commons/6/6a/Rob_Elliot.jpg,
3008,Benjamin Lecomte,keeper,success,Benjamin Lecomte,https://upload.wikimedia.org/wikipedia/commons/thumb/8/8c/Benjamin_Lecomte_13092025_%281%29.jpg/500px-Benjamin_Lecomte_13092025_%281%29.jpg,
2947,Anthony Lopes,keeper,success,Anthony Lopes,https://upload.wikimedia.org/wikipedia/commons/thumb/a/ab/Lopes_asse_fcn_2425.png/500px-Lopes_asse_fcn_2425.png,
3354,Benoît Guy Robert Costil,keeper,success,Benoît Costil,https://upload.wikimedia.org/wikipedia/commons/thumb/1/17/ZSPB-Bordo_%283%29.jpg/500px-ZSPB-Bordo_%283%29.jpg,
6949,Gianluigi Buffon,keeper,success,Gianluigi Buffon,https://upload.wikimedia.org/wikipedia/commons/thumb/d/d7/Norway_Italy_-_June_2025_A_44_%28Gianluigi_Buffon%29.jpg/500px-Norway_Italy_-_June_2025_A_44_%28Gianluigi_Buffon%29.jpg,
6898,Jaume Doménech Sánchez,keeper,success,Jaume Doménech,https://upload.wikimedia.org/wikipedia/commons/thumb/5/5d/Jaume_Domenech_2021.png/500px-Jaume_Domenech_2021.png,
6768,Diego López Rodríguez,keeper,success,"Diego López (Spanish footballer, born 1981)",https://upload.wikimedia.org/wikipedia/commons/thumb/2/2c/Diego_L%C3%B3pez_-_RCD_Espanyol_-_WMES_04_%28cropped%29.jpg/500px-Diego_L%C3%B3pez_-_RCD_Espanyol_-_WMES_04_%28cropped%29.jpg,
7028,José Manuel Reina Páez,keeper,success,Pepe Reina,https://upload.wikimedia.org/wikipedia/commons/thumb/5/52/Pepe_Reina_2017.jpg/500px-Pepe_Reina_2017.jpg,
8560,René Adler,keeper,success,René Adler,https://upload.wikimedia.org/wikipedia/commons/thumb/3/3a/Ren%C3%A9_Adler_2022_%28cropped%29.jpg/500px-Ren%C3%A9_Adler_2022_%28cropped%29.jpg,
8517,Ralf Fährmann,keeper,success,Ralf Fährmann,https://upload.wikimedia.org/wikipedia/commons/thumb/f/f5/2018-08-17_1._FC_Schweinfurt_05_vs._FC_Schalke_04_%28DFB-Pokal%29_by_Sandro_Halank%E2%80%93069.jpg/500px-2018-08-17_1._FC_Schweinfurt_05_vs._FC_Schalke_04_%28DFB-Pokal%29_by_Sandro_Halank%E2%80%93069.jpg,
24040,Cristian Darío Álvarez,keeper,success,"Cristian Álvarez (footballer, born 1985)",https://upload.wikimedia.org/wikipedia/commons/thumb/9/93/CristianAlvarez.JPG/500px-CristianAlvarez.JPG,
4259,Stéphane Ruffier,keeper,success,Stéphane Ruffier,https://upload.wikimedia.org/wikipedia/commons/thumb/a/ab/St%C3%A9phane_Ruffier_%2803-08-2011%29.jpg/500px-St%C3%A9phane_Ruffier_%2803-08-2011%29.jpg,
26753,Javier Varas Herrera,keeper,success,Javi Varas,https://upload.wikimedia.org/wikipedia/commons/thumb/2/2d/Javi_Varas_-_01.JPG/500px-Javi_Varas_-_01.JPG,
3537,Jack Butland,keeper,success,Jack Butland,https://upload.wikimedia.org/wikipedia/commons/thumb/6/69/Butland_2018.jpg/500px-Butland_2018.jpg,
3539,Simon Mignolet,keeper,success,Simon Mignolet,https://upload.wikimedia.org/wikipedia/commons/thumb/4/4b/Simon_Mignolet_2018.jpg/500px-Simon_Mignolet_2018.jpg,
3711,Martin Dúbravka,keeper,success,Martin Dúbravka,https://upload.wikimedia.org/wikipedia/commons/4/41/Martin_Dubravka_2018.jpg,
36553,Matthieu Dreyer,keeper,success,Matthieu Dreyer,https://upload.wikimedia.org/wikipedia/commons/thumb/0/0c/Matthieu_Dreyer_%28cropped%29.jpg/500px-Matthieu_Dreyer_%28cropped%29.jpg,
25946,Andrés Palop Cervera,keeper,success,Andrés Palop,https://upload.wikimedia.org/wikipedia/commons/thumb/2/22/AndresPalop.jpg/500px-AndresPalop.jpg,
12608,Bradley Guzan,keeper,success,Brad Guzan,https://upload.wikimedia.org/wikipedia/commons/thumb/1/13/ATLUTD_20240331_ATLvsCHI_MM1_0825_%28cropped%29.jpg/500px-ATLUTD_20240331_ATLvsCHI_MM1_0825_%28cropped%29.jpg,
25917,César Sánchez Domínguez,keeper,success,César Sánchez,https://upload.wikimedia.org/wikipedia/commons/thumb/f/fa/Cesar_Sanchez_VCF.jpg/500px-Cesar_Sanchez_VCF.jpg,
26005,José Manuel Pinto Colorado,keeper,success,José Manuel Pinto,https://upload.wikimedia.org/wikipedia/commons/thumb/f/f7/2012_2013_-_13_Pinto_%28cropped%29.jpg/500px-2012_2013_-_13_Pinto_%28cropped%29.jpg,
6662,Iago Herrerín Buisán,keeper,success,Iago Herrerín,https://upload.wikimedia.org/wikipedia/commons/8/81/Iago_Herrerin_%28cropped%29.jpg,
6629,Fernando Pacheco Flores,keeper,success,Fernando Pacheco,https://upload.wikimedia.org/wikipedia/commons/thumb/e/ec/Fernando_Pacheco.jpg/500px-Fernando_Pacheco.jpg,
6654,Antonio Adán Garrido,keeper,success,Antonio Adán,https://upload.wikimedia.org/wikipedia/commons/thumb/d/d1/%D8%A2%D8%AF%D8%A7%D9%86_%D8%B3%D8%A7%D9%84_2025_%D8%AF%D8%B1_%D8%A7%D8%B3%D8%AA%D9%82%D9%84%D8%A7%D9%84%D9%84.jpg/500px-%D8%A2%D8%AF%D8%A7%D9%86_%D8%B3%D8%A7%D9%84_2025_%D8%AF%D8%B1_%D8%A7%D8%B3%D8%AA%D9%82%D9%84%D8%A7%D9%84%D9%84.jpg,
11537,Alberto García Cabrera,keeper,success,Alberto García (Spanish footballer),https://upload.wikimedia.org/wikipedia/commons/thumb/9/92/AlbertoGarcia.jpg/500px-AlbertoGarcia.jpg,
386510,Massimo Zenildo Zappino,keeper,success,Massimo Zappino,https://upload.wikimedia.org/wikipedia/commons/thumb/c/c8/Massimo_zappino-frosinone.png/500px-Massimo_zappino-frosinone.png,
8393,Oliver Baumann,keeper,success,Oliver Baumann,https://upload.wikimedia.org/wikipedia/commons/thumb/b/b8/OliverBaumann_%28cropped%29.jpg/500px-OliverBaumann_%28cropped%29.jpg,
10483,Ørjan Håskjold Nyland,keeper,success,Ørjan Nyland,https://upload.wikimedia.org/wikipedia/commons/thumb/2/22/Norway_Italy_-_June_2025_A_10_%28cropped%29.jpg/500px-Norway_Italy_-_June_2025_A_10_%28cropped%29.jpg,
9539,Vito Mannone,keeper,success,Vito Mannone,https://upload.wikimedia.org/wikipedia/commons/thumb/9/98/Mannone_asselosc_2425_%28cropped%29.jpg/500px-Mannone_asselosc_2425_%28cropped%29.jpg,
6571,Roberto Jiménez Gago,keeper,success,"Roberto Jiménez (footballer, born 1986)",https://upload.wikimedia.org/wikipedia/commons/thumb/3/3e/Hertha_BSC_vs._West_Ham_United_20190731_%28154%29.jpg/500px-Hertha_BSC_vs._West_Ham_United_20190731_%28154%29.jpg,
13614,Francesco Bardi,keeper,success,Francesco Bardi,https://upload.wikimedia.org/wikipedia/commons/f/f7/Francesco_bardi_frosinone.jpg,
6312,Franco Armani,keeper,success,Franco Armani,https://upload.wikimedia.org/wikipedia/commons/thumb/d/de/Franco_Armani_2018.jpg/500px-Franco_Armani_2018.jpg,
5636,Jaime Manuel Penedo Cano,keeper,success,Jaime Penedo,https://upload.wikimedia.org/wikipedia/commons/b/b7/PAN-TUN_%2823%29_%28cropped%29.jpg,
5454,Francis Odinaka Uzoho,keeper,success,Francis Uzoho,https://upload.wikimedia.org/wikipedia/commons/thumb/8/8d/Uzoho2022.jpg/500px-Uzoho2022.jpg,
6292,Essam Kamal Tawfik El Hadary,keeper,no_image,Zamalek SC,,Page exists but has no infobox image
26221,Gustavo Adolfo Munúa Vera,keeper,success,Gustavo Munúa,https://upload.wikimedia.org/wikipedia/commons/thumb/3/3b/Gustavo_Munua_2017.jpg/500px-Gustavo_Munua_2017.jpg,
6706,Francisco Casilla Cortés,keeper,success,Kiko Casilla,https://upload.wikimedia.org/wikipedia/commons/f/f7/Kiko_Casilla_2015_%28cropped%29.jpg,
18672,Mark Bunn,keeper,not_a_footballer,Mark Bunn,,Categories: Category:All article disambiguation pages | Category:All disambiguation pages | Category:Human name disambiguation pages | Category:Short description is different from Wikidata
5577,Francisco Guillermo Ochoa Magaña,keeper,success,Guillermo Ochoa,https://upload.wikimedia.org/wikipedia/commons/thumb/2/2f/Mex-Kor_%281%29_%28cropped%29.jpg/500px-Mex-Kor_%281%29_%28cropped%29.jpg,
20446,Shay Given,keeper,success,Shay Given,https://upload.wikimedia.org/wikipedia/commons/thumb/a/a4/Shay_Given.jpg/500px-Shay_Given.jpg,
21397,Stole Dimitrievski,keeper,success,Stole Dimitrievski,https://upload.wikimedia.org/wikipedia/commons/7/7d/Real_Valladolid_-_Rayo_Vallecano_2019-01-05_51_%28cropped%29.jpg,
20662,Alexander Nübel,keeper,success,Alexander Nübel,https://upload.wikimedia.org/wikipedia/commons/thumb/0/0f/Alexander_nuebel.jpg/500px-Alexander_nuebel.jpg,
16309,Joel Robles Blázquez,keeper,success,Joel Robles,https://upload.wikimedia.org/wikipedia/commons/thumb/2/2d/Joel_Robles_2014.jpg/500px-Joel_Robles_2014.jpg,
182573,Ibrahim Kone,keeper,not_a_footballer,Ibrahima Koné,,Categories: Category:All article disambiguation pages | Category:All disambiguation pages | Category:Human name disambiguation pages | Category:Short description is different from Wikidata
104179,Orlando Mosquera,keeper,success,Orlando Mosquera,https://upload.wikimedia.org/wikipedia/commons/thumb/f/f7/Partido_Galicia_-_Panam%C3%A1_en_Bala%C3%ADdos_160_%28Orlando_Mosquera%29.jpg/500px-Partido_Galicia_-_Panam%C3%A1_en_Bala%C3%ADdos_160_%28Orlando_Mosquera%29.jpg,
161718,Ivane Carminio Francisco Urrubal,keeper,no_image,Ivane Urrubal,,Page exists but has no infobox image
6755,Sergio Asenjo Andrés,keeper,no_image,Sergio Asenjo,,Page exists but has no infobox image
6823,Sergio Rico González,keeper,success,Sergio Rico,https://upload.wikimedia.org/wikipedia/commons/2/27/Sergio_Rico.jpg,
6991,Etrit Berisha,keeper,success,Etrit Berisha,https://upload.wikimedia.org/wikipedia/commons/d/d1/Etrit_Berisha.png,
9095,Manuel Riemann,keeper,success,Manuel Riemann,https://upload.wikimedia.org/wikipedia/commons/thumb/7/75/ManuelRiemann.jpg/500px-ManuelRiemann.jpg,
7641,Johann Carrasso,keeper,success,Johann Carrasso,https://upload.wikimedia.org/wikipedia/commons/thumb/c/c1/Johann_Carrasso_2011.JPG/500px-Johann_Carrasso_2011.JPG,
7905,Raúl Lizoáin Cruz,keeper,success,Raúl Lizoain,https://upload.wikimedia.org/wikipedia/commons/4/4e/RS_-_UDLP_._%2823715532881%29_%28cropped%29.jpg,
3240,Mathew Ryan,keeper,success,Mathew Ryan,https://upload.wikimedia.org/wikipedia/commons/thumb/1/18/Ryan_rcl_asse_2425.png/500px-Ryan_rcl_asse_2425.png,
2963,Rémy Vercoutre,keeper,success,Rémy Vercoutre,https://upload.wikimedia.org/wikipedia/commons/thumb/f/f4/SM_Caen_vs_UNFP%2C_July_30th_2016_-_R%C3%A9my_Vercoutre_1.jpg/500px-SM_Caen_vs_UNFP%2C_July_30th_2016_-_R%C3%A9my_Vercoutre_1.jpg,
3339,Asmir Begović,keeper,success,Asmir Begović,https://upload.wikimedia.org/wikipedia/commons/thumb/a/a7/20150331_2026_AUT_BIH_2176.jpg/500px-20150331_2026_AUT_BIH_2176.jpg,
3262,Łukasz Fabiański,keeper,success,Łukasz Fabiański,https://upload.wikimedia.org/wikipedia/commons/thumb/7/7f/%C5%81ukasz_Fabia%C5%84ski%2C_2021_%28cropped%29.jpeg/500px-%C5%81ukasz_Fabia%C5%84ski%2C_2021_%28cropped%29.jpeg,
102992,Djigui Diarra,keeper,no_image,Djigui Diarra,,Page exists but has no infobox image
3379,Alphonse Areola,keeper,success,Alphonse Areola,https://upload.wikimedia.org/wikipedia/commons/thumb/2/2c/2019-07-17_SG_Dynamo_Dresden_vs._Paris_Saint-Germain_by_Sandro_Halank%E2%80%93011_%28cropped%29.jpg/500px-2019-07-17_SG_Dynamo_Dresden_vs._Paris_Saint-Germain_by_Sandro_Halank%E2%80%93011_%28cropped%29.jpg,
34953,Denis Petrić,keeper,success,Denis Petrić,https://upload.wikimedia.org/wikipedia/commons/thumb/b/b4/Petric_ASSE_RCL_2425.jpg/500px-Petric_ASSE_RCL_2425.jpg,
30767,Gabriel Vasconelos Ferreira,keeper,no_search_results,,,Wikipedia returned 0 results
5205,Rui Pedro dos Santos Patrício,keeper,success,Rui Patrício,https://upload.wikimedia.org/wikipedia/commons/thumb/f/fb/Rui_Patr%C3%ADcio_2018.jpg/500px-Rui_Patr%C3%ADcio_2018.jpg,
3488,Wayne Hennessey,keeper,success,Wayne Hennessey,https://upload.wikimedia.org/wikipedia/commons/thumb/b/bb/AUT_vs._WAL_2016-10-06_%28108%29.jpg/500px-AUT_vs._WAL_2016-10-06_%28108%29.jpg,
40533,Cédric Carrasso,keeper,success,Cédric Carrasso,https://upload.wikimedia.org/wikipedia/commons/thumb/4/4d/Carrasso_2.jpg/500px-Carrasso_2.jpg,
40529,Morgan De Sanctis,keeper,success,Morgan De Sanctis,https://upload.wikimedia.org/wikipedia/commons/thumb/0/04/Morgan_De_Sanctis_2012.jpg/500px-Morgan_De_Sanctis_2012.jpg,
40484,Vincent Enyeama,keeper,success,Vincent Enyeama,https://upload.wikimedia.org/wikipedia/commons/4/46/Krasnodar-Lille_%2821%29.jpg,
36951,Babacar Niasse,keeper,no_image,Babacar Niasse,,Page exists but has no infobox image
29003,Jonas Omlin,keeper,success,Jonas Omlin,https://upload.wikimedia.org/wikipedia/commons/thumb/a/af/Jonas_Omlin_2019.jpg/500px-Jonas_Omlin_2019.jpg,
4509,Jérôme Prior,keeper,success,Jérôme Prior,https://upload.wikimedia.org/wikipedia/commons/thumb/7/74/Valenciennes_-_Lens_%2829-11-2019%29_45.jpg/500px-Valenciennes_-_Lens_%2829-11-2019%29_45.jpg,
5619,Hyeon-Woo Jo,keeper,success,Jo Hyeon-woo,https://upload.wikimedia.org/wikipedia/commons/2/26/Jo_Hyeon-woo.jpg,
62016,Rodrigo Mario Morínigo Acosta,keeper,no_image,Rodrigo Morínigo,,Page exists but has no infobox image
41381,Anthony Louis Mandréa,keeper,success,Anthony Mandrea,https://upload.wikimedia.org/wikipedia/commons/thumb/7/77/Joueurs_du_Stade_Malherbe_Caen_10_ao%C3%BBt_2024_%28Mandrea%29.jpg/500px-Joueurs_du_Stade_Malherbe_Caen_10_ao%C3%BBt_2024_%28Mandrea%29.jpg,
57655,Željko Brkić,keeper,success,Željko Brkić,https://upload.wikimedia.org/wikipedia/commons/7/73/%C5%BDeljko_Brki%C4%87.png,
40645,Laurent Pionnier,keeper,success,Laurent Pionnier,https://upload.wikimedia.org/wikipedia/commons/thumb/e/eb/Laurent_Pionnier.JPG/500px-Laurent_Pionnier.JPG,
41067,Davide Bassi,keeper,no_image,Davide Bassi,,Page exists but has no infobox image
6692,Oier Olazábal Paredes,keeper,success,Oier Olazábal,https://upload.wikimedia.org/wikipedia/commons/2/20/Oier_%2820742580289%29_%28cropped%29.jpg,
11508,Łukasz Skorupski,keeper,success,Łukasz Skorupski,https://upload.wikimedia.org/wikipedia/commons/9/97/Lukaszskorupski.jpg,
11302,Jordi Masip López,keeper,success,Jordi Masip,https://upload.wikimedia.org/wikipedia/commons/b/b5/Real_Valladolid-Valencia_CF%2C_2019-05-18_%28103%29_%28cropped%29.jpg,
11179,Iker Casillas Fernández,keeper,success,Iker Casillas,https://upload.wikimedia.org/wikipedia/commons/thumb/c/c8/Iker-Casillas-SportsTrade-2021-cropped.jpg/500px-Iker-Casillas-SportsTrade-2021-cropped.jpg,
12319,Ramazan Özcan,keeper,success,Ramazan Özcan,https://upload.wikimedia.org/wikipedia/commons/thumb/8/83/AUT_vs._TUR_2016-03-29_%28146%29.jpg/500px-AUT_vs._TUR_2016-03-29_%28146%29.jpg,
3291,Joe Hart,keeper,success,Joe Hart,https://upload.wikimedia.org/wikipedia/commons/4/41/Joe_Hart_69775.jpg,
226523,Jahmali Waite,keeper,no_image,Jahmali Waite,,Page exists but has no infobox image
397802,Jan Jongbloed,keeper,success,Jan Jongbloed,https://upload.wikimedia.org/wikipedia/commons/thumb/3/3e/Jan_Jongbloed_1978.jpg/500px-Jan_Jongbloed_1978.jpg,
136064,Ernan Alberto Siluane,keeper,no_image,Ernan Siluane,,Page exists but has no infobox image
398823,Eike Immel,keeper,success,Eike Immel,https://upload.wikimedia.org/wikipedia/commons/thumb/b/bf/5839_Eike_Immel.JPG/500px-5839_Eike_Immel.JPG,
401501,David Yelldell,keeper,success,David Yelldell,https://upload.wikimedia.org/wikipedia/commons/thumb/5/53/David_Yelldell_2011_2.jpg/500px-David_Yelldell_2011_2.jpg,
7069,Miguel Ángel Moyà Rumbo,keeper,success,Miguel Ángel Moyá,https://upload.wikimedia.org/wikipedia/commons/thumb/c/c5/Miguel_%C3%81ngel_Moy%C3%A0_Rumbo.jpg/500px-Miguel_%C3%81ngel_Moy%C3%A0_Rumbo.jpg,
397972,Viktor Chanov,keeper,no_image,Viktor Chanov,,Page exists but has no infobox image
2981,Alban Lafont,keeper,success,Alban Lafont,https://upload.wikimedia.org/wikipedia/commons/thumb/d/dc/Alban_Lafont_%282018-04-21%29_1.jpg/500px-Alban_Lafont_%282018-04-21%29_1.jpg,
3419,Jessy Moulin,keeper,success,Jessy Moulin,https://upload.wikimedia.org/wikipedia/commons/thumb/f/f2/Jessy_Moulin_MHSC_vs_Saint%C3%A9.jpg/500px-Jessy_Moulin_MHSC_vs_Saint%C3%A9.jpg,
124496,Saad Abdullah Al Sheeb,keeper,success,Saad Al-Sheeb,https://upload.wikimedia.org/wikipedia/commons/9/92/Saad_Al_Sheeb.jpg,
10332,Odisseas Vlachodimos,keeper,success,Odysseas Vlachodimos,https://upload.wikimedia.org/wikipedia/commons/thumb/8/85/Odisseas_vlachodimos.jpg/500px-Odisseas_vlachodimos.jpg,
9887,Rafael de Andrade Bittencourt Pinheiro,keeper,no_image,"Rafael (footballer, born March 1982)",,Page exists but has no infobox image
9879,Jon Ander Serantes Simon,keeper,success,Jon Ander Serantes,https://upload.wikimedia.org/wikipedia/commons/f/f2/JonAnderSerantes%28cropped%29.jpg,
9747,Axel Werner,keeper,success,Axel Werner,https://upload.wikimedia.org/wikipedia/commons/thumb/0/0e/Loko-AM2018_tren_%289%29.jpg/500px-Loko-AM2018_tren_%289%29.jpg,
9205,Kevin Müller,keeper,not_a_footballer,Kevin Müller,,Categories: Category:All article disambiguation pages | Category:All disambiguation pages | Category:Human name disambiguation pages | Category:Short description is different from Wikidata
6795,Rubén Blanco Veiga,keeper,no_image,Rubén Blanco,,Page exists but has no infobox image
7123,Gianluca Pegolo,keeper,no_image,Gianluca Pegolo,,Page exists but has no infobox image
7148,Mattia Perin,keeper,success,Mattia Perin,https://upload.wikimedia.org/wikipedia/commons/thumb/e/e8/Mattia_Perin_2016.jpg/500px-Mattia_Perin_2016.jpg,
7804,Alberto Brignoli,keeper,success,Alberto Brignoli,https://upload.wikimedia.org/wikipedia/commons/thumb/3/3a/Benevento_-_Milan_%28brignoli%29.jpg/500px-Benevento_-_Milan_%28brignoli%29.jpg,
7517,Gauthier Gallon,keeper,success,Gauthier Gallon,https://upload.wikimedia.org/wikipedia/commons/thumb/2/26/Gallon_asse_srfc_2425.png/500px-Gallon_asse_srfc_2425.png,
7469,Salvatore Sirigu,keeper,success,Salvatore Sirigu,https://upload.wikimedia.org/wikipedia/commons/8/8a/20150616_-_Portugal_-_Italie_-_Gen%C3%A8ve_-_Salvatore_Sirigu_1_%28cropped%29.jpg,
8108,Lawrence Ati-Zigi,keeper,success,Lawrence Ati-Zigi,https://upload.wikimedia.org/wikipedia/commons/thumb/9/93/FC_Red_Bull_Salzburg_gegen_SK_Rapid_Wien_%2813._Mai_2017%29_34.jpg/500px-FC_Red_Bull_Salzburg_gegen_SK_Rapid_Wien_%2813._Mai_2017%29_34.jpg,
8240,Koen Casteels,keeper,success,Koen Casteels,https://upload.wikimedia.org/wikipedia/commons/thumb/5/5e/FC_Salzburg_gegen_VfL_Wolfsburg_%28CL-Gruppenphase_20._Oktober_2021%29_75.jpg/500px-FC_Salzburg_gegen_VfL_Wolfsburg_%28CL-Gruppenphase_20._Oktober_2021%29_75.jpg,
8208,Sven Ulreich,keeper,success,Sven Ulreich,https://upload.wikimedia.org/wikipedia/commons/thumb/a/a7/2022_Sven_Ulreich_%28cropped%29.jpg/500px-2022_Sven_Ulreich_%28cropped%29.jpg,
8524,Péter Gulácsi,keeper,success,Péter Gulácsi,https://upload.wikimedia.org/wikipedia/commons/thumb/d/d7/2020-03-10_Fu%C3%9Fball%2C_M%C3%A4nner%2C_UEFA_Champions_League_Achtelfinale%2C_RB_Leipzig_-_Tottenham_Hotspur_1DX_3666_by_Stepro.jpg/500px-2020-03-10_Fu%C3%9Fball%2C_M%C3%A4nner%2C_UEFA_Champions_League_Achtelfinale%2C_RB_Leipzig_-_Tottenham_Hotspur_1DX_3666_by_Stepro.jpg,
8652,Jasper Cillessen,keeper,success,Jasper Cillessen,https://upload.wikimedia.org/wikipedia/commons/thumb/d/d1/GAE_-_NEC_-_53493777654_%28Jasper_Cillessen%29.jpg/500px-GAE_-_NEC_-_53493777654_%28Jasper_Cillessen%29.jpg,
7515,Jules Goda,keeper,no_image,Jules Goda,,Page exists but has no infobox image
125324,Lloyd Junior Kazapua,keeper,no_image,Lloyd Kazapua,,Page exists but has no infobox image
20201,Maarten Stekelenburg,keeper,success,Maarten Stekelenburg,https://upload.wikimedia.org/wikipedia/commons/thumb/0/03/GAE_-_Ajax_-_52788476880_%28Maarten_Stekelenburg%29.jpg/500px-GAE_-_Ajax_-_52788476880_%28Maarten_Stekelenburg%29.jpg,
21532,Daniel Bachmann,keeper,success,Daniel Bachmann,https://upload.wikimedia.org/wikipedia/commons/thumb/3/3b/Austria_national_under-21_football_team_-_Teamcamp_October_2015_%2885%29.jpg/500px-Austria_national_under-21_football_team_-_Teamcamp_October_2015_%2885%29.jpg,
22125,Arthur Desmas,keeper,no_image,Arthur Desmas,,Page exists but has no infobox image
6722,David Soria Solís,keeper,success,David Soria,https://upload.wikimedia.org/wikipedia/commons/9/9e/05-05-2016_-_Sevilla_FC_-_FC_Shakhtar_Donetsk_-_3-1_%2826235556264%29_%28cropped%29.jpg,
19761,Ricardo Alexandre Martins Soares Pereira,keeper,success,"Ricardo (footballer, born 1976)",https://upload.wikimedia.org/wikipedia/commons/thumb/4/4b/Ricardo_Pereira_era_o_br%C3%B3colo_d%27A_M%C3%A1scara_J%C3%BAlia_-_YouTube_-_0-0-46_%28cropped%29.jpg/500px-Ricardo_Pereira_era_o_br%C3%B3colo_d%27A_M%C3%A1scara_J%C3%BAlia_-_YouTube_-_0-0-46_%28cropped%29.jpg,
20066,Darren Randolph,keeper,success,Darren Randolph,https://upload.wikimedia.org/wikipedia/commons/thumb/e/ec/DarrenRandolph2022.jpeg/500px-DarrenRandolph2022.jpeg,
6698,Marko Dmitrović,keeper,success,Marko Dmitrović,https://upload.wikimedia.org/wikipedia/commons/3/36/CSC_0047_%2835151419544%29_%28cropped%29.jpg,
12352,Matthew Charles Turner,keeper,success,Matt Turner (soccer),https://upload.wikimedia.org/wikipedia/commons/thumb/7/74/Matt_Turner_Red_Bulls_Revolution-34_%28cropped%29.jpg/500px-Matt_Turner_Red_Bulls_Revolution-34_%28cropped%29.jpg,
23344,Aitor Fernández Abarisketa,keeper,success,"Aitor Fernández (footballer, born 1991)",https://upload.wikimedia.org/wikipedia/commons/thumb/4/4a/Aitor_nFernandez_1.jpg/500px-Aitor_nFernandez_1.jpg,
20256,Grégory Coupet,keeper,success,Grégory Coupet,https://upload.wikimedia.org/wikipedia/commons/thumb/a/a1/Lens_-_Dijon_%2815-08-2020%29_22.jpg/500px-Lens_-_Dijon_%2815-08-2020%29_22.jpg,
20145,Thomas Løvendahl Sørensen,keeper,success,Thomas Sørensen,https://upload.wikimedia.org/wikipedia/commons/e/e8/S%C3%B8rensen%2C_Thomas.jpg,
11541,Tomáš Vaclík,keeper,success,Tomáš Vaclík,https://upload.wikimedia.org/wikipedia/commons/thumb/9/90/Tom%C3%A1%C5%A1_Vacl%C3%ADk.jpg/500px-Tom%C3%A1%C5%A1_Vacl%C3%ADk.jpg,
12475,Angelo Esmael da Costa Júnior,keeper,success,Angelo da Costa,https://upload.wikimedia.org/wikipedia/commons/thumb/a/aa/A._Da_Costa.jpg/500px-A._Da_Costa.jpg,
12420,Frederik Rønnow,keeper,success,Frederik Rønnow,https://upload.wikimedia.org/wikipedia/commons/thumb/8/80/FrederikR%C3%B6nnow.jpg/500px-FrederikR%C3%B6nnow.jpg,
26219,Timo Hildebrand,keeper,success,Timo Hildebrand,https://upload.wikimedia.org/wikipedia/commons/thumb/3/32/Timo_Hildebrand_%E2%80%93_Tag_der_Legenden_2016_02.jpg/500px-Timo_Hildebrand_%E2%80%93_Tag_der_Legenden_2016_02.jpg,
26084,Iñaki Lafuente Sancha,keeper,no_image,Iñaki Lafuente,,Page exists but has no infobox image
25953,Armando Riveiro de Aguilar Malda,keeper,no_search_results,,,Wikipedia returned 0 results
25974,Franco Costanzo,keeper,success,Franco Costanzo,https://upload.wikimedia.org/wikipedia/commons/8/8c/Franco_Costanzo_5875.jpg,
25430,Felipe Melo de Carvalho,keeper,success,Felipe Melo,https://upload.wikimedia.org/wikipedia/commons/3/31/FelipeMeloFlu.png,
25858,Ricardo Sanzol Goñi,keeper,no_image,Ricardo Sanzol,,Page exists but has no infobox image
25881,Juan Antonio Rodríguez Villamuela,keeper,success,"Juan Rodríguez (footballer, born 1982)",https://upload.wikimedia.org/wikipedia/commons/d/d3/Juan_Antonio_Rodr%C3%ADguez_Villamuela.jpg,
25912,Ricardo López Felipe,keeper,success,"Ricardo (footballer, born 1971)",https://upload.wikimedia.org/wikipedia/commons/thumb/a/a9/Ricardo_in_2008_preseason_vs_Racing_%28cropped%29.JPG/500px-Ricardo_in_2008_preseason_vs_Racing_%28cropped%29.JPG,
6311,Lovre Kalinić,keeper,success,Lovre Kalinić,https://upload.wikimedia.org/wikipedia/commons/thumb/3/3b/Lovre_Kalini%C4%87_in_2018.jpg/500px-Lovre_Kalini%C4%87_in_2018.jpg,
5714,Mohammed Khalil Al Owais,keeper,success,Mohammed Al-Owais,https://upload.wikimedia.org/wikipedia/commons/thumb/b/bc/Mohammed_Al-Owais_2018.jpg/500px-Mohammed_Al-Owais_2018.jpg,
5653,Mouez Hassen,keeper,no_image,Mouez Hassen,,Page exists but has no infobox image
23198,Michael Zetterer,keeper,success,Michael Zetterer,https://upload.wikimedia.org/wikipedia/commons/thumb/3/3e/FC_Liefering_gegen_SK_Austria_Klagenfurt_%281._Juni_2019%29_39.jpg/500px-FC_Liefering_gegen_SK_Austria_Klagenfurt_%281._Juni_2019%29_39.jpg,
5528,Pedro David Gallese Quiróz,keeper,success,Pedro Gallese,https://upload.wikimedia.org/wikipedia/commons/thumb/6/63/Palestino_-_Alianza_Lima_20190204_01.jpg/500px-Palestino_-_Alianza_Lima_20190204_01.jpg,
5498,Hannes Þór Halldórsson,keeper,success,Hannes Þór Halldórsson,https://upload.wikimedia.org/wikipedia/commons/b/ba/Hannes_%C3%9E%C3%B3r_Halld%C3%B3rsson_2018_%28cropped%29.jpg,
24888,Adam Federici,keeper,success,Adam Federici,https://upload.wikimedia.org/wikipedia/commons/thumb/e/e5/AdamFederici.jpg/500px-AdamFederici.jpg,
5648,Farouk Ben Mustapha,keeper,success,Farouk Ben Mustapha,https://upload.wikimedia.org/wikipedia/commons/9/94/Farouk_Ben_Mustapha.jpg,
22243,Heorhii Bushchan,keeper,not_a_footballer,List of Ukrainian football transfers summer 2025,,Categories: Category:2025–26 in Ukrainian football | Category:Articles with Ukrainian-language sources (uk) | Category:Articles with short description | Category:CS1 Bulgarian-language sources (bg) | Category:CS1
22379,Angus Gunn,keeper,success,Angus Gunn,https://upload.wikimedia.org/wikipedia/commons/7/70/Angus.gunn.jpg,
22130,Mauro Daniel Goicoechea Furia,keeper,success,Mauro Goicoechea,https://upload.wikimedia.org/wikipedia/commons/e/ec/Mauro_Goicoechea.jpg,
23815,Casto Espinosa Barriga,keeper,success,Casto (footballer),https://upload.wikimedia.org/wikipedia/commons/thumb/2/2a/Casto_2011_001.jpg/500px-Casto_2011_001.jpg,
23499,Jaroslav Drobný,keeper,not_a_footballer,Jaroslav Drobný,,Categories: Category:1921 births | Category:2001 deaths | Category:20th-century Egyptian sportsmen | Category:All articles with unsourced statements | Category:Articles with short description | Category:Articles 
3980,Johny Placide,keeper,success,Johny Placide,https://upload.wikimedia.org/wikipedia/commons/thumb/5/55/Johny_Placide_in_Tsarsko_selo.jpg/500px-Johny_Placide_in_Tsarsko_selo.jpg,
30357,Uğurcan Çakır,keeper,success,Uğurcan Çakır,https://upload.wikimedia.org/wikipedia/commons/thumb/0/0b/U%C4%9Furcan_%C3%87ak%C4%B1r_-_beIN-Sports-Reklam_%282021%29_%28cropped%29.png/500px-U%C4%9Furcan_%C3%87ak%C4%B1r_-_beIN-Sports-Reklam_%282021%29_%28cropped%29.png,
29198,Jeremías Ledesma,keeper,success,Conan Ledesma,https://upload.wikimedia.org/wikipedia/commons/thumb/b/b3/Universidad_Cat%C3%B3lica_-_Rosario_Central_20190313_24.jpg/500px-Universidad_Cat%C3%B3lica_-_Rosario_Central_20190313_24.jpg,
4053,Ben Foster,keeper,not_a_footballer,Ben Foster (actor),,Categories: Category:1980 births | Category:20th-century American male actors | Category:21st-century American Jews | Category:21st-century American male actors | Category:All Wikipedia articles written in Americ
27240,Jesús Fernández Collado,keeper,success,"Jesús Fernández (footballer, born 1988)",https://upload.wikimedia.org/wikipedia/commons/thumb/1/13/Jes%C3%BAs_Fdez_%28cropped%29.jpg/500px-Jes%C3%BAs_Fdez_%28cropped%29.jpg,
27517,Jaime Jiménez Merlo,keeper,no_image,Jaime Jiménez,,Page exists but has no infobox image
26438,David Cobeño Iglesias,keeper,success,David Cobeño,https://upload.wikimedia.org/wikipedia/commons/8/84/David_Cobe%C3%B1o.jpg,
26786,Mario Fernández Cuesta,keeper,no_image,"Mario Fernández (footballer, born 1988)",,Page exists but has no infobox image
27111,António Alberto Bastos Pimparel,keeper,success,"Beto (footballer, born 1982)",https://upload.wikimedia.org/wikipedia/commons/b/b6/Mex-por-109_%281cropped%29.jpg,
26452,Pedro Gonzalez Contreras Cano,keeper,not_a_footballer,List of Major League Baseball players from the Dominican Republic,,Categories: Category:Articles with short description | Category:Lists of Major League Baseball players by national origin | Category:Major League Baseball players from the Dominican Republic | Category:Short desc
26460,Francesc Arnau,keeper,success,Francesc Arnau,https://upload.wikimedia.org/wikipedia/commons/b/be/Genera%C8%9Bia_de_Aur_vs_Barcelona_Legends_%280-2%29_2018_Sports_Festival_-_meciul_amintirilor._%2852809838847%29_%28cropped%29_2.jpg,
37274,Bart Verbruggen,keeper,success,Bart Verbruggen,https://upload.wikimedia.org/wikipedia/commons/c/cd/Bart_Verbruggen.png,
36949,Julio José González Vela-Alvizu,keeper,success,"Julio González (footballer, born 1991)",https://upload.wikimedia.org/wikipedia/commons/thumb/7/70/Julio.jpg/500px-Julio.jpg,
32185,Alejandro Remiro Gargallo,keeper,success,Álex Remiro,https://upload.wikimedia.org/wikipedia/commons/thumb/3/3f/Alex_Remiro.jpg/500px-Alex_Remiro.jpg,
34315,Simone Colombi,keeper,success,Simone Colombi,https://upload.wikimedia.org/wikipedia/commons/2/28/Simone_Colombi.jpg,
31904,Giedrius Arlauskis,keeper,success,Giedrius Arlauskis,https://upload.wikimedia.org/wikipedia/commons/thumb/a/a9/Watford_v_Norwich_%287%29.jpg/500px-Watford_v_Norwich_%287%29.jpg,
5227,Alireza Safar Beiranvand,keeper,success,Alireza Beiranvand,https://upload.wikimedia.org/wikipedia/commons/a/aa/Alireza_Beiranvand_14021113000490638424849868670974_66487.jpg,
30830,Luca Lezzerini,keeper,no_image,Luca Lezzerini,,Page exists but has no infobox image
31437,Andreas Hirzel,keeper,no_image,Andreas Hirzel,,Page exists but has no infobox image
4547,Ludovic Butelle,keeper,success,Ludovic Butelle,https://upload.wikimedia.org/wikipedia/commons/thumb/f/f0/Butelle_asse_sr_2425.png/500px-Butelle_asse_sr_2425.png,
4600,Diego Orlando Benaglio,keeper,success,Diego Benaglio,https://upload.wikimedia.org/wikipedia/commons/a/ad/Diego_Benaglio_%282021%29.jpg,
28357,Thomas Vincensini,keeper,success,Thomas Vincensini,https://upload.wikimedia.org/wikipedia/commons/thumb/7/7d/RC_Lens_-_Valenciennes_FC_%2812-04-2019%29_16.jpg/500px-RC_Lens_-_Valenciennes_FC_%2812-04-2019%29_16.jpg,
28040,Jindřich Staněk,keeper,success,Jindřich Staněk,https://upload.wikimedia.org/wikipedia/commons/thumb/f/fd/Jind%C5%99ich_Stan%C4%9Bk_brank%C3%A1%C5%99_FK_Viktorie_Plze%C5%88_%28r._2023%29_%28cropped%29.jpg/500px-Jind%C5%99ich_Stan%C4%9Bk_brank%C3%A1%C5%99_FK_Viktorie_Plze%C5%88_%28r._2023%29_%28cropped%29.jpg,
38616,Sepp Maier,keeper,success,Sepp Maier,https://upload.wikimedia.org/wikipedia/commons/thumb/5/51/6137Sepp_Maier_Torwart-Legende.JPG/500px-6137Sepp_Maier_Torwart-Legende.JPG,
37641,Seung-Gyu Kim,keeper,success,Kim Seung-gyu,https://upload.wikimedia.org/wikipedia/commons/thumb/8/89/Rus-SK2017_%2822%29.jpg/500px-Rus-SK2017_%2822%29.jpg,
38312,Eugenio Lamanna,keeper,success,Eugenio Lamanna,https://upload.wikimedia.org/wikipedia/commons/2/2a/Eugenio_Lamanna%2C_Bari_%282013%29.jpg,
37522,Hernán Ismael Galíndez,keeper,success,Hernán Galíndez,https://upload.wikimedia.org/wikipedia/commons/thumb/a/ab/HERN%C3%81N_GAL%C3%8DNDEZ.jpg/500px-HERN%C3%81N_GAL%C3%8DNDEZ.jpg,
3619,Alex McCarthy,keeper,success,Alex McCarthy,https://upload.wikimedia.org/wikipedia/commons/thumb/1/1b/Alex_McCarthy_22112025_%284%29.jpg/500px-Alex_McCarthy_22112025_%284%29.jpg,
40322,Mark Schwarzer,keeper,success,Mark Schwarzer,https://upload.wikimedia.org/wikipedia/commons/thumb/e/e5/Mark_Schwarzer.jpg/500px-Mark_Schwarzer.jpg,
40332,Alberto Pelagotti,keeper,no_image,Alberto Pelagotti,,Page exists but has no infobox image
3487,Julián Speroni,keeper,success,Julián Speroni,https://upload.wikimedia.org/wikipedia/commons/thumb/f/fc/Speroni.jpg/500px-Speroni.jpg,
40280,Richard Wright,keeper,not_a_footballer,Richard Wright (musician),,Categories: Category:1943 births | Category:2008 deaths | Category:20th-century English guitarists | Category:20th-century English male singers | Category:20th-century English pianists | Category:21st-century Eng
39825,Stefano Tacconi,keeper,success,Stefano Tacconi,https://upload.wikimedia.org/wikipedia/commons/9/90/Stefano_Tacconi.jpg,
40132,Paul Robinson,keeper,success,"Paul Robinson (footballer, born 1979)",https://upload.wikimedia.org/wikipedia/commons/0/0c/Robinson_%28cropped%29.jpg,
40236,Ian Walker,keeper,not_a_footballer,Ian Walker,,Categories: Category:All article disambiguation pages | Category:All disambiguation pages | Category:Human name disambiguation pages | Category:Short description is different from Wikidata
38403,Shaka Hislop,keeper,success,Shaka Hislop,https://upload.wikimedia.org/wikipedia/en/thumb/1/10/Shaka_Hislop_%28ESPN_Soccer_analyst%2C_former_Trinidad_%26_Tobago_goalkeeper%29_celebrates_the_one_year_mark_before_the_FIFA_World_Cup_matches_in_Boston_during_June_11%2C_2025_event_at_Nickerson_Field_at_Boston_University_%2854617742148-1%29.jpg/500px-thumbnail.jpg,
3649,Karl Darlow,keeper,success,Karl Darlow,https://upload.wikimedia.org/wikipedia/commons/thumb/d/d2/Karl_Darlow_13092025_%283%29.jpg/500px-Karl_Darlow_13092025_%283%29.jpg,
41185,Jakob Haugaard,keeper,success,Jakob Haugaard,https://upload.wikimedia.org/wikipedia/commons/thumb/3/36/Jakob_Haugaard.JPG/500px-Jakob_Haugaard.JPG,
41385,Ali Nadhoim Ahamada,keeper,not_a_footballer,Harimia Ahmed,,Categories: Category:20th-century women lawyers | Category:21st-century Comorian politicians | Category:21st-century Comorian women politicians | Category:21st-century women lawyers | Category:All articles with d
48502,Mory Diaw,keeper,success,Mory Diaw,https://upload.wikimedia.org/wikipedia/commons/thumb/6/67/Mory_Diaw_2015_%28cropped%29.jpg/500px-Mory_Diaw_2015_%28cropped%29.jpg,
42428,Jonathan Ligali,keeper,success,Jonathan Ligali,https://upload.wikimedia.org/wikipedia/commons/thumb/7/78/Ligali_2015_MHSC.jpg/500px-Ligali_2015_MHSC.jpg,
68757,Richard Ofori Antwi,keeper,not_a_footballer,Ofori,,Categories: Category:All set index articles | Category:Articles with short description | Category:Short description is different from Wikidata | Category:Surnames | Category:Surnames of Akan origin
97291,Patrick Gilmar Sequeira Mejías,keeper,success,Patrick Sequeira,https://upload.wikimedia.org/wikipedia/commons/thumb/5/55/Patrick_Sequeira_2017.jpg/500px-Patrick_Sequeira_2017.jpg,
